-- phpMyAdmin SQL Dump
-- version 4.2.12deb1
-- http://www.phpmyadmin.net
--
-- Client :  localhost
-- Généré le :  Ven 05 Février 2016 à 08:40
-- Version du serveur :  5.5.40-1
-- Version de PHP :  5.6.2-1

SET SQL_MODE = "NO_AUTO_VALUE_ON_ZERO";
SET time_zone = "+00:00";


/*!40101 SET @OLD_CHARACTER_SET_CLIENT=@@CHARACTER_SET_CLIENT */;
/*!40101 SET @OLD_CHARACTER_SET_RESULTS=@@CHARACTER_SET_RESULTS */;
/*!40101 SET @OLD_COLLATION_CONNECTION=@@COLLATION_CONNECTION */;
/*!40101 SET NAMES utf8 */;

--
-- Base de données :  `open-edt2015`
--

-- --------------------------------------------------------

--
-- Structure de la table `absence`
--

CREATE TABLE IF NOT EXISTS `absence` (
`id` bigint(20) NOT NULL,
  `datas_id` bigint(20) DEFAULT NULL
) ENGINE=InnoDB AUTO_INCREMENT=15529 DEFAULT CHARSET=latin1;

--
-- Contenu de la table `absence`
--

INSERT INTO `absence` (`id`, `datas_id`) VALUES
(4, 4),
(5, 5),
(8, 8),
(10, 10),
(11, 11),
(12, 12),
(13, 13),
(14, 14),
(15, 15),
(49, 49),
(51, 51),
(53, 53),
(54, 54),
(55, 55),
(56, 56),
(57, 57),
(80, 80),
(81, 81),
(82, 82),
(83, 83),
(84, 84),
(92, 92),
(94, 94),
(96, 96),
(97, 97),
(128, 128),
(156, 159),
(157, 160),
(158, 161),
(159, 162),
(160, 163),
(249, 252),
(257, 260),
(258, 262),
(259, 263),
(260, 264),
(261, 265),
(262, 266),
(263, 267),
(264, 268),
(265, 269),
(266, 270),
(267, 271),
(268, 272),
(269, 273),
(270, 274),
(271, 275),
(272, 276),
(279, 283),
(281, 285),
(284, 288),
(286, 292),
(287, 293),
(297, 304),
(298, 305),
(299, 306),
(310, 319),
(312, 323),
(334, 345),
(335, 346),
(367, 378),
(370, 381),
(373, 384),
(374, 385),
(375, 386),
(393, 404),
(396, 407),
(398, 409),
(400, 411),
(402, 413),
(411, 422),
(413, 424),
(415, 426),
(425, 437),
(426, 439),
(427, 440),
(428, 442),
(496, 510),
(545, 561),
(546, 562),
(547, 563),
(548, 564),
(550, 566),
(828, 848),
(829, 849),
(836, 856),
(837, 857),
(838, 858),
(849, 869),
(854, 874),
(855, 875),
(856, 876),
(857, 877),
(867, 887),
(868, 888),
(871, 891),
(872, 892),
(875, 896),
(877, 899),
(878, 901),
(899, 922),
(900, 923),
(902, 925),
(904, 927),
(905, 928),
(906, 929),
(910, 933),
(921, 944),
(930, 953),
(932, 955),
(951, 974),
(952, 975),
(976, 999),
(979, 1002),
(1021, 1048),
(1022, 1049),
(1023, 1050),
(1271, 1307),
(1272, 1308),
(1280, 1316),
(1281, 1317),
(1282, 1318),
(1283, 1319),
(1287, 1325),
(1288, 1326),
(1289, 1327),
(1290, 1328),
(1291, 1329),
(1301, 1339),
(1303, 1341),
(1306, 1344),
(1307, 1345),
(1310, 1348),
(1311, 1349),
(1312, 1350),
(1453, 1495),
(1454, 1496),
(1456, 1498),
(1457, 1499),
(1458, 1500),
(1459, 1501),
(1460, 1502),
(1461, 1503),
(1463, 1505),
(1465, 1507),
(1466, 1508),
(1473, 1516),
(1478, 1521),
(1479, 1522),
(1488, 1531),
(1494, 1537),
(1498, 1541),
(1504, 1548),
(1522, 1566),
(1523, 1567),
(1534, 1578),
(1535, 1579),
(1536, 1580),
(1537, 1581),
(1542, 1586),
(1551, 1595),
(1555, 1599),
(1570, 1614),
(1571, 1615),
(1573, 1617),
(1574, 1618),
(1575, 1619),
(1592, 1636),
(1602, 1648),
(1603, 1649),
(1604, 1650),
(1614, 1661),
(1615, 1662),
(1616, 1663),
(1617, 1664),
(1885, 1932),
(2091, 2143),
(2093, 2145),
(2095, 2147),
(2096, 2148),
(2098, 2150),
(2105, 2158),
(2106, 2160),
(2107, 2161),
(2108, 2162),
(2110, 2164),
(2251, 2307),
(2253, 2309),
(2257, 2314),
(2258, 2315),
(2259, 2316),
(2260, 2317),
(2261, 2318),
(2262, 2319),
(2365, 2422),
(2367, 2424),
(2368, 2425),
(2369, 2426),
(2370, 2427),
(2371, 2428),
(2372, 2429),
(2381, 2438),
(2382, 2439),
(2383, 2440),
(2384, 2441),
(2386, 2443),
(2389, 2447),
(2393, 2458),
(2394, 2459),
(2395, 2460),
(2396, 2461),
(2404, 2473),
(2405, 2474),
(2406, 2475),
(2407, 2476),
(2408, 2477),
(2409, 2478),
(2410, 2479),
(2619, 2690),
(2620, 2691),
(2624, 2695),
(2625, 2696),
(2626, 2697),
(2627, 2698),
(2629, 2700),
(2630, 2701),
(2636, 2707),
(2637, 2708),
(2638, 2709),
(2639, 2710),
(2640, 2711),
(2641, 2713),
(2642, 2714),
(2643, 2715),
(2743, 2815),
(2744, 2816),
(2747, 2819),
(2748, 2820),
(2751, 2823),
(2752, 2824),
(2754, 2826),
(2755, 2827),
(2756, 2828),
(2767, 2839),
(2768, 2840),
(2769, 2841),
(2770, 2842),
(2771, 2843),
(2773, 2845),
(2778, 2850),
(2779, 2851),
(2819, 2891),
(2826, 2898),
(2828, 2900),
(2829, 2901),
(2898, 2970),
(2993, 3065),
(2994, 3066),
(2995, 3067),
(3228, 3304),
(3229, 3305),
(3230, 3306),
(3237, 3315),
(3238, 3316),
(3239, 3317),
(3246, 3326),
(3250, 3330),
(3251, 3331),
(3269, 3349),
(3270, 3350),
(3272, 3352),
(3276, 3356),
(3277, 3357),
(3278, 3358),
(3279, 3359),
(3282, 3363),
(3467, 3549),
(3468, 3550),
(3469, 3551),
(3470, 3553),
(3484, 3567),
(3485, 3568),
(3486, 3569),
(3487, 3570),
(3488, 3571),
(3493, 3576),
(3495, 3578),
(3922, 4022),
(3928, 4028),
(3930, 4030),
(3931, 4031),
(3933, 4034),
(3934, 4036),
(3935, 4037),
(3936, 4038),
(3937, 4040),
(3938, 4041),
(3939, 4042),
(3941, 4044),
(3943, 4046),
(3944, 4048),
(3945, 4049),
(3949, 4056),
(3950, 4057),
(3951, 4058),
(3952, 4059),
(3953, 4060),
(3954, 4061),
(3955, 4062),
(3956, 4063),
(3957, 4064),
(3958, 4065),
(3962, 4071),
(3963, 4072),
(3964, 4073),
(3965, 4074),
(3966, 4075),
(3967, 4076),
(3968, 4078),
(3969, 4079),
(4262, 4372),
(4263, 4375),
(4264, 4376),
(4265, 4377),
(4270, 4382),
(4275, 4387),
(4277, 4389),
(4278, 4390),
(4279, 4391),
(4295, 4407),
(4296, 4408),
(4297, 4409),
(4347, 4459),
(4368, 4480),
(4532, 4644),
(4533, 4645),
(4535, 4647),
(4536, 4648),
(4537, 4649),
(4551, 4663),
(4552, 4664),
(4801, 4918),
(4805, 4923),
(4807, 4925),
(4808, 4926),
(4834, 4959),
(4835, 4961),
(4852, 4982),
(4853, 4983),
(4854, 4984),
(4855, 4985),
(4859, 4989),
(4860, 4990),
(4861, 4991),
(4862, 4992),
(4863, 4993),
(4864, 4994),
(4865, 4995),
(4866, 4996),
(4867, 4997),
(4868, 4998),
(4870, 5002),
(4871, 5003),
(4875, 5007),
(4876, 5008),
(4886, 5022),
(4887, 5024),
(4888, 5025),
(4894, 5031),
(4896, 5033),
(4898, 5035),
(4900, 5037),
(4901, 5038),
(4902, 5039),
(4903, 5040),
(4904, 5041),
(4905, 5042),
(4906, 5043),
(4907, 5044),
(4908, 5045),
(4909, 5046),
(4929, 5069),
(5008, 5153),
(5009, 5154),
(5010, 5155),
(5011, 5156),
(5012, 5157),
(5014, 5161),
(5015, 5162),
(5017, 5168),
(5018, 5169),
(5266, 5427),
(6003, 6167),
(6005, 6169),
(6006, 6170),
(6007, 6171),
(6924, 7115),
(6925, 7116),
(6926, 7117),
(6940, 7141),
(6941, 7142),
(6942, 7143),
(6943, 7146),
(6944, 7148),
(6945, 7150),
(6946, 7151),
(6947, 7152),
(6948, 7153),
(6949, 7154),
(6985, 7193),
(6986, 7194),
(6987, 7195),
(6989, 7197),
(6990, 7198),
(6991, 7199),
(6992, 7200),
(6997, 7206),
(6998, 7207),
(7005, 7214),
(7006, 7215),
(7007, 7216),
(7008, 7217),
(7009, 7218),
(7010, 7219),
(7011, 7220),
(7013, 7222),
(7034, 7243),
(7035, 7245),
(7036, 7246),
(7037, 7248),
(7038, 7249),
(7039, 7250),
(7040, 7251),
(7041, 7252),
(7042, 7253),
(7043, 7254),
(7045, 7257),
(7046, 7258),
(7047, 7259),
(7048, 7260),
(7049, 7262),
(7050, 7264),
(7051, 7265),
(7052, 7266),
(7053, 7267),
(7054, 7268),
(7055, 7269),
(7056, 7270),
(7074, 7288),
(7075, 7291),
(7076, 7293),
(7077, 7294),
(7078, 7295),
(7079, 7296),
(7080, 7297),
(7081, 7298),
(7082, 7299),
(7083, 7300),
(7084, 7301),
(7085, 7302),
(7088, 7308),
(7184, 7409),
(7285, 7512),
(7308, 7539),
(7309, 7540),
(7323, 7554),
(7324, 7555),
(7327, 7559),
(7328, 7561),
(7329, 7562),
(7330, 7566),
(7331, 7567),
(7341, 7578),
(7342, 7579),
(7343, 7580),
(7354, 7591),
(7358, 7595),
(7359, 7596),
(7360, 7597),
(7361, 7598),
(7362, 7599),
(7363, 7600),
(7364, 7601),
(7544, 7784),
(7545, 7785),
(7546, 7786),
(7547, 7787),
(7548, 7788),
(7551, 7791),
(7552, 7792),
(7553, 7793),
(7554, 7794),
(7555, 7795),
(7559, 7803),
(7560, 7807),
(7561, 7808),
(7695, 7947),
(7696, 7949),
(7697, 7950),
(7786, 8042),
(7803, 8059),
(7815, 8071),
(7816, 8072),
(7818, 8074),
(7819, 8075),
(7820, 8076),
(7826, 8082),
(7843, 8099),
(7844, 8100),
(7847, 8103),
(7894, 8150),
(7895, 8151),
(7966, 8226),
(7967, 8227),
(7968, 8228),
(7969, 8229),
(7970, 8230),
(7979, 8239),
(7981, 8241),
(7982, 8242),
(7983, 8243),
(7984, 8244),
(7985, 8245),
(7986, 8246),
(7987, 8247),
(7988, 8248),
(7989, 8249),
(8013, 8273),
(8014, 8274),
(8015, 8275),
(8016, 8276),
(8017, 8277),
(8018, 8278),
(8032, 8292),
(8033, 8293),
(8034, 8294),
(8039, 8299),
(8040, 8300),
(8108, 8369),
(8117, 8379),
(8118, 8381),
(8119, 8382),
(8120, 8383),
(8121, 8384),
(8122, 8385),
(8123, 8386),
(8124, 8387),
(8125, 8388),
(8126, 8395),
(8127, 8396),
(8343, 8616),
(8344, 8617),
(8346, 8619),
(8347, 8620),
(8348, 8621),
(8349, 8622),
(8581, 8855),
(8584, 8858),
(8641, 8915),
(8658, 8932),
(8659, 8933),
(8855, 9129),
(8856, 9130),
(8859, 9134),
(8877, 9152),
(8878, 9153),
(8879, 9154),
(8881, 9157),
(8882, 9158),
(8955, 9233),
(9268, 9554),
(9269, 9555),
(9270, 9556),
(9271, 9557),
(9272, 9559),
(9273, 9560),
(9274, 9561),
(9275, 9562),
(9276, 9563),
(9281, 9569),
(9282, 9570),
(9283, 9571),
(9284, 9572),
(9448, 9741),
(9453, 9746),
(9455, 9748),
(9503, 9798),
(9504, 9799),
(9505, 9800),
(9552, 9861),
(9639, 9951),
(9650, 9964),
(9651, 9965),
(9672, 9986),
(9698, 10015),
(9700, 10017),
(9701, 10018),
(9713, 10030),
(9714, 10031),
(9715, 10032),
(9716, 10034),
(9717, 10035),
(9718, 10036),
(9720, 10038),
(9721, 10039),
(9722, 10040),
(9728, 10046),
(9729, 10048),
(9730, 10049),
(9731, 10050),
(9733, 10052),
(9734, 10053),
(9928, 10247),
(10006, 10325),
(10007, 10330),
(10008, 10331),
(10042, 10370),
(10056, 10385),
(10057, 10386),
(10120, 10451),
(10208, 10539),
(10214, 10545),
(10215, 10546),
(10216, 10547),
(10218, 10549),
(10219, 10550),
(10462, 10793),
(10463, 10794),
(10464, 10795),
(10468, 10799),
(10469, 10800),
(10470, 10801),
(10471, 10802),
(10472, 10803),
(10475, 10806),
(10477, 10808),
(10478, 10809),
(10479, 10810),
(10480, 10811),
(10481, 10812),
(10482, 10813),
(10483, 10815),
(10484, 10816),
(10497, 10829),
(10520, 10852),
(10595, 10929),
(10596, 10930),
(10597, 10931),
(10600, 10934),
(10601, 10935),
(10602, 10936),
(10667, 11003),
(10668, 11005),
(10670, 11007),
(10671, 11008),
(10673, 11011),
(10679, 11017),
(10691, 11029),
(10692, 11030),
(10693, 11031),
(10694, 11032),
(10695, 11033),
(10696, 11034),
(10697, 11035),
(10737, 11075),
(10747, 11092),
(10748, 11093),
(10750, 11095),
(10751, 11096),
(10762, 11108),
(10790, 11137),
(10791, 11138),
(10792, 11139),
(10793, 11140),
(10794, 11143),
(10795, 11144),
(10796, 11145),
(10797, 11146),
(10798, 11147),
(10799, 11148),
(11014, 11363),
(11015, 11364),
(11016, 11366),
(11017, 11367),
(11117, 11467),
(11118, 11468),
(11119, 11469),
(11120, 11470),
(11121, 11471),
(11463, 11819),
(11464, 11820),
(11465, 11821),
(11466, 11822),
(11473, 11829),
(11474, 11830),
(11475, 11831),
(11476, 11832),
(11481, 11838),
(11493, 11850),
(11498, 11855),
(11499, 11856),
(11500, 11857),
(11513, 11870),
(11514, 11871),
(11519, 11877),
(11520, 11878),
(11521, 11879),
(11522, 11880),
(11525, 11884),
(11526, 11885),
(11538, 11897),
(11539, 11898),
(11540, 11899),
(11662, 12023),
(11710, 12071),
(11711, 12072),
(11712, 12073),
(11713, 12074),
(11714, 12075),
(11716, 12077),
(11718, 12079),
(11719, 12080),
(11732, 12094),
(11733, 12095),
(11734, 12096),
(11739, 12101),
(11740, 12103),
(11741, 12104),
(11742, 12105),
(11743, 12106),
(11755, 12118),
(11757, 12120),
(11758, 12121),
(11759, 12122),
(11760, 12123),
(11893, 12262),
(11894, 12263),
(11895, 12264),
(11910, 12279),
(12055, 12428),
(12059, 12433),
(12060, 12434),
(12061, 12435),
(12062, 12436),
(12063, 12437),
(12064, 12438),
(12065, 12439),
(12067, 12441),
(12070, 12444),
(12112, 12489),
(12113, 12490),
(12114, 12491),
(12115, 12492),
(12362, 12742),
(12363, 12743),
(12364, 12744),
(12366, 12746),
(12367, 12747),
(12368, 12748),
(12369, 12749),
(12373, 12753),
(12451, 12833),
(12452, 12834),
(12453, 12835),
(12454, 12836),
(12455, 12837),
(12470, 12852),
(12475, 12857),
(12476, 12858),
(12477, 12859),
(12480, 12862),
(12482, 12864),
(12543, 12930),
(12544, 12931),
(12554, 12941),
(12555, 12942),
(12586, 12976),
(12587, 12977),
(12588, 12978),
(12589, 12979),
(12590, 12981),
(12624, 13019),
(12625, 13020),
(12626, 13021),
(12627, 13022),
(12628, 13023),
(12652, 13052),
(12654, 13054),
(12655, 13055),
(12656, 13056),
(12657, 13057),
(12658, 13058),
(12659, 13059),
(12660, 13060),
(12661, 13061),
(12662, 13062),
(12663, 13063),
(12665, 13065),
(12666, 13066),
(12667, 13067),
(12669, 13069),
(12673, 13073),
(12676, 13076),
(12682, 13082),
(12684, 13084),
(12686, 13086),
(12687, 13087),
(12688, 13088),
(12690, 13090),
(12691, 13091),
(12692, 13092),
(12693, 13093),
(12694, 13094),
(12695, 13095),
(12696, 13096),
(12697, 13097),
(12698, 13098),
(12699, 13099),
(12700, 13100),
(12902, 13305),
(12903, 13306),
(12908, 13311),
(12909, 13312),
(12910, 13313),
(12965, 13368),
(12966, 13369),
(12970, 13374),
(12973, 13377),
(12974, 13378),
(12975, 13379),
(12976, 13380),
(12978, 13382),
(12979, 13383),
(12980, 13384),
(12981, 13385),
(12982, 13386),
(12983, 13387),
(12984, 13388),
(12985, 13389),
(12986, 13390),
(12987, 13391),
(12990, 13394),
(13027, 13435),
(13028, 13436),
(13029, 13437),
(13030, 13438),
(13031, 13439),
(13032, 13440),
(13033, 13441),
(13034, 13442),
(13108, 13516),
(13109, 13517),
(13329, 13738),
(13332, 13741),
(13333, 13742),
(13336, 13745),
(13339, 13748),
(13340, 13749),
(13708, 14130),
(13709, 14131),
(13710, 14132),
(13711, 14133),
(13712, 14134),
(13713, 14135),
(14353, 14778),
(14354, 14779),
(14355, 14780),
(14364, 14789),
(14365, 14790),
(14366, 14791),
(14675, 15100),
(14676, 15101),
(14677, 15104),
(14678, 15105),
(14679, 15106),
(14680, 15107),
(14681, 15108),
(14682, 15109),
(14683, 15110),
(14686, 15113),
(14687, 15114),
(14690, 15117),
(14691, 15118),
(14692, 15119),
(14693, 15120),
(14694, 15121),
(14695, 15122),
(14696, 15123),
(14697, 15124),
(14698, 15125),
(14699, 15126),
(14700, 15127),
(14701, 15129),
(14979, 15414),
(14985, 15423),
(14986, 15424),
(14987, 15425),
(14988, 15426),
(14989, 15428),
(14990, 15429),
(14999, 15438),
(15000, 15439),
(15001, 15440),
(15092, 15531),
(15093, 15532),
(15094, 15533),
(15102, 15541),
(15103, 15542),
(15105, 15544),
(15106, 15545),
(15107, 15546),
(15108, 15547),
(15110, 15550),
(15128, 15568),
(15129, 15569),
(15130, 15570),
(15209, 15656),
(15210, 15657),
(15211, 15658),
(15333, 15806),
(15334, 15807),
(15336, 15809),
(15337, 15810),
(15338, 15811),
(15339, 15812),
(15474, 15950),
(15475, 15951),
(15476, 15952),
(15478, 15954),
(15479, 15955),
(15491, 15968),
(15492, 15969),
(15493, 15970),
(15494, 15971),
(15495, 15972),
(15496, 15973),
(15497, 15974),
(15498, 15975),
(15500, 15977),
(15501, 15979),
(15505, 15984),
(15507, 15986),
(15509, 15988),
(15510, 15989),
(15512, 15991),
(15514, 15993),
(15515, 15994),
(15516, 15995),
(15527, 16006),
(15528, 16007);

-- --------------------------------------------------------

--
-- Structure de la table `boss`
--

CREATE TABLE IF NOT EXISTS `boss` (
`id` bigint(20) NOT NULL,
  `groupe_id` bigint(20) DEFAULT NULL,
  `teacher_id` bigint(20) DEFAULT NULL
) ENGINE=InnoDB AUTO_INCREMENT=3416 DEFAULT CHARSET=latin1;

--
-- Contenu de la table `boss`
--

INSERT INTO `boss` (`id`, `groupe_id`, `teacher_id`) VALUES
(1, 1, 7),
(2, 2, 7),
(3, 3, 7),
(4, 6, 7),
(5, 7, 7),
(6, 8, 7),
(7, 9, 7),
(8, 10, 7),
(9, 11, 7),
(10, 14, 7),
(11, 12, 7),
(12, 15, 7),
(13, 13, 7),
(14, 16, 7),
(15, 4, 7),
(16, 5, 7),
(17, 17, 7),
(18, 5, 2080),
(19, 4, 16),
(1043, 20, 7),
(1044, 21, 7),
(1045, 22, 7),
(1046, 23, 7),
(1075, 5, 34),
(1089, 1, 2074),
(1090, 2, 2074),
(1091, 3, 2074),
(1092, 4, 2074),
(1093, 5, 2074),
(1094, 6, 2074),
(1095, 7, 2074),
(1096, 8, 2074),
(1097, 9, 2074),
(1098, 10, 2074),
(1099, 11, 2074),
(1100, 12, 2074),
(1101, 13, 2074),
(1102, 14, 2074),
(1103, 15, 2074),
(1104, 16, 2074),
(1105, 17, 2074),
(1106, 20, 2074),
(1107, 21, 2074),
(1108, 22, 2074),
(1109, 23, 2074),
(1110, 24, 2074),
(1111, 25, 2074),
(1112, 26, 2074),
(1186, 1000, 3232),
(1187, 1001, 3232),
(1188, 1002, 3232),
(1189, 1003, 3232),
(1190, 1004, 3232),
(1191, 1005, 3232),
(1192, 1006, 3232),
(1193, 1007, 3232),
(1194, 1008, 3232),
(1195, 1009, 3232),
(1196, 1010, 3232),
(1197, 1011, 3232),
(1198, 1012, 3232),
(1199, 1013, 3232),
(1200, 1014, 3232),
(1201, 1015, 3232),
(1202, 1016, 3232),
(1203, 1017, 3232),
(1204, 1018, 3232),
(1205, 1019, 3232),
(1217, 1, 3232),
(1218, 2, 3232),
(1219, 3, 3232),
(1220, 4, 3232),
(1221, 5, 3232),
(1222, 6, 3232),
(1223, 7, 3232),
(1224, 8, 3232),
(1225, 9, 3232),
(1226, 10, 3232),
(1227, 11, 3232),
(1228, 12, 3232),
(1229, 13, 3232),
(1230, 14, 3232),
(1231, 15, 3232),
(1232, 16, 3232),
(1233, 17, 3232),
(1234, 20, 3232),
(1235, 21, 3232),
(1236, 22, 3232),
(1237, 23, 3232),
(1238, 24, 3232),
(1239, 25, 3232),
(1240, 26, 3232),
(3137, 5014, 7),
(3138, 5014, 2080),
(3139, 5014, 34),
(3140, 5014, 2074),
(3141, 5014, 3232),
(3144, 5015, 7),
(3145, 5015, 2080),
(3146, 5015, 34),
(3147, 5015, 2074),
(3148, 5015, 3232),
(3272, 1, 14),
(3273, 2, 14),
(3274, 3, 14),
(3275, 4, 14),
(3276, 5, 14),
(3277, 6, 14),
(3278, 7, 14),
(3279, 8, 14),
(3280, 9, 14),
(3281, 10, 14),
(3282, 11, 14),
(3283, 12, 14),
(3284, 13, 14),
(3285, 14, 14),
(3286, 15, 14),
(3287, 16, 14),
(3288, 17, 14),
(3289, 20, 14),
(3290, 21, 14),
(3291, 22, 14),
(3292, 23, 14),
(3293, 24, 14),
(3294, 25, 14),
(3295, 26, 14),
(3296, 3127, 14),
(3297, 3128, 14),
(3298, 5014, 14),
(3299, 5015, 14),
(3415, 1, 4222);

-- --------------------------------------------------------

--
-- Structure de la table `coefficient`
--

CREATE TABLE IF NOT EXISTS `coefficient` (
`id` bigint(20) NOT NULL,
  `dept` varchar(20) NOT NULL,
  `statut` varchar(20) NOT NULL,
  `type` varchar(2) NOT NULL,
  `coef` float(18,2) NOT NULL
) ENGINE=InnoDB AUTO_INCREMENT=83 DEFAULT CHARSET=latin1;

--
-- Contenu de la table `coefficient`
--

INSERT INTO `coefficient` (`id`, `dept`, `statut`, `type`, `coef`) VALUES
(1, 'INFO', 'permanent', 'CM', 1.50),
(2, 'INFO', 'permanent', 'TD', 1.00),
(3, 'INFO', 'permanent', 'TP', 1.00),
(4, 'INFO', 'permanent', 'DS', 1.00),
(5, 'INFO', 'permanent', '2X', 1.00),
(6, 'INFO', 'permanent', 'CP', 1.00),
(7, 'INFO', 'vacataire', 'CM', 1.50),
(8, 'INFO', 'vacataire', 'TD', 1.00),
(9, 'INFO', 'vacataire', 'TP', 1.00),
(10, 'INFO', 'vacataire', 'DS', 1.00),
(11, 'INFO', 'vacataire', '2X', 1.00),
(12, 'INFO', 'vacataire', 'CP', 1.00),
(13, 'MMI', 'permanent', 'CM', 1.50),
(14, 'MMI', 'permanent', 'TD', 1.00),
(15, 'MMI', 'permanent', 'TP', 1.00),
(16, 'MMI', 'permanent', 'DS', 1.00),
(17, 'MMI', 'permanent', 'EX', 1.00),
(18, 'MMI', 'permanent', 'CP', 1.00),
(19, 'MMI', 'vacataire', 'CM', 1.50),
(20, 'MMI', 'vacataire', 'TD', 1.00),
(21, 'MMI', 'vacataire', 'TP', 1.00),
(22, 'MMI', 'vacataire', 'DS', 1.00),
(23, 'MMI', 'vacataire', 'EX', 1.00),
(24, 'MMI', 'vacataire', 'CP', 1.00),
(25, 'INFO', 'permanent', 'SO', 1.00),
(26, 'INFO', 'vacataire', 'SO', 1.00),
(27, 'GEA', 'permanent', 'CM', 1.50),
(28, 'GEA', 'permanent', 'TD', 1.00),
(29, 'GEA', 'permanent', 'TP', 1.00),
(30, 'GEA', 'permanent', 'DS', 1.00),
(31, 'GEA', 'permanent', 'EX', 1.00),
(32, 'GEA', 'permanent', 'CP', 1.00),
(33, 'GEA', 'vacataire', 'CM', 1.50),
(34, 'GEA', 'vacataire', 'TD', 1.00),
(35, 'GEA', 'vacataire', 'TP', 1.00),
(36, 'GEA', 'vacataire', 'DS', 1.00),
(37, 'GEA', 'vacataire', 'EX', 1.00),
(38, 'GEA', 'vacataire', 'CP', 1.00),
(39, 'GEA', 'permanent', 'DB', 1.00),
(40, 'GEA', 'permanent', 'DB', 1.00),
(41, 'GEA-APP', 'permanent', 'CM', 1.50),
(42, 'GEA-APP', 'permanent', 'TD', 1.00),
(43, 'GEA-APP', 'permanent', 'TP', 1.00),
(44, 'GEA-APP', 'permanent', 'DS', 1.00),
(45, 'GEA-APP', 'permanent', 'EX', 1.00),
(46, 'GEA-APP', 'permanent', 'CP', 1.00),
(47, 'GEA-APP', 'vacataire', 'CM', 1.50),
(48, 'GEA-APP', 'vacataire', 'TD', 1.00),
(49, 'GEA-APP', 'vacataire', 'TP', 1.00),
(50, 'GEA-APP', 'vacataire', 'DS', 1.00),
(51, 'GEA-APP', 'vacataire', 'EX', 1.00),
(52, 'GEA-APP', 'vacataire', 'CP', 1.00),
(53, 'GEA-APP', 'permanent', 'DB', 1.00),
(54, 'GEA-APP', 'permanent', 'DB', 1.00),
(55, 'TC', 'permanent', 'CM', 1.50),
(56, 'TC', 'permanent', 'TD', 1.00),
(57, 'TC', 'permanent', 'TP', 1.00),
(58, 'TC', 'permanent', 'DS', 1.00),
(59, 'TC', 'permanent', 'EX', 1.00),
(60, 'TC', 'permanent', 'CP', 1.00),
(61, 'TC', 'vacataire', 'CM', 1.50),
(62, 'TC', 'vacataire', 'TD', 1.00),
(63, 'TC', 'vacataire', 'TP', 1.00),
(64, 'TC', 'vacataire', 'DS', 1.00),
(65, 'TC', 'vacataire', 'EX', 1.00),
(66, 'TC', 'vacataire', 'CP', 1.00),
(67, 'GEA', 'vacataire', 'DP', 1.50),
(68, 'GEA', 'permanent', 'DP', 1.50),
(69, 'GEA', 'vacataire', 'OR', 1.00),
(70, 'GEA', 'permanent', 'OR', 1.00),
(71, 'APPR', 'permanent', 'CM', 1.50),
(72, 'APPR', 'permanent', 'TD', 1.00),
(73, 'APPR', 'permanent', 'TP', 1.00),
(74, 'APPR', 'permanent', 'DS', 1.00),
(75, 'APPR', 'permanent', 'EX', 1.00),
(76, 'APPR', 'permanent', 'CP', 1.00),
(77, 'APPR', 'vacataire', 'CM', 1.50),
(78, 'APPR', 'vacataire', 'TD', 1.00),
(79, 'APPR', 'vacataire', 'TP', 1.00),
(80, 'APPR', 'vacataire', 'DS', 1.00),
(81, 'APPR', 'vacataire', 'EX', 1.00),
(82, 'APPR', 'vacataire', 'CP', 1.00);

-- --------------------------------------------------------

--
-- Structure de la table `commande`
--

CREATE TABLE IF NOT EXISTS `commande` (
`id` bigint(20) NOT NULL,
  `utilisateurcrous_id` bigint(20) NOT NULL,
  `produit_id` bigint(20) NOT NULL,
  `nb` bigint(20) NOT NULL
) ENGINE=InnoDB DEFAULT CHARSET=latin1;

-- --------------------------------------------------------

--
-- Structure de la table `course`
--

CREATE TABLE IF NOT EXISTS `course` (
`id` bigint(20) NOT NULL,
  `semester` varchar(30) NOT NULL,
  `module` varchar(255) NOT NULL,
  `description` text,
  `nbcmhours` float(18,2) DEFAULT NULL,
  `nbtdhours` float(18,2) DEFAULT NULL,
  `nbtphours` float(18,2) DEFAULT NULL,
  `nbgcm` bigint(20) DEFAULT NULL,
  `nbgtd` bigint(20) DEFAULT NULL,
  `nbgtp` bigint(20) DEFAULT NULL,
  `dept` varchar(20) DEFAULT NULL,
  `comment` text,
  `subject_id` bigint(20) DEFAULT NULL,
  `traininginfo_id` bigint(20) DEFAULT NULL
) ENGINE=InnoDB AUTO_INCREMENT=63030 DEFAULT CHARSET=latin1;

--
-- Contenu de la table `course`
--

INSERT INTO `course` (`id`, `semester`, `module`, `description`, `nbcmhours`, `nbtdhours`, `nbtphours`, `nbgcm`, `nbgtd`, `nbgtp`, `dept`, `comment`, `subject_id`, `traininginfo_id`) VALUES
(25, 'S5', 'UE1', '', 10.00, 15.00, 0.00, 0, 0, 0, 'INFO', '', 24, 12),
(26, 'S5', 'UE1', '', 5.00, 10.00, 0.00, NULL, NULL, NULL, 'INFO', NULL, 26, 12),
(27, 'S5', 'UE1', '', 5.00, 10.00, 0.00, NULL, NULL, NULL, 'INFO', NULL, 25, 12),
(28, 'S5', 'UE3', '', 5.00, 10.00, 0.00, 0, 0, 0, 'INFO', '', 27, 12),
(29, 'S5', 'UE1', '', 0.00, 27.00, 0.00, NULL, NULL, NULL, 'INFO', NULL, 15, 12),
(30, 'S5', 'UE1', '', 4.00, 6.00, 0.00, 0, 0, 0, 'INFO', '', 28, 12),
(31, 'S5', 'UE1', '', 14.00, 26.00, 0.00, 0, 0, 0, 'INFO', '', 29, 12),
(32, 'S5', 'UE1', '', 0.00, 0.00, 0.00, 0, 0, 0, 'INFO', '', 30, 12),
(33, 'S5', 'UE2', '', 5.00, 10.00, 0.00, NULL, NULL, NULL, 'INFO', NULL, 31, 12),
(34, 'S5', 'UE2', '', 10.00, 30.00, 0.00, 0, 0, 0, 'INFO', NULL, 32, 12),
(35, 'S5', 'UE2', '', 8.00, 12.00, 0.00, 0, 0, 0, 'INFO', '2 créneaux par semaine au semestre 5-2', 33, 12),
(36, 'S5', 'UE3', '', 10.00, 20.00, 0.00, 0, 0, 0, 'INFO', 'S5-2', 36, 12),
(37, 'S5', 'UE3', '', 10.00, 20.00, 0.00, NULL, NULL, NULL, 'INFO', NULL, 34, 12),
(38, 'S5', 'UE3', '', 1.00, 1.00, 0.00, 10, 20, 0, 'INFO', '', 35, 12),
(39, 'S6', 'UE4', '', 0.00, 30.00, 0.00, NULL, NULL, NULL, 'INFO', NULL, 14, 13),
(40, 'S6', 'UE4', '', 5.00, 10.00, 0.00, NULL, NULL, NULL, 'INFO', NULL, 37, 13),
(41, 'S6', 'UE4', '', 5.00, 10.00, 0.00, NULL, NULL, NULL, 'INFO', NULL, 38, 13),
(42, 'S6', 'UE4', '', 10.00, 20.00, 0.00, NULL, NULL, NULL, 'INFO', NULL, 39, 13),
(1077, 'S5', 'Harmo', 'UE Harmo', NULL, NULL, NULL, NULL, NULL, NULL, 'MMI', NULL, 1032, NULL),
(1078, 'S5', 'Harmo', 'UE Harmo', NULL, NULL, NULL, NULL, NULL, NULL, 'MMI', NULL, 1033, NULL),
(1079, 'S5', 'Harmo', 'UE Harmo', NULL, NULL, NULL, NULL, NULL, NULL, 'MMI', NULL, 1034, NULL),
(1080, 'S5', 'Harmo', 'UE Harmo', NULL, NULL, NULL, NULL, NULL, NULL, 'MMI', NULL, 1035, NULL),
(1081, 'S5', 'Harmo', 'UE Harmo', NULL, NULL, NULL, NULL, NULL, NULL, 'MMI', NULL, 1036, NULL),
(1082, 'S5', 'Harmo', 'UE Harmo', NULL, NULL, NULL, NULL, NULL, NULL, 'MMI', NULL, 1019, NULL),
(1083, 'S5', 'Harmo', 'UE Harmo', NULL, NULL, NULL, NULL, NULL, NULL, 'MMI', NULL, 1026, NULL),
(1084, 'S6', 'UE1', 'UE1', NULL, NULL, NULL, NULL, NULL, NULL, 'MMI', NULL, 1037, NULL),
(1085, 'S5', 'UE1', 'UE1', NULL, NULL, NULL, NULL, NULL, NULL, 'MMI', NULL, 1038, NULL),
(1086, 'S6', 'UE1', 'UE1', NULL, NULL, NULL, NULL, NULL, NULL, 'MMI', NULL, 1012, NULL),
(1087, 'S5', 'UE1', 'UE1', NULL, NULL, NULL, NULL, NULL, NULL, 'MMI', NULL, 1039, NULL),
(1088, 'S6', 'UE1', 'UE1', NULL, NULL, NULL, NULL, NULL, NULL, 'MMI', NULL, 1040, NULL),
(1089, 'S5', 'UE2', 'UE2', NULL, NULL, NULL, NULL, NULL, NULL, 'MMI', NULL, 1041, NULL),
(1090, 'S5', 'UE2', 'UE2', NULL, NULL, NULL, NULL, NULL, NULL, 'MMI', NULL, 1042, NULL),
(1091, 'S5', 'UE2', 'UE2', NULL, NULL, NULL, NULL, NULL, NULL, 'MMI', NULL, 1043, NULL),
(1118, 'S1', 'AP', 'Soutien', NULL, NULL, NULL, 0, 0, 0, 'INFO', 'En deuxième partie du semestre, créneau commun avec les DUT2', 1060, 17),
(1120, 'S5', 'M1', '', NULL, NULL, NULL, NULL, NULL, NULL, 'INFO', NULL, 14, NULL),
(1133, 'S6', 'UE5', 'UE5', 0.00, 4.00, 0.00, 0, 11, 0, 'INFO', '', 58, 19),
(1137, 'S1', 'Divers', '', NULL, 1.00, NULL, 0, 10, 0, 'INFO', '', 1070, 17),
(1147, 'S6', 'UE6', 'Suivi de stage', 0.00, 2.00, 0.00, 0, 26, 0, 'INFO', NULL, 1071, 19),
(1151, 'S1', 'Divers', '', 0.00, 1.00, NULL, 0, 22, 0, 'INFO', '', 1076, 17),
(1152, 'S5', 'Divers', '', NULL, 2.00, NULL, 0, 10, 0, 'INFO', '', 1076, 19),
(2112, 'S5', 'Encadrement', '', NULL, 1.00, NULL, 0, 0, 0, 'INFO', NULL, 1060, 19),
(2116, 'S2', 'Projet', 'Projet - S2', 0.00, 6.00, 0.00, 0, 3, 0, 'INFO', '', 58, 17),
(2117, 'S1', 'Projet', '', 0.00, 12.00, 0.00, 0, 3, 0, 'INFO', NULL, 1014, 17),
(2118, 'S2', 'Projet', '', NULL, 12.00, NULL, 0, 3, 0, 'INFO', NULL, 1014, 17),
(2130, 'S5', '', '', NULL, NULL, NULL, 0, 0, 0, 'INFO', NULL, 2154, NULL),
(2131, 'S6', '', '', NULL, NULL, NULL, 0, 0, 0, 'INFO', NULL, 2154, NULL),
(2135, 'S0', 'Tous', '', NULL, NULL, NULL, 0, 0, 0, 'GEA', NULL, 2156, NULL),
(2142, 'S1', 'PROJET', 'Projet - S1', NULL, 1.00, 0.00, 0, 18, 0, 'INFO', '', 58, 17),
(2143, 'S2', 'Divers', 'Tutorat', NULL, 1.00, NULL, 0, 0, 0, 'INFO', '', 1070, 17),
(2144, 'S5', 'UE1', 'Fondement des BD', 4.00, 6.00, 0.00, 0, 0, 0, 'INFO', '', 2157, 12),
(10001, 'S1', 'M1101', '', 12.00, 24.00, 24.00, 1, 3, 6, 'INFO', '<b>M1101</b>', 10001, 10001),
(10002, 'S1', 'M1102', '', 12.00, 24.00, 24.00, 1, 3, 6, 'INFO', '<b> (M1102) </b>\r\n\r\nS1-1 :  1CM/semaine, 2TD, 2TP', 10002, 10001),
(10003, 'S1', 'M1103', '', 12.00, 15.00, 18.00, 1, 3, 6, 'INFO', 'S1-2 1CM, 1TD, 2TP /s (M1103)', 10003, 10001),
(10004, 'S1', 'M1104', '', 12.00, 24.00, 24.00, 1, 3, 6, 'INFO', 'S11 (JFC) 1CM/quinaine, 1TD, 1TP<br>\r\nS12 (Yakoub S.) 1CM/quinaine, 2TD, 1TP<br>\r\n', 10004, 10001),
(10005, 'S1', 'M1105', '', 1.50, 21.00, 24.00, 1, 3, 6, 'INFO', '\r\n', 10005, 10001),
(10006, 'S1', 'M1106', '', NULL, 6.00, NULL, NULL, 3, NULL, 'INFO', '', 10006, 10001),
(10007, 'S1', 'M1201', '', 12.00, 12.00, 24.00, NULL, NULL, NULL, 'INFO', 'S 1-1 : 1 CM+3TD + 6TP<br>\r\n   * Yael : 1 CM+2TD+4TP <br>\r\n   * Martin : 2 TP <br>\r\nS 1.2 : 6 TP <br>\r\n  * Martin : 4TP <br>\r\n  * Benoit : 2 TP  <br>', 10007, 10002),
(10008, 'S1', 'M1202', '', 6.00, 12.00, 12.00, 0, 0, 0, 'INFO', 'Alternance TP/(TD+CM) sur le S1', 10008, 10002),
(10009, 'S1', 'M1203', '', 6.00, 12.00, 12.00, NULL, NULL, NULL, 'INFO', 'S1-1: 1CM/quinzaine, 1TD, 1TP', 10009, 10002),
(10010, 'S1', 'M1204', '', 10.00, 20.00, 15.00, NULL, NULL, NULL, 'INFO', 'S1-2: 1CM, 2TD, 1TP', 10010, 10002),
(10011, 'S1', 'M1205', '', 0.00, 12.00, 18.00, NULL, NULL, NULL, 'INFO', 'S1-1: 1 TP/semaine <br>\r\nS1-2: 1TD + 1TP/quinzaine <br>', 10011, 10002),
(10012, 'S1', 'M1206', '', 0.00, 18.00, 12.00, NULL, NULL, NULL, 'INFO', 'S1-1: 1TD / semaine 1TP/quinzaine || S1-2:1TD / semaine\r\n', 10012, 10002),
(10013, 'S1', 'M1207', '', 0.00, 12.00, 12.00, NULL, NULL, NULL, 'INFO', 'S1-1 : TD par semaine . 1 groupe TD Maryse. 2 autres groupes Sandrine <br>\r\nS1-2 :  TP par semaine : 2 groupes TP Maryse. 4 groupes Tp Sandrine <br>\r\n\r\nAttention  : Sur 7 semaines', 10013, 10002),
(10014, 'S2', 'M2101', '', 6.00, 12.00, 12.00, NULL, NULL, NULL, 'INFO', 'M2101', 10014, 10003),
(10015, 'S2', 'M2102', '', 6.00, 12.00, 12.00, NULL, NULL, NULL, 'INFO', 'M2102', 10015, 10003),
(10016, 'S2', 'M2103', '', 12.00, 18.00, 30.00, NULL, NULL, NULL, 'INFO', 'M2103', 10016, 10003),
(10017, 'S2', 'M2104', '', 12.00, 13.50, 18.00, NULL, NULL, NULL, 'INFO', 'M2104', 10017, 10003),
(10018, 'S2', 'M2105', '', 9.00, 12.00, 24.00, NULL, NULL, NULL, 'INFO', 'M2105', 10018, 10003),
(10019, 'S2', 'M2106', '', 10.50, 15.00, 18.00, NULL, NULL, NULL, 'INFO', 'M2106', 10019, 10003),
(10020, 'S2', 'M2107', '', NULL, 6.00, NULL, NULL, 3, NULL, 'INFO', '', 10020, 10003),
(10021, 'S2', 'M2201', '', 11.00, 16.00, 18.00, 1, 3, 6, 'INFO', '', 10021, 10004),
(10022, 'S2', 'M2202', '', 6.00, 12.00, 12.00, NULL, NULL, NULL, 'INFO', '', 10022, 10004),
(10023, 'S2', 'M2203', '', 12.00, 18.00, 15.00, NULL, NULL, NULL, 'INFO', '', 10023, 10004),
(10024, 'S2', 'M2204', NULL, 8.00, 12.00, 10.00, NULL, NULL, NULL, 'INFO', NULL, 10024, 10004),
(10025, 'S2', 'M2205', '', 0.00, 24.00, 6.00, NULL, NULL, NULL, 'INFO', '', 10025, 10004),
(10026, 'S2', 'M2206', '', 0.00, 21.00, 24.00, NULL, NULL, NULL, 'INFO', '', 10026, 10004),
(10027, 'S2', 'M2207', '', 0.00, 10.50, 10.50, NULL, NULL, NULL, 'INFO', 'Attention : sur 7 semaines', 10027, 10004),
(10050, 'S01', 'M1', NULL, NULL, 20.00, NULL, NULL, NULL, NULL, 'INFO', NULL, 10050, 10101),
(10051, 'S01', 'M2', '', NULL, 32.00, NULL, NULL, NULL, NULL, 'INFO', '12h BQE (Jean-Francois)', 10051, 10101),
(10052, 'S01', 'M3', '', NULL, 32.00, NULL, NULL, 1, NULL, 'INFO', '12h BQE pour Anne', 10052, 10101),
(10053, 'S01', 'M4', '', NULL, 1.00, NULL, NULL, 6, NULL, 'INFO', '6h BQE ---> 2 + 2+2', 10053, 10101),
(10054, 'S01', 'M5', '', NULL, 40.00, NULL, NULL, 1, NULL, 'INFO', '', 10054, 10102),
(10055, 'S01', 'M6', NULL, NULL, 20.00, NULL, NULL, NULL, NULL, 'INFO', NULL, 10055, 10102),
(10056, 'S01', 'M7', '', 0.00, 50.00, NULL, NULL, 1, NULL, 'INFO', '', 10056, 10102),
(10057, 'S01', 'M8', NULL, NULL, 20.00, NULL, NULL, NULL, NULL, 'INFO', NULL, 10057, 10102),
(10058, 'S01', 'M9', '', NULL, 1.00, NULL, NULL, 32, NULL, 'INFO', '12 h BQE --> 6 Marianne + 6 Anne', 10058, 10103),
(10059, 'S01', 'M10', '', NULL, 1.00, NULL, NULL, 6, NULL, 'INFO', '6h BQE ---> 3h Anne + 3h Marianne', 10059, 10103),
(10200, 'S3', 'M3101', '', 15.00, 12.00, 18.00, NULL, NULL, NULL, 'Info', '', 10200, 10200),
(10201, 'S3', 'M3102', '', 6.00, 12.00, 12.00, NULL, NULL, NULL, 'Info', '', 10201, 10200),
(10202, 'S3', 'M3103', '', 6.00, 12.00, 12.00, NULL, NULL, NULL, 'Info', '', 10202, 10200),
(10203, 'S3', 'M3104', '', 15.00, 12.00, 18.00, NULL, NULL, NULL, 'Info', '', 10203, 10200),
(10204, 'S3', 'M3105', '', 15.00, 12.00, 18.00, NULL, NULL, NULL, 'Info', '', 10204, 10200),
(10205, 'S3', 'M3106', '', 6.00, 12.00, 12.00, NULL, NULL, NULL, 'Info', '', 10205, 10200),
(10206, 'S3', 'M3201', '', 15.00, 12.00, 18.00, NULL, NULL, NULL, 'Info', '', 10206, 10201),
(10207, 'S3', 'M3202', '', 0.00, 12.00, 12.00, NULL, NULL, NULL, 'Info', '', 10207, 10201),
(10208, 'S3', 'M3203', NULL, 10.00, 10.00, 10.00, NULL, NULL, NULL, 'Info', NULL, 10208, 10201),
(10209, 'S3', 'M3204', NULL, 15.00, 15.00, 15.00, NULL, NULL, NULL, 'Info', NULL, 10209, 10201),
(10210, 'S3', 'M3205', '', 0.00, 12.00, 12.00, 0, 3, 3, 'Info', '', 10210, 10201),
(10211, 'S3', 'M3206', '', 0.00, 21.00, 24.00, NULL, NULL, NULL, 'Info', '', 10211, 10201),
(10212, 'S3', 'M3301', '', 14.00, 46.00, 0.00, NULL, NULL, NULL, 'Info', '', 10212, 10202),
(10213, 'S3', 'M3302', '', NULL, 2.00, NULL, NULL, NULL, NULL, 'Info', '6h BQE pour chacun + 6h', 10213, 10202),
(10214, 'S3', 'M3303', '', 0.00, 12.00, 12.00, NULL, NULL, NULL, 'Info', '', 10214, 10202),
(10300, 'S4', 'M4101', '', 6.00, 12.00, 12.00, NULL, NULL, NULL, 'INFO', '', 10300, 10304),
(10301, 'S4', 'M4102', '', 6.00, 12.00, 12.00, NULL, NULL, NULL, 'INFO', '', 10301, 10304),
(10302, 'S4', 'M4103', '', 6.00, 12.00, 12.00, NULL, NULL, NULL, 'INFO', '', 10302, 10304),
(10303, 'S4', 'M4104', '', 6.00, 12.00, 12.00, NULL, NULL, NULL, 'INFO', '', 10303, 10304),
(10304, 'S4', 'M4105', '', 6.00, 12.00, 12.00, NULL, NULL, NULL, 'INFO', '', 10304, 10304),
(10305, 'S4', 'M4106', '', NULL, 4.00, NULL, NULL, 10, NULL, 'INFO', '', 10305, 10304),
(10306, 'S4', 'M4201', '', 8.00, 12.00, 10.00, NULL, NULL, NULL, 'INFO', '', 10306, 10305),
(10307, 'S4', 'M4202', '', 6.00, 12.00, 12.00, 1, 1, 1, 'INFO', '', 10307, 10305),
(10308, 'S4', 'M4203', '', 0.00, 15.00, 15.00, NULL, NULL, NULL, 'INFO', '', 10308, 10305),
(10309, 'S4', 'M4204', '', 0.00, 18.00, 12.00, NULL, 1, 2, 'INFO', '', 10309, 10305),
(10310, 'S4', 'OS01', '', 6.00, 12.00, 12.00, NULL, NULL, NULL, 'INFO', '', 10310, 10306),
(10311, 'S4', 'OS03', '', 6.00, 12.00, 12.00, NULL, NULL, NULL, 'INFO', '', 10311, 10306),
(10312, 'S4', 'OS06', '', 6.00, 12.00, 12.00, NULL, NULL, NULL, 'INFO', '', 10312, 10306),
(10313, 'S4', 'OS10', '', 6.00, 12.00, 12.00, NULL, NULL, NULL, 'INFO', '', 10313, 10306),
(10314, 'S4', 'OS11', '', 6.00, 12.00, 12.00, NULL, NULL, NULL, 'INFO', '', 10314, 10306),
(10315, 'S4', 'M4106L', '', NULL, 4.00, NULL, NULL, 13, NULL, 'INFO', '', 10315, 10306),
(10316, 'S4', 'OS07', '', 6.00, 12.00, 12.00, NULL, NULL, NULL, 'INFO', '', 10316, 10307),
(10317, 'S4', 'OS09', '', 6.00, 12.00, 12.00, NULL, NULL, NULL, 'INFO', '', 10317, 10307),
(10318, 'S4', 'M4203L', '', 0.00, 15.00, 15.00, NULL, NULL, NULL, 'INFO', '', 10318, 10307),
(10319, 'S4', 'M4204L', '', 0.00, 18.00, 12.00, NULL, 1, 2, 'INFO', '', 10319, 10307),
(10320, 'S4', 'M4301', '', NULL, 2.00, NULL, NULL, 54, NULL, 'INFO', '', 10320, 10308),
(20001, 'S1', 'M1101', '', 0.00, 10.50, 10.50, NULL, NULL, NULL, 'MMI', '', 20001, 20110),
(20002, 'S1', 'M1102', '', 0.00, 0.00, 13.50, NULL, NULL, NULL, 'MMI', 'Allemand, Espagnol et Néerlandais\r\nA faire sur la seconde période du s1 car vacataires', 20002, 20110),
(20003, 'S1', 'M1103', NULL, 10.50, 10.50, 0.00, NULL, NULL, NULL, 'MMI', NULL, 20003, 20110),
(20004, 'S1', 'M1104', NULL, 10.50, 10.50, 12.00, NULL, NULL, NULL, 'MMI', NULL, 20004, 20110),
(20005, 'S1', 'M1105', NULL, 10.50, 10.50, 10.50, NULL, NULL, NULL, 'MMI', NULL, 20005, 20110),
(20006, 'S1', 'M1106', '', 6.00, 21.00, 10.50, NULL, NULL, NULL, 'MMI', '', 20006, 20110),
(20007, 'S1', 'M1107', NULL, 6.00, 10.50, 21.00, NULL, NULL, NULL, 'MMI', '50% TP pour la Ges. Projet, 50% pour la bureautique', 20007, 20110),
(20008, 'S1', 'M1108', '', 0.00, 0.00, 2.00, NULL, NULL, 11, 'MMI', '', 20008, 20110),
(20009, 'S1', 'M1109', NULL, 3.00, 10.50, 0.00, NULL, NULL, NULL, 'MMI', 'Uniquement Mercatique sur S1 ', 20009, 20110),
(20010, 'S1', 'M1110', '', 0.00, 0.00, 7.50, NULL, NULL, 2, 'MMI', '', 20010, 20110),
(20011, 'S1', 'M1207', '', 1.50, 0.00, 1.50, NULL, NULL, NULL, 'MMI', '', 20011, 20120),
(20012, 'S1', 'M1201', '', 0.00, 21.00, 0.00, NULL, NULL, NULL, 'MMI', '', 20012, 20120),
(20013, 'S1', 'M1201', '', 10.50, 0.00, 10.50, NULL, NULL, NULL, 'MMI', '', 20013, 20120),
(20014, 'S1', 'M1202', '', 10.50, 10.50, 10.50, NULL, NULL, NULL, 'MMI', 'Base de l''algorithmique.\r\nA faire sur la seconde période du s1 car module services sur réseaux (SE) en pré-requis', 20014, 20120),
(20015, 'S1', 'M1203', '', 15.00, 19.50, 19.50, NULL, NULL, NULL, 'MMI', 'SE et introduction aux réseaux\r\nA faire sur la première et seconde période du s1\r\n\r\nP1 :\r\n1CM + 1TD + 1TP / semaine \r\n\r\nP2\r\n1CM une fois sur 2 + 1TD + 1TP (termine une semaine avant la fin de la période) ', 20015, 20120),
(20016, 'S1', 'M1204', 'Photoshop', 0.00, 0.00, 28.50, NULL, NULL, NULL, 'MMI', 'Photoshop introduction\r\n\r\n7 TP 1h30 (P1) + 6 TP 3h (P2)....', 20016, 20120),
(20017, 'S1', 'M1205', '', 3.00, 0.00, 10.50, NULL, NULL, NULL, 'MMI', 'Base du HTML/CSS\r\nA faire sur la première période du s1\r\n2 CM - 1 en S0 pour l''introduction + 1 à la fin de la période pour évaluation', 20017, 20120),
(20018, 'S1', 'M1206', '', 10.50, 10.50, 15.00, NULL, NULL, NULL, 'MMI', '', 20018, 20120),
(20019, 'S1', 'M1207', '', 0.00, 0.00, 7.50, NULL, NULL, 1, 'MMI', '', 20019, 20120),
(20020, 'S1', 'Divers', NULL, 0.00, 0.00, 0.00, NULL, NULL, NULL, 'MMI', NULL, 20020, 20120),
(20021, 'S1', 'Divers', '', 0.00, 0.00, 0.00, NULL, NULL, NULL, 'MMI', '', 20021, 20120),
(20022, 'S1', 'Divers', NULL, 0.00, 0.00, 0.00, NULL, NULL, NULL, 'MMI', NULL, 20022, 20120),
(20023, 'S2', 'M2101', '', 0.00, 10.50, 10.50, NULL, NULL, NULL, 'MMI', '', 20023, 20210),
(20024, 'S2', 'M2102', NULL, 0.00, 0.00, 21.00, NULL, NULL, NULL, 'MMI', 'Allemand, Espagnol et Néerlandais', 20024, 20210),
(20025, 'S2', 'M2103', NULL, 10.50, 13.50, 10.50, NULL, NULL, NULL, 'MMI', NULL, 20025, 20210),
(20026, 'S2', 'M2104', NULL, 6.00, 10.50, 10.50, NULL, NULL, NULL, 'MMI', NULL, 20026, 20210),
(20027, 'S2', 'M2105', NULL, 6.00, 10.50, 10.50, NULL, NULL, NULL, 'MMI', NULL, 20027, 20210),
(20028, 'S2', 'M2106', '', 0.00, 10.50, 21.00, NULL, NULL, NULL, 'MMI', '', 20028, 20210),
(20029, 'S2', 'M2107', '', 4.50, 10.50, 10.50, NULL, NULL, NULL, 'MMI', '', 20029, 20210),
(20030, 'S2', 'M2108', NULL, 0.00, 10.50, 10.50, NULL, NULL, NULL, 'MMI', NULL, 20030, 20210),
(20031, 'S2', 'M2109', '', 0.00, 10.50, 0.00, NULL, NULL, NULL, 'MMI', '50% TD éco, 50% TD mercatique', 20031, 20210),
(20032, 'S2', 'M2109', '', 0.00, 10.50, 0.00, NULL, NULL, NULL, 'MMI', '50% TD éco, 50% TD mercatique', 20032, 20210),
(20033, 'S2', 'M2201', NULL, 0.00, 21.00, 0.00, NULL, NULL, NULL, 'MMI', NULL, 20033, 20220),
(20034, 'S2', 'M2201', NULL, 10.50, 0.00, 10.50, NULL, NULL, NULL, 'MMI', NULL, 20034, 20220),
(20035, 'S2', 'M2202', '', 10.50, 10.50, 10.50, NULL, NULL, NULL, 'MMI', 'algo sur P1\r\n', 20035, 20220),
(20036, 'S2', 'M2203', NULL, 6.00, 10.50, 21.00, NULL, NULL, NULL, 'MMI', NULL, 20036, 20220),
(20037, 'S2', 'M2204', NULL, 6.00, 6.00, 21.00, NULL, NULL, NULL, 'MMI', NULL, 20037, 20220),
(20038, 'S2', 'M2205', '', 0.00, 9.00, 21.00, NULL, NULL, NULL, 'MMI', '3 premières séances de 3h pour Emma\r\n4 séances suivantes de 3h pour Laurent', 20038, 20220),
(20039, 'S2', 'M2206', NULL, 10.50, 0.00, 21.00, NULL, NULL, NULL, 'MMI', 'Javascript', 20039, 20220),
(20040, 'S2', 'M2207', '', 0.00, 10.50, 21.00, NULL, NULL, NULL, 'MMI', '2.5 jours de tournage en TP et montage en TD', 20040, 20220),
(20041, 'S2', 'M2208', NULL, 0.00, 0.00, 90.00, NULL, NULL, NULL, 'MMI', NULL, 20041, 20220),
(20042, 'S2', 'Divers', NULL, 0.00, 0.00, 0.00, NULL, NULL, NULL, 'MMI', NULL, 20042, 20220),
(20043, 'S2', 'Divers', NULL, 0.00, 0.00, 0.00, NULL, NULL, NULL, 'MMI', NULL, 20043, 20220),
(20044, 'S3', 'M3101', NULL, 0.00, 12.00, 13.50, NULL, NULL, NULL, 'MMI', NULL, 20044, 20310),
(20045, 'S3', 'M3102', NULL, 0.00, 0.00, 13.50, NULL, NULL, NULL, 'MMI', 'Allemand, Espagnol et Néerlandais', 20045, 20310),
(20046, 'S3', 'M3103', '', 12.00, 12.00, 10.50, NULL, NULL, NULL, 'MMI', '', 20046, 20310),
(20047, 'S3', 'M3104', NULL, 4.50, 10.50, 10.50, NULL, NULL, NULL, 'MMI', NULL, 20047, 20310),
(20048, 'S3', 'M3105', NULL, 10.50, 10.50, 12.00, NULL, NULL, NULL, 'MMI', NULL, 20048, 20310),
(20049, 'S3', 'M3106', '', 0.00, 0.00, 18.00, NULL, NULL, NULL, 'MMI', '', 20049, 20310),
(20050, 'S3', 'M3107', NULL, 0.00, 10.50, 10.50, NULL, NULL, NULL, 'MMI', NULL, 20050, 20310),
(20051, 'S3', 'M3108', NULL, 0.00, 10.50, 10.50, NULL, NULL, NULL, 'MMI', NULL, 20051, 20310),
(20052, 'S3', 'M3109', NULL, 10.50, 10.50, 0.00, NULL, NULL, NULL, 'MMI', NULL, 20052, 20310),
(20053, 'S3', 'M3109', NULL, 10.50, 10.50, 0.00, NULL, NULL, NULL, 'MMI', NULL, 20053, 20310),
(20054, 'S3', 'M3201', '', 0.00, 10.50, 0.00, NULL, NULL, NULL, 'MMI', '', 20054, 20320),
(20055, 'S3', 'M3201', NULL, 10.50, 0.00, 21.00, NULL, NULL, NULL, 'MMI', NULL, 20055, 20320),
(20056, 'S3', 'M2302', 'PHP pour le web (connexion bd, cookies...)', 4.50, 10.50, 21.00, NULL, NULL, NULL, 'MMI', 'PHP pour le web (connexion bd, cookies...)', 20056, 20320),
(20057, 'S3', 'M3203', '', 4.50, 10.50, 21.00, NULL, NULL, NULL, 'MMI', 'Android', 20057, 20320),
(20058, 'S3', 'M3204', NULL, 6.00, 10.50, 18.00, NULL, NULL, NULL, 'MMI', NULL, 20058, 20320),
(20059, 'S3', 'M3205', '', 0.00, 0.00, 21.00, NULL, NULL, NULL, 'MMI', 'Indesign - 4 séances Laurent et 3 séances Patrick', 20059, 20320),
(20060, 'S3', 'M3206', '', 3.00, 10.50, 21.00, NULL, NULL, NULL, 'MMI', 'ajax, jquery et responsive design', 20060, 20320),
(20061, 'S3', 'M3207', '', 0.00, 10.50, 24.00, NULL, NULL, NULL, 'MMI', 'Préprod + tournage + montage', 20061, 20320),
(20062, 'S3', 'M3208', NULL, 0.00, 0.00, 90.00, NULL, NULL, NULL, 'MMI', NULL, 20062, 20320),
(20063, 'S3', 'Divers', NULL, 0.00, 0.00, 0.00, NULL, NULL, NULL, 'MMI', NULL, 20063, 20320),
(20064, 'S3', 'Divers', NULL, 1.00, 0.00, 0.00, NULL, NULL, NULL, 'MMI', NULL, 20064, 20320),
(20065, 'S3', 'Divers', NULL, 0.00, 0.00, 0.00, NULL, NULL, NULL, 'MMI', NULL, 20065, 20320),
(20066, 'S4', 'M4101', '', 0.00, 0.00, 30.00, NULL, NULL, 2, 'MMI', '', 20066, 20410),
(20067, 'S4', 'Module S4', '', 0.00, 0.00, 21.00, NULL, NULL, 2, 'MMI', '', 20067, 20410),
(20068, 'S4', 'Module S4', '', NULL, NULL, NULL, NULL, NULL, NULL, 'MMI', '', 20068, 20410),
(20069, 'S4', 'Module S4', '', 0.00, 0.00, 21.00, NULL, NULL, 2, 'MMI', '', 20069, 20410),
(20070, 'S4', 'Module S4', '', NULL, NULL, NULL, NULL, NULL, NULL, 'MMI', '', 20070, 20410),
(20071, 'S4', 'Module S4', '', 0.00, 0.00, 15.00, NULL, NULL, 2, 'MMI', '', 20071, 20410),
(20072, 'S4', 'Module S4', '', 0.00, 0.00, 15.00, NULL, NULL, 2, 'MMI', '', 20072, 20410),
(20073, 'S4', 'Module S4', '', 0.00, 0.00, 15.00, NULL, NULL, 2, 'MMI', '', 20073, 20410),
(20074, 'S4', 'Module S4', '', 0.00, 7.50, 0.00, NULL, 1, NULL, 'MMI', '', 20074, 20420),
(20075, 'S4', 'Module S4', '', 0.00, 8.00, 0.00, NULL, 1, NULL, 'MMI', '', 20075, 20420),
(20076, 'S4', 'Module S4', '', 0.00, 0.00, 15.00, NULL, NULL, 2, 'MMI', '', 20076, 20420),
(20077, 'S4', 'Module S4', '', 0.00, 0.00, 8.00, NULL, NULL, 2, 'MMI', '', 20077, 20420),
(20078, 'S4', 'Module S4', '', NULL, NULL, NULL, NULL, NULL, NULL, 'MMI', '', 20078, 20420),
(20079, 'S4', 'Module S4', '', 0.00, 0.00, 18.00, NULL, NULL, 2, 'MMI', '', 20079, 20420),
(20080, 'S4', 'Module S4', NULL, 0.00, 0.00, 90.00, NULL, NULL, NULL, 'MMI', NULL, 20080, 20420),
(20081, 'S4', 'Module S4', NULL, 0.00, 0.00, 0.00, NULL, NULL, NULL, 'MMI', NULL, 20081, 20420),
(20082, 'S4', 'Module S4', NULL, 0.00, 0.00, 0.00, NULL, NULL, NULL, 'MMI', NULL, 20082, 20420),
(20083, 'S4', 'M4101', '', 0.00, 0.00, 15.00, NULL, NULL, 1, 'MMI', '', 20083, 20411),
(20084, 'S4', 'Module S4', '', 0.00, 0.00, 30.00, NULL, NULL, 1, 'MMI', '', 20084, 20411),
(20085, 'S4', 'Module S4', '', 0.00, 0.00, 21.00, NULL, NULL, 1, 'MMI', '', 20085, 20411),
(20086, 'S4', 'Module S4', '', NULL, NULL, NULL, NULL, NULL, NULL, 'MMI', '', 20086, 20411),
(20087, 'S4', 'Module S4', '', NULL, NULL, NULL, NULL, NULL, NULL, 'MMI', '', 20087, 20411),
(20088, 'S4', 'Module S4', '', 0.00, 0.00, 15.00, NULL, NULL, 1, 'MMI', '', 20088, 20411),
(20089, 'S4', 'Module S4', '', 0.00, 0.00, 13.00, NULL, NULL, 1, 'MMI', '', 20089, 20421),
(20090, 'S4', 'Module S4', '', 0.00, 0.00, 15.00, NULL, NULL, 1, 'MMI', '', 20090, 20421),
(20091, 'S4', 'Module S4', '', 0.00, 0.00, 37.50, NULL, NULL, 1, 'MMI', '', 20091, 20421),
(20092, 'S4', 'Module S4', '', 0.00, 0.00, 37.50, NULL, NULL, 1, 'MMI', '', 20092, 20421),
(20093, 'S4', 'Module S4', NULL, 0.00, 0.00, 90.00, NULL, NULL, NULL, 'MMI', NULL, 20093, 20421),
(20094, 'S4', 'Module S4', NULL, 0.00, 0.00, 0.00, NULL, NULL, NULL, 'MMI', NULL, 20094, 20421),
(20095, 'S4', 'Module S4', NULL, 0.00, 0.00, 0.00, NULL, NULL, NULL, 'MMI', NULL, 20095, 20421),
(20096, 'S4', 'M4101', '', 0.00, 0.00, 15.00, NULL, NULL, 2, 'MMI', '', 20096, 20412),
(20097, 'S4', 'Module S4', '', 0.00, 0.00, 7.50, NULL, NULL, 2, 'MMI', '', 20097, 20412),
(20098, 'S4', 'Module S4', '', 0.00, 0.00, 21.00, NULL, NULL, 2, 'MMI', '', 20098, 20412),
(20099, 'S4', 'Module S4', '', NULL, NULL, NULL, NULL, NULL, NULL, 'MMI', '', 20099, 20412),
(20100, 'S4', 'Module S4', '', 0.00, 0.00, 15.00, NULL, NULL, 2, 'MMI', '', 20100, 20412),
(20101, 'S4', 'Module S4', '', 0.00, 30.00, 0.00, NULL, 1, NULL, 'MMI', '', 20101, 20412),
(20102, 'S4', 'Module S4', '', 0.00, 0.00, 21.00, NULL, NULL, 2, 'MMI', '', 20102, 20422),
(20103, 'S4', 'Module S4', '', 0.00, 0.00, 18.00, NULL, NULL, 2, 'MMI', '', 20103, 20422),
(20104, 'S4', 'Module S4', '', 0.00, 0.00, 12.00, NULL, NULL, 2, 'MMI', '', 20104, 20422),
(20105, 'S4', 'Module S4', '', 0.00, 0.00, 15.00, NULL, NULL, 2, 'MMI', '', 20105, 20422),
(20106, 'S4', 'Module S4', '', 0.00, 0.00, 10.50, NULL, NULL, 2, 'MMI', '', 20106, 20422),
(20107, 'S4', 'Module S4', NULL, 0.00, 0.00, 90.00, NULL, NULL, NULL, 'MMI', NULL, 20107, 20422),
(20108, 'S4', 'Module S4', NULL, 0.00, 0.00, 0.00, NULL, NULL, NULL, 'MMI', NULL, 20108, 20422),
(20109, 'S4', 'Module S4', NULL, 0.00, 0.00, 0.00, NULL, NULL, NULL, 'MMI', NULL, 20109, 20422),
(20110, 'S1', 'Divers', '', 0.00, 0.00, 0.00, NULL, NULL, NULL, 'MMI', '', 20111, 20110),
(20111, 'S3', 'M3108', '', 0.00, 0.00, 0.00, NULL, NULL, NULL, 'MMI', '', 20112, 20320),
(20112, 'S4', 'Module S4', '', NULL, NULL, NULL, NULL, NULL, NULL, 'MMI', '', 20113, 20411),
(20113, 'S4', 'Divers', '', 0.00, 0.00, 0.00, NULL, NULL, NULL, 'MMI', '', 20111, 20410),
(20114, 'S2', 'M2202', '', 0.00, 0.00, 10.50, NULL, NULL, NULL, 'MMI', 'Algorithmique pour le web - base du PHP\r\nA placer sur P2', 20114, 20220),
(20115, 'S3', 'M3107', '', 0.00, 0.00, 0.00, NULL, NULL, NULL, 'MMI', '', 20110, 20310),
(30001, 'S1', 'M 11 01', NULL, 0.00, 26.00, 0.00, NULL, NULL, NULL, 'GEA', NULL, 30001, 30001),
(30002, 'S1', 'M 11 02', NULL, 0.00, 30.00, 0.00, NULL, NULL, NULL, 'GEA', NULL, 30002, 30001),
(30003, 'S1', 'M 11 03 E', NULL, 0.00, 18.00, 0.00, NULL, NULL, NULL, 'GEA', NULL, 30003, 30001),
(30004, 'S1', 'M 11 03 A', NULL, 0.00, 18.00, 0.00, NULL, NULL, NULL, 'GEA', NULL, 30004, 30001),
(30005, 'S1', 'M 11 04', '', 0.00, 14.00, 16.00, NULL, NULL, NULL, 'GEA', '', 30005, 30001),
(30006, 'S1', 'M 11 05', '', 0.00, 0.00, 15.00, NULL, NULL, NULL, 'GEA', '', 30006, 30001),
(30007, 'S1', 'M 11 06', NULL, 15.00, 24.00, 0.00, NULL, NULL, NULL, 'GEA', NULL, 30007, 30001),
(30008, 'S1', 'M 11 07', NULL, 10.00, 10.00, 0.00, NULL, NULL, NULL, 'GEA', NULL, 30008, 30001),
(30009, 'S1', 'M 11 08', NULL, 12.00, 12.00, 0.00, NULL, NULL, NULL, 'GEA', NULL, 30009, 30001),
(30010, 'S1', 'M 11 09', NULL, 0.00, 18.00, 0.00, NULL, NULL, NULL, 'GEA', NULL, 30010, 30001),
(30011, 'S1', 'M 12 01', NULL, 16.00, 8.00, 0.00, NULL, NULL, NULL, 'GEA', NULL, 30011, 30002),
(30012, 'S1', 'M 12 02', NULL, 14.00, 14.00, 0.00, NULL, NULL, NULL, 'GEA', NULL, 30012, 30002),
(30013, 'S1', 'M 12 03', '', 16.00, 54.00, 0.00, NULL, NULL, NULL, 'GEA', '', 30013, 30002),
(30014, 'S1', 'M 12 04', NULL, 6.00, 12.00, 0.00, NULL, NULL, NULL, 'GEA', NULL, 30014, 30002),
(30015, 'S1', 'M 12 05', '', NULL, 40.00, 0.00, NULL, NULL, NULL, 'GEA', '', 30015, 30002),
(30016, 'S1', 'M 12 06', NULL, 8.00, 10.00, 0.00, NULL, NULL, NULL, 'GEA', NULL, 30016, 30002),
(30017, 'S1', 'M 12 07', NULL, 0.00, 18.00, 0.00, NULL, NULL, NULL, 'GEA', NULL, 30017, 30002),
(30018, 'S1', 'Divers', NULL, 0.00, 0.00, 0.00, NULL, NULL, NULL, 'GEA', NULL, 30018, 30009),
(30019, 'S1', 'Divers', NULL, 0.00, 0.00, 0.00, NULL, NULL, NULL, 'GEA', NULL, 30019, 30009),
(30020, 'S1', 'Divers', NULL, 0.00, 0.00, 0.00, NULL, NULL, NULL, 'GEA', NULL, 30020, 30009),
(30021, 'S1', 'Divers', NULL, 0.00, 0.00, 0.00, NULL, NULL, NULL, 'GEA', NULL, 30021, 30009),
(30022, 'S1', 'Divers', NULL, 0.00, 0.00, 0.00, NULL, NULL, NULL, 'GEA', NULL, 30022, 30009),
(30023, 'S2', 'M 21 01 ', NULL, 0.00, 26.00, 0.00, NULL, NULL, NULL, 'GEA', NULL, 30023, 30003),
(30024, 'S2', 'M 21 02', NULL, 0.00, 36.00, 0.00, NULL, NULL, NULL, 'GEA', NULL, 30024, 30003),
(30025, 'S2', 'M 21 03 E', NULL, 0.00, 18.00, 0.00, NULL, NULL, NULL, 'GEA', NULL, 30025, 30003),
(30026, 'S2', 'M 21 03 A', NULL, 0.00, 18.00, 0.00, NULL, NULL, NULL, 'GEA', NULL, 30026, 30003),
(30027, 'S2', 'M 21 04 ', '', 0.00, 12.00, 12.00, NULL, NULL, NULL, 'GEA', '', 30027, 30003),
(30028, 'S2', 'M 21 05', '', 0.00, 0.00, 15.00, NULL, NULL, NULL, 'GEA', '', 30028, 30003),
(30029, 'S2', 'M 21 06 ', NULL, 18.00, 20.00, 0.00, NULL, NULL, NULL, 'GEA', NULL, 30029, 30003),
(30030, 'S2', 'M 21 07', NULL, 18.00, 0.00, 0.00, NULL, NULL, NULL, 'GEA', NULL, 30030, 30003),
(30031, 'S2', 'M 21 08', NULL, 4.00, 11.00, 0.00, NULL, NULL, NULL, 'GEA', NULL, 30031, 30003),
(30032, 'S2', 'M 21 09', '', 0.00, 16.00, NULL, NULL, 6, NULL, 'GEA', '', 30032, 30003),
(30033, 'S2', 'M 22 01', NULL, 24.00, 24.00, 0.00, NULL, NULL, NULL, 'GEA', NULL, 30033, 30004),
(30034, 'S2', 'M 22 02', NULL, 12.00, 12.00, 0.00, NULL, NULL, NULL, 'GEA', NULL, 30034, 30004),
(30035, 'S2', 'M 22 03', '', NULL, 44.00, 0.00, NULL, NULL, NULL, 'GEA', '', 30035, 30004),
(30036, 'S2', 'M 22 04', NULL, 6.00, 12.00, 0.00, NULL, NULL, NULL, 'GEA', NULL, 30036, 30004),
(30037, 'S2', 'M 22 05', '', NULL, 26.00, 0.00, NULL, NULL, NULL, 'GEA', '', 30037, 30004),
(30038, 'S2', 'M 22 06', NULL, 6.00, 18.00, 0.00, NULL, NULL, NULL, 'GEA', NULL, 30038, 30004),
(30039, 'S2', 'M 22 07', '', NULL, 20.00, 0.00, 2, 4, NULL, 'GEA', '', 30039, 30004),
(30040, 'S2', 'M 22 08', '', 0.00, NULL, 18.00, NULL, NULL, 8, 'GEA', '', 30040, 30004),
(30041, 'S2', 'M 22 09', '', 0.00, 10.00, 0.00, NULL, 30, NULL, 'GEA', '', 30041, 30004),
(30042, 'S2', 'ANTIPLAGIAT/CHALLENGE', '', 0.00, 10.00, 15.00, NULL, 4, 5, 'GEA', '', 30042, 30010),
(30043, 'S1', 'Divers', NULL, 0.00, 0.00, 0.00, NULL, NULL, NULL, 'GEA', NULL, 30043, 30010),
(30044, 'S1', 'Divers', NULL, 0.00, 0.00, 0.00, NULL, NULL, NULL, 'GEA', NULL, 30044, 30010),
(30045, 'S1', 'Divers', NULL, 0.00, 0.00, 0.00, NULL, NULL, NULL, 'GEA', NULL, 30045, 30010),
(30046, 'S1', 'Divers', NULL, 0.00, 0.00, 0.00, NULL, NULL, NULL, 'GEA', NULL, 30046, 30010),
(30100, 'S1', 'M 11 01', '', 0.00, 20.00, 0.00, NULL, NULL, NULL, 'GEA-APP', '', 30100, 30005),
(30101, 'S1', 'M 11 02', NULL, 0.00, 30.00, 0.00, NULL, NULL, NULL, 'GEA-APP', NULL, 30101, 30005),
(30102, 'S1', 'M 11 04', NULL, 0.00, 30.00, 0.00, NULL, NULL, NULL, 'GEA-APP', NULL, 30102, 30005),
(30103, 'S1', 'M 11 06', NULL, 0.00, 30.00, 0.00, NULL, NULL, NULL, 'GEA-APP', NULL, 30103, 30005),
(30104, 'S1', 'M 11 07', '', 0.00, 20.00, 0.00, NULL, NULL, NULL, 'GEA-APP', '', 30104, 30005),
(30105, 'S1', 'M 11 08', '', 0.00, 22.00, 0.00, NULL, NULL, NULL, 'GEA-APP', '', 30105, 30005),
(30106, 'S1', 'M 11 09', '', 0.00, 8.00, 0.00, NULL, NULL, NULL, 'GEA-APP', '', 30106, 30005),
(30107, 'S1', 'M 12 01', NULL, 0.00, 20.00, 0.00, NULL, NULL, NULL, 'GEA-APP', NULL, 30107, 30006),
(30108, 'S1', 'M 12 02', NULL, 0.00, 12.00, 0.00, NULL, NULL, NULL, 'GEA-APP', NULL, 30108, 30006),
(30109, 'S1', 'M 12 03', '', 0.00, 50.00, 0.00, NULL, NULL, NULL, 'GEA-APP', '', 30109, 30006),
(30110, 'S1', 'M 12 04', '', 0.00, 10.00, 0.00, NULL, NULL, NULL, 'GEA-APP', '', 30110, 30006),
(30111, 'S1', 'M 12 05', '', 0.00, 50.00, 0.00, NULL, NULL, NULL, 'GEA-APP', '', 30111, 30006),
(30112, 'S1', 'M 12 06', NULL, 0.00, 18.00, 0.00, NULL, NULL, NULL, 'GEA-APP', NULL, 30112, 30006),
(30113, 'S1', 'M 12 07', '', 0.00, 10.00, 0.00, NULL, NULL, NULL, 'GEA-APP', '', 30113, 30006),
(30114, 'S2', 'M 21 01 ', '', 0.00, 20.00, 0.00, NULL, NULL, NULL, 'GEA-APP', '', 30114, 30007),
(30115, 'S2', 'M 21 02', NULL, 0.00, 30.00, 0.00, NULL, NULL, NULL, 'GEA-APP', NULL, 30115, 30007),
(30116, 'S2', 'M 21 04 ', NULL, 0.00, 30.00, 0.00, NULL, NULL, NULL, 'GEA-APP', NULL, 30116, 30007),
(30117, 'S2', 'M 21 05', 'Total de 16 h partagé entre 2 intervenants', 0.00, 16.00, 0.00, NULL, 1, NULL, 'GEA-APP', 'Module partagé entre Bonnin Sylvie et Leys Corinne (8 h chacune)', 30117, 30007),
(30118, 'S2', 'M 21 06 ', NULL, 0.00, 30.00, 0.00, NULL, NULL, NULL, 'GEA-APP', NULL, 30118, 30007),
(30119, 'S2', 'M 21 07', '', 0.00, 16.00, 0.00, NULL, NULL, NULL, 'GEA-APP', '', 30119, 30007),
(30120, 'S2', 'M 21 08', '', 0.00, 10.00, 0.00, NULL, NULL, NULL, 'GEA-APP', '', 30120, 30007),
(30121, 'S2', 'M 21 09', '', 0.00, 12.00, 0.00, NULL, NULL, NULL, 'GEA-APP', 'Suite du module spécial apprentissage pour la paie', 30121, 30007),
(30122, 'S2', 'M 22 01', NULL, 0.00, 24.00, 0.00, NULL, NULL, NULL, 'GEA-APP', NULL, 30122, 30008),
(30123, 'S2', 'M 22 02', '', 0.00, 20.00, 0.00, NULL, NULL, NULL, 'GEA-APP', '', 30123, 30008),
(30124, 'S2', 'M 22 03', '', 0.00, 40.00, 0.00, NULL, NULL, NULL, 'GEA-APP', '', 30124, 30008),
(30125, 'S2', 'M 22 04', '', 0.00, 16.00, 0.00, NULL, NULL, NULL, 'GEA-APP', '', 30125, 30008),
(30126, 'S2', 'M 22 05', '', 0.00, 30.00, 0.00, NULL, NULL, NULL, 'GEA-APP', '', 30126, 30008),
(30127, 'S2', 'M 22 06', NULL, 0.00, 20.00, 0.00, NULL, NULL, NULL, 'GEA-APP', NULL, 30127, 30008),
(30128, 'S2', 'M 22 07', '', 0.00, 16.00, 0.00, NULL, NULL, NULL, 'GEA-APP', '', 30128, 30008),
(30301, 'S3', 'M 31 01', NULL, 0.00, 30.00, 0.00, NULL, NULL, NULL, 'GEA', NULL, 30301, 30301),
(30302, 'S3', 'M 31 02 A', NULL, 0.00, 20.00, 0.00, NULL, NULL, NULL, 'GEA', NULL, 30302, 30301),
(30303, 'S3', 'M 31 02 E', NULL, 0.00, 20.00, 0.00, NULL, NULL, NULL, 'GEA', NULL, 30303, 30301),
(30304, 'S3', 'M 31 03', NULL, 12.00, 12.00, 0.00, NULL, NULL, NULL, 'GEA', NULL, 30304, 30301),
(30305, 'S3', 'M 31 04', NULL, 16.00, 9.00, 0.00, NULL, NULL, NULL, 'GEA', NULL, 30305, 30301),
(30306, 'S3', 'M 31 05', NULL, 12.00, 9.00, 0.00, NULL, NULL, NULL, 'GEA', NULL, 30306, 30301),
(30307, 'S3', 'M 31 06', NULL, 12.00, 12.00, 0.00, NULL, NULL, NULL, 'GEA', NULL, 30307, 30301),
(30308, 'S3', 'M 31 07', NULL, 12.00, 12.00, 0.00, NULL, NULL, NULL, 'GEA', NULL, 30308, 30301),
(30309, 'S3', 'M 31 08 C PEC', '', NULL, 18.00, 0.00, NULL, NULL, NULL, 'GEA', '', 30309, 30301),
(30310, 'S3', 'M 31 08 C PEL', '', NULL, 18.00, 0.00, NULL, NULL, NULL, 'GEA', '', 30310, 30301),
(30311, 'S3', 'M 31 09 C', '', NULL, 15.00, 0.00, NULL, NULL, NULL, 'GEA', '', 30311, 30301),
(30312, 'S3', 'M 31 10 C PEC', '', 0.00, NULL, 21.00, NULL, NULL, 4, 'GEA', '', 30312, 30301),
(30313, 'S3', 'M 31 10 C - 01 PEL', '', 0.00, 0.00, 21.00, NULL, NULL, 4, 'GEA', '', 30313, 30301),
(30314, 'S3', 'M 31 10 C - 02 PEL', '', 0.00, 21.00, NULL, NULL, 2, NULL, 'GEA', '', 30314, 30301),
(30315, 'S3', 'M 31 11 C', '', 2.00, 7.00, 14.00, 6, 6, 6, 'GEA', '', 30315, 30301),
(30316, 'S3', 'M 32 F 01', '', 0.00, 28.00, 0.00, NULL, NULL, NULL, 'GEA', '', 30316, 30302),
(30317, 'S3', 'M 32 M 01', NULL, 0.00, 28.00, 0.00, NULL, NULL, NULL, 'GEA', NULL, 30317, 30302),
(30318, 'S3', 'M 32 H 01', NULL, 0.00, 28.00, 0.00, NULL, NULL, NULL, 'GEA', NULL, 30318, 30302),
(30319, 'S3', 'M 32 F 02', '', 0.00, 16.00, 16.00, NULL, NULL, NULL, 'GEA', '', 30319, 30302),
(30320, 'S3', 'M 32 M 02', '', 0.00, 16.00, 16.00, NULL, NULL, NULL, 'GEA', '', 30320, 30302),
(30321, 'S3', 'M 32 H 02', '', 0.00, 16.00, 16.00, NULL, NULL, NULL, 'GEA', '', 30321, 30302),
(30322, 'S3', 'M 32 F 03', NULL, 0.00, 15.00, 0.00, NULL, NULL, NULL, 'GEA', NULL, 30322, 30302),
(30323, 'S3', 'M 32 M 03', NULL, 0.00, 15.00, 0.00, NULL, NULL, NULL, 'GEA', NULL, 30323, 30302),
(30324, 'S3', 'M 32 H 03', NULL, 0.00, 15.00, 0.00, NULL, NULL, NULL, 'GEA', NULL, 30324, 30302),
(30325, 'S3', 'M 32 F 04', NULL, 0.00, 42.00, 0.00, NULL, NULL, NULL, 'GEA', NULL, 30325, 30302),
(30326, 'S3', 'M 32 M 04', '', NULL, 21.00, 0.00, NULL, NULL, NULL, 'GEA', '', 30326, 30302),
(30327, 'S3', 'M 32 H 04', NULL, 0.00, 36.00, 0.00, NULL, NULL, NULL, 'GEA', NULL, 30327, 30302),
(30328, 'S3', 'M 32 F 05', '', 0.00, 21.00, 0.00, NULL, NULL, NULL, 'GEA', '', 30328, 30302),
(30329, 'S3', 'M 32 M 05', '', 8.00, 12.00, 0.00, 1, 2, NULL, 'GEA', '', 30329, 30302),
(30330, 'S3', 'M 32 H 05', '', 0.00, 21.00, 0.00, NULL, NULL, NULL, 'GEA', '', 30330, 30302),
(30331, 'S3', 'M 32 F 06', NULL, 0.00, 30.00, 0.00, NULL, NULL, NULL, 'GEA', NULL, 30331, 30302),
(30332, 'S3', 'M 32 M 06', '', NULL, 21.00, 0.00, NULL, NULL, NULL, 'GEA', '', 30332, 30302),
(30333, 'S3', 'M 32 H 06', NULL, 0.00, 30.00, 0.00, NULL, NULL, NULL, 'GEA', NULL, 30333, 30302),
(30334, 'S3', 'M 32 F 07', NULL, 0.00, 24.00, 0.00, NULL, NULL, NULL, 'GEA', NULL, 30334, 30302),
(30335, 'S3', 'M 32 M 07', NULL, 0.00, 24.00, 0.00, NULL, NULL, NULL, 'GEA', NULL, 30335, 30302),
(30336, 'S3', 'M 32 H 07', '', 6.00, 30.00, 0.00, 1, 1, NULL, 'GEA', '', 30336, 30302),
(30337, 'S3', 'M 32 M 08', '', 0.00, 15.00, 0.00, NULL, NULL, NULL, 'GEA', '', 30337, 30302),
(30338, 'S3', 'M 32 M 09', '', NULL, 18.00, 0.00, NULL, NULL, NULL, 'GEA', '', 30338, 30302),
(30339, 'S3', 'Divers', NULL, 0.00, 0.00, 0.00, NULL, NULL, NULL, 'GEA', NULL, 30339, NULL),
(30340, 'S3', 'Divers', NULL, 0.00, 0.00, 0.00, NULL, NULL, NULL, 'GEA', NULL, 30340, NULL),
(30341, 'S3', 'Divers', NULL, 0.00, 0.00, 0.00, NULL, NULL, NULL, 'GEA', NULL, 30341, NULL),
(30342, 'S3', 'Divers', NULL, 0.00, 0.00, 0.00, NULL, NULL, NULL, 'GEA', NULL, 30342, NULL),
(30343, 'S3', 'Divers', NULL, 0.00, 0.00, 0.00, NULL, NULL, NULL, 'GEA', NULL, 30343, NULL),
(30344, 'S3', 'Divers', NULL, 0.00, 0.00, 0.00, NULL, NULL, NULL, 'GEA', NULL, 30344, NULL),
(30345, 'S3', 'Divers', NULL, 0.00, 0.00, 0.00, NULL, NULL, NULL, 'GEA', NULL, 30345, NULL),
(30346, 'S3', 'Divers', NULL, 0.00, 0.00, 0.00, NULL, NULL, NULL, 'GEA', NULL, 30346, NULL),
(30347, 'S3', 'Divers', NULL, 0.00, 0.00, 0.00, NULL, NULL, NULL, 'GEA', NULL, 30347, NULL),
(30401, 'S4', 'M 41 01', NULL, 0.00, 20.00, 0.00, NULL, NULL, NULL, 'GEA', NULL, 30401, 30303),
(30402, 'S4', 'M 41 02', NULL, 0.00, 24.00, 0.00, NULL, NULL, NULL, 'GEA', NULL, 30402, 30303),
(30403, 'S4', 'M 41 03 A', NULL, 0.00, 20.00, 0.00, NULL, NULL, NULL, 'GEA', NULL, 30403, 30303),
(30404, 'S4', 'M 41 03 E', NULL, 0.00, 20.00, 0.00, NULL, NULL, NULL, 'GEA', NULL, 30404, 30303),
(30405, 'S4', 'M 41 04', NULL, 9.00, 6.00, 0.00, NULL, NULL, NULL, 'GEA', NULL, 30405, 30303),
(30406, 'S4', 'M 41 05', '', 0.00, 0.00, 15.00, NULL, NULL, NULL, 'GEA', '', 30406, 30303),
(30407, 'S4', 'M 41 06', NULL, 0.00, 8.00, 10.00, NULL, NULL, NULL, 'GEA', NULL, 30407, 30303),
(30408, 'S4', 'M 41 07', '', 0.00, 20.00, 0.00, NULL, NULL, NULL, 'GEA', '', 30408, 30303),
(30409, 'S4', 'M 41 08 C PEC', '', NULL, 24.00, 0.00, NULL, NULL, NULL, 'GEA', '', 30409, 30303),
(30410, 'S4', 'M 41 08 C PEL', '', NULL, 24.00, 10.00, NULL, 2, 2, 'GEA', '', 30410, 30303),
(30411, 'S4', 'M 41 09 C PEL', '', NULL, 24.00, 0.00, NULL, NULL, NULL, 'GEA', '', 30411, 30303),
(30412, 'S4', 'M 41 09 C PEC', '', NULL, 20.00, 0.00, NULL, NULL, NULL, 'GEA', '', 30412, 30303),
(30413, 'S4', 'M 41 10 C', '', 23.00, 24.00, 0.00, NULL, 2, NULL, 'GEA', '', 30413, 30303),
(30414, 'S4', 'M 41 F 11', '', 0.00, 24.00, 0.00, NULL, NULL, NULL, 'GEA', '', 30414, 30303),
(30415, 'S4', 'M 41 M 11', NULL, 6.00, 14.00, 0.00, NULL, NULL, NULL, 'GEA', NULL, 30415, 30303),
(30416, 'S4', 'M 41 H 11', NULL, 0.00, 20.00, 0.00, NULL, NULL, NULL, 'GEA', NULL, 30416, 30303),
(30417, 'S4', 'M 41 F 12 C', NULL, 0.00, 18.00, 0.00, NULL, NULL, NULL, 'GEA', NULL, 30417, 30303),
(30418, 'S4', 'M 41 M 12 C', '', 6.00, 12.00, 0.00, NULL, 2, NULL, 'GEA', '', 30418, 30303),
(30419, 'S4', 'M 41 H 12 C', '', 3.00, 19.00, 0.00, 1, 1, NULL, 'GEA', '', 30419, 30303),
(30420, 'S4', 'M 41 F 13 C', NULL, 0.00, 24.00, 0.00, NULL, NULL, NULL, 'GEA', NULL, 30420, 30303),
(30421, 'S4', 'M 41 M 13 C', NULL, 0.00, 24.00, 0.00, NULL, NULL, NULL, 'GEA', NULL, 30421, 30303),
(30422, 'S4', 'M 41 H 13 C', '', 0.00, NULL, 24.00, NULL, NULL, 2, 'GEA', '', 30422, 30303),
(30423, 'S4', 'M 41 F 14 C', NULL, 6.00, 24.00, 0.00, NULL, NULL, NULL, 'GEA', NULL, 30423, 30303),
(30424, 'S4', 'M 41 M 14 C', '', 4.00, NULL, 18.00, 1, NULL, 4, 'GEA', '', 30424, 30303),
(30425, 'S4', 'M 41 H 14 C', NULL, 0.00, 24.00, 0.00, NULL, NULL, NULL, 'GEA', NULL, 30425, 30303),
(30426, 'S4', 'Divers', NULL, 0.00, 0.00, 0.00, NULL, NULL, NULL, 'GEA', NULL, 30426, 30303),
(30427, 'S4', 'Divers', NULL, 0.00, 0.00, 0.00, NULL, NULL, NULL, 'GEA', NULL, 30427, 30303),
(30428, 'S4', 'Divers', NULL, 0.00, 0.00, 0.00, NULL, NULL, NULL, 'GEA', NULL, 30428, 30303),
(30429, 'S4', 'Divers', NULL, 0.00, 0.00, 0.00, NULL, NULL, NULL, 'GEA', NULL, 30429, 30303),
(30430, 'S4', 'Divers', NULL, 0.00, 0.00, 0.00, NULL, NULL, NULL, 'GEA', NULL, 30430, 30303),
(30431, 'S4', 'Divers', NULL, 0.00, 0.00, 0.00, NULL, NULL, NULL, 'GEA', NULL, 30431, 30303),
(30432, 'S4', 'Divers', NULL, 0.00, 0.00, 0.00, NULL, NULL, NULL, 'GEA', NULL, 30432, 30303),
(30433, 'S4', 'Divers', '', 0.00, 10.00, 1.00, NULL, 20, 12, 'GEA', '', 30433, 30303),
(30434, 'S4', 'Divers', NULL, 0.00, 0.00, 0.00, NULL, NULL, NULL, 'GEA', NULL, 30434, 30303),
(40001, 'S1', 'Organisation des entreprises', NULL, 36.00, 90.00, 0.00, 0, 0, 0, 'TC', NULL, 40001, 40001),
(40002, 'S1', 'Fondamentaux du marketing', NULL, 36.00, 90.00, 0.00, 0, 0, 0, 'TC', NULL, 40002, 40001),
(40003, 'S1', 'Concepts et stratégies marketing', NULL, 36.00, 90.00, 0.00, 0, 0, 0, 'TC', NULL, 40003, 40001),
(40004, 'S1', 'Economie générale 1', NULL, 36.00, 90.00, 0.00, 0, 0, 0, 'TC', NULL, 40004, 40001),
(40005, 'S1', 'Droit principes généraux', NULL, 36.00, 90.00, 0.00, 0, 0, 0, 'TC', NULL, 40005, 40001),
(40006, 'S1', 'Projet Personnel et Professionnel 1', NULL, 15.00, 0.00, 240.00, 0, 0, 0, 'TC', NULL, 40006, 40001),
(40007, 'S1', 'Etudes et Recherches Commerciales 1', NULL, 36.00, 90.00, 0.00, 0, 0, 0, 'TC', NULL, 40007, 40001),
(40008, 'S1', 'Activités transversales 1', NULL, 0.00, 0.00, 264.00, 0, 0, 0, 'TC', NULL, 40008, 40001),
(40009, 'S1', 'Psychologie sociale de la communication', NULL, 36.00, 90.00, 0.00, 0, 0, 0, 'TC', NULL, 40009, 40002),
(40010, 'S1', 'Expression communication culture 1', NULL, 0.00, 90.00, 144.00, 0, 0, 0, 'TC', NULL, 40010, 40002),
(40011, 'S1', 'Anglais 1', NULL, 0.00, 90.00, 180.00, 0, 0, 0, 'TC', NULL, 40011, 40002),
(40012, 'S1', 'Espagnol 1', NULL, 0.00, 90.00, 180.00, 0, 0, 0, 'TC', NULL, 40012, 40002),
(40013, 'S1', 'Technologie de l''Information et de la Communication 1', NULL, 0.00, 162.00, 0.00, 0, 0, 0, 'TC', NULL, 40013, 40002),
(40014, 'S1', 'Négociation 1', NULL, 0.00, 60.00, 204.00, 0, 0, 0, 'TC', NULL, 40014, 40002),
(40015, 'S1', 'Introduction à la comptabilité', NULL, 36.00, 90.00, 0.00, 0, 0, 0, 'TC', NULL, 40015, 40002),
(40016, 'S1', 'Mathématiques et statistiques appliquées', NULL, 36.00, 90.00, 0.00, 0, 0, 0, 'TC', NULL, 40016, 40002),
(40017, 'S2', 'Statistiques appliquées, probabilités', NULL, 36.00, 90.00, 0.00, 0, 0, 0, 'TC', NULL, 40017, 40003),
(40018, 'S2', 'Technologie de l''Information et de la Communication 2', NULL, 0.00, 162.00, 0.00, 0, 0, 0, 'TC', NULL, 40018, 40003),
(40019, 'S2', 'Environnement International 1 : marchés internationaux', NULL, 36.00, 90.00, 0.00, 0, 0, 0, 'TC', NULL, 40019, 40003),
(40020, 'S2', 'Distribution', NULL, 36.00, 90.00, 0.00, 0, 0, 0, 'TC', NULL, 40020, 40003),
(40021, 'S2', 'Etudes et Recherches Commerciales 2', NULL, 36.00, 90.00, 0.00, 0, 0, 0, 'TC', NULL, 40021, 40003),
(40022, 'S2', 'Droit des contrats et de la consommation', NULL, 36.00, 90.00, 0.00, 0, 0, 0, 'TC', NULL, 40022, 40003),
(40023, 'S2', 'Comptabilité de gestion', NULL, 36.00, 90.00, 0.00, 0, 0, 0, 'TC', NULL, 40023, 40004),
(40024, 'S2', 'Marketing opérationnel', NULL, 36.00, 90.00, 0.00, 0, 0, 0, 'TC', NULL, 40024, 40004),
(40025, 'S2', 'Communication Commerciale 1', NULL, 36.00, 90.00, 0.00, 0, 0, 0, 'TC', NULL, 40025, 40004),
(40026, 'S2', 'Expression communication culture 2', NULL, 0.00, 90.00, 144.00, 0, 0, 0, 'TC', NULL, 40026, 40004),
(40027, 'S2', 'Anglais 2', NULL, 0.00, 90.00, 180.00, 0, 0, 0, 'TC', NULL, 40027, 40004),
(40028, 'S2', 'Anglais : activités transversales', NULL, 0.00, 0.00, 240.00, 0, 0, 0, 'TC', NULL, 40028, 40004),
(40029, 'S2', 'Espagnol 2', NULL, 0.00, 90.00, 180.00, 0, 0, 0, 'TC', NULL, 40029, 40004),
(40030, 'S2', 'Négociation 2', NULL, 0.00, 0.00, 324.00, 0, 0, 0, 'TC', NULL, 40030, 40005),
(40031, 'S2', 'Projet Personnel et Professionnel 2', NULL, 0.00, 0.00, 300.00, 0, 0, 0, 'TC', NULL, 40031, 40005),
(40032, 'S2', 'Développement des compétences relationelles', NULL, 0.00, 60.00, 204.00, 0, 0, 0, 'TC', NULL, 40032, 40005),
(40033, 'S2', 'Projet tutoré : conduite de projet', NULL, 15.00, 0.00, 120.00, 0, 0, 0, 'TC', NULL, 40033, 40005),
(40034, 'S2', 'Projet tutoré : description et planification de projet', NULL, 0.00, 0.00, 0.00, 0, 0, 0, 'TC', NULL, 40034, 40005),
(40035, 'S2', 'Stage professionnel 1', NULL, 0.00, 0.00, 0.00, 0, 0, 0, 'TC', NULL, 40035, 40005),
(40036, 'S3', 'Module', NULL, 0.00, 15.00, 15.00, 0, 0, 0, 'TC', NULL, 40036, 40006),
(40037, 'S3', 'Module', NULL, 0.00, 15.00, 15.00, 0, 0, 0, 'TC', NULL, 40037, 40006),
(40038, 'S3', 'Module', NULL, 12.00, 15.00, 0.00, 0, 0, 0, 'TC', NULL, 40038, 40006),
(40039, 'S3', 'Module', NULL, 12.00, 15.00, 0.00, 0, 0, 0, 'TC', NULL, 40039, 40006),
(40040, 'S3', 'Module', NULL, 5.00, 0.00, 15.00, 0, 0, 0, 'TC', NULL, 40040, 40006),
(40041, 'S3', 'Module', NULL, 12.00, 15.00, 0.00, 0, 0, 0, 'TC', NULL, 40041, 40006),
(40042, 'S3', 'Module', NULL, 0.00, 10.00, 17.00, 0, 0, 0, 'TC', NULL, 40042, 40006),
(40043, 'S3', 'Module', NULL, 12.00, 15.00, 0.00, 0, 0, 0, 'TC', NULL, 40043, 40007),
(40044, 'S3', 'Module', NULL, 0.00, 0.00, 27.00, 0, 0, 0, 'TC', NULL, 40044, 40007),
(40045, 'S3', 'Module', NULL, 12.00, 15.00, 0.00, 0, 0, 0, 'TC', NULL, 40045, 40007),
(40046, 'S3', 'Module', NULL, 12.00, 15.00, 0.00, 0, 0, 0, 'TC', NULL, 40046, 40007),
(40047, 'S3', 'Module', NULL, 12.00, 15.00, 0.00, 0, 0, 0, 'TC', NULL, 40047, 40007),
(40048, 'S3', 'Module', NULL, 12.00, 15.00, 0.00, 0, 0, 0, 'TC', NULL, 40048, 40007),
(40049, 'S3', 'Module', NULL, 12.00, 15.00, 0.00, 0, 0, 0, 'TC', NULL, 40049, 40007),
(40050, 'S3', 'Module', NULL, 0.00, 0.00, 22.00, 0, 0, 0, 'TC', NULL, 40050, 40007),
(40051, 'S4', 'Module', NULL, 0.00, 15.00, 12.00, 0, 0, 0, 'TC', NULL, 40051, 40008),
(40052, 'S4', 'Module', NULL, 0.00, 15.00, 15.00, 0, 0, 0, 'TC', NULL, 40052, 40008),
(40053, 'S4', 'Module', NULL, 0.00, 15.00, 15.00, 0, 0, 0, 'TC', NULL, 40053, 40008),
(40054, 'S4', 'Module', NULL, 12.00, 15.00, 0.00, 0, 0, 0, 'TC', NULL, 40054, 40008),
(40055, 'S4', 'Module', NULL, 12.00, 15.00, 0.00, 0, 0, 0, 'TC', NULL, 40055, 40008),
(40056, 'S4', 'Module', NULL, 12.00, 15.00, 0.00, 0, 0, 0, 'TC', NULL, 40056, 40008),
(40057, 'S4', 'Module', NULL, 12.00, 15.00, 0.00, 0, 0, 0, 'TC', NULL, 40057, 40009),
(40058, 'S4', 'Module', NULL, 0.00, 15.00, 12.00, 0, 0, 0, 'TC', NULL, 40058, 40009),
(40059, 'S4', 'Module', NULL, 12.00, 15.00, 0.00, 0, 0, 0, 'TC', NULL, 40059, 40009),
(40060, 'S4', 'Module', NULL, 12.00, 15.00, 0.00, 0, 0, 0, 'TC', NULL, 40060, 40009),
(40061, 'S4', 'Module', NULL, 5.00, 10.00, 12.00, 0, 0, 0, 'TC', NULL, 40061, 40009),
(40062, 'S4', 'Module', NULL, 0.00, 0.00, 16.00, 0, 0, 0, 'TC', NULL, 40062, 40009),
(40063, 'S4', 'Module', NULL, 0.00, 0.00, 0.00, 0, 0, 0, 'TC', NULL, 40063, 40010),
(40064, 'S4', 'Module', NULL, 0.00, 0.00, 0.00, 0, 0, 0, 'TC', NULL, 40064, 40010),
(40065, 'S4', 'Module', NULL, 0.00, 0.00, 0.00, 0, 0, 0, 'TC', NULL, 40065, NULL),
(40066, 'S4', 'Module', NULL, 0.00, 0.00, 0.00, 0, 0, 0, 'TC', NULL, 40066, NULL),
(40067, 'S4', 'Module', NULL, 0.00, 0.00, 0.00, 0, 0, 0, 'TC', NULL, 40067, NULL),
(40068, 'S4', 'Module', NULL, 0.00, 0.00, 0.00, 0, 0, 0, 'TC', NULL, 40068, NULL),
(40069, 'S4', 'Module', NULL, 0.00, 0.00, 0.00, 0, 0, 0, 'TC', NULL, 40069, NULL),
(40070, 'S4', 'Module', NULL, 0.00, 0.00, 0.00, 0, 0, 0, 'TC', NULL, 40070, NULL),
(40071, 'S4', 'Module', NULL, 0.00, 0.00, 0.00, 0, 0, 0, 'TC', NULL, 40071, NULL),
(40072, 'S4', 'Module', NULL, 0.00, 0.00, 0.00, 0, 0, 0, 'TC', NULL, 40072, NULL),
(40073, 'S3', 'Module', NULL, 0.00, 15.00, 12.00, 0, 0, 0, 'TC', NULL, 40073, 40006),
(40300, 'S5', 'Développement personnel et professionnel', NULL, 0.00, 25.00, 0.00, 0, 0, 0, 'TC', NULL, 40300, 40200),
(40301, 'S5', 'Développement personnel et professionnel', NULL, 0.00, 15.00, 0.00, 0, 0, 0, 'TC', NULL, 40301, 40200),
(40302, 'S5', 'Développement personnel et professionnel', NULL, 8.00, 12.00, 0.00, 0, 0, 0, 'TC', NULL, 40302, 40200),
(40303, 'S5', 'Application et résolution de problèmes de gestion', NULL, 0.00, 15.00, 0.00, 0, 0, 0, 'TC', NULL, 40303, 40200),
(40304, 'S5', 'Application et résolution de problèmes de gestion', NULL, 0.00, 15.00, 0.00, 0, 0, 0, 'TC', NULL, 40304, 40200),
(40305, 'S5', 'Application et résolution de problèmes de gestion', NULL, 0.00, 15.00, 0.00, 0, 0, 0, 'TC', NULL, 40305, 40200),
(40306, 'S5', 'Application et résolution de problèmes de gestion', NULL, 0.00, 25.00, 0.00, 0, 0, 0, 'TC', NULL, 40306, 40200),
(40307, 'S5', 'Marketing industriel', NULL, 16.00, 19.00, 0.00, 0, 0, 0, 'TC', NULL, 40307, 40201),
(40308, 'S5', 'Marketing industriel', NULL, 5.00, 10.00, 0.00, 0, 0, 0, 'TC', NULL, 40308, 40201),
(40309, 'S5', 'Marketing industriel', NULL, 4.00, 6.00, 0.00, 0, 0, 0, 'TC', NULL, 40309, 40201),
(40310, 'S5', 'Négociation interentreprises', NULL, 8.00, 12.00, 0.00, 0, 0, 0, 'TC', NULL, 40310, 40201),
(40311, 'S5', 'Négociation interentreprises', NULL, 5.00, 10.00, 0.00, 0, 0, 0, 'TC', NULL, 40311, 40201),
(40312, 'S5', 'Négociation interentreprises', NULL, 7.00, 8.00, 0.00, 0, 0, 0, 'TC', NULL, 40312, 40201),
(40313, 'S5', 'Négociation commerciale interentreprises', NULL, 8.00, 7.00, 0.00, 0, 0, 0, 'TC', NULL, 40313, 40201),
(40314, 'S5', 'Négociation commerciale interentreprises', NULL, 0.00, 40.00, 0.00, 0, 0, 0, 'TC', NULL, 40314, 40201),
(40315, 'S5', 'Négociation commerciale interentreprises', NULL, 0.00, 40.00, 0.00, 0, 0, 0, 'TC', NULL, 40315, 40201),
(40316, 'S6', 'Communication', NULL, 10.00, 10.00, 0.00, 0, 0, 0, 'TC', NULL, 40316, 40202),
(40317, 'S6', 'Communication', NULL, 5.00, 10.00, 0.00, 0, 0, 0, 'TC', NULL, 40317, 40202),
(40318, 'S6', 'Communication', NULL, 2.00, 8.00, 0.00, 0, 0, 0, 'TC', NULL, 40318, 40202),
(40319, 'S6', 'Communication', NULL, 6.00, 9.00, 0.00, 0, 0, 0, 'TC', NULL, 40319, 40202),
(40320, 'S6', 'Organisation et management de l''entreprise', NULL, 6.00, 9.00, 0.00, 0, 0, 0, 'TC', NULL, 40320, 40202),
(40321, 'S6', 'Organisation et management de l''entreprise', NULL, 6.00, 9.00, 0.00, 0, 0, 0, 'TC', NULL, 40321, 40202),
(40322, 'S6', 'Organisation de la force de vente', NULL, 6.00, 14.00, 0.00, 0, 0, 0, 'TC', NULL, 40322, 40202),
(40323, 'S6', 'Organisation de la force de vente', NULL, 6.00, 14.00, 0.00, 0, 0, 0, 'TC', NULL, 40323, 40202),
(40324, 'S6', 'Projet', NULL, 0.00, 100.00, 0.00, 0, 0, 0, 'TC', NULL, 40324, 40203),
(40330, 'S3', 'Module', NULL, 0.00, 15.00, 15.00, 0, 0, 0, 'TC', NULL, 40330, 40006),
(40331, 'S4', 'Module', NULL, 0.00, 15.00, 15.00, 0, 0, 0, 'TC', NULL, 40331, 40008),
(40516, 'S1', 'Projets', '', NULL, NULL, NULL, NULL, NULL, NULL, 'GEA', '', 40516, 30009),
(40517, 'S1', 'Allemand', '', 0.00, 15.00, 30.00, NULL, NULL, NULL, 'TC', '', 3013, 40002),
(40518, 'S2', 'Allemand', '', 0.00, 15.00, 30.00, NULL, NULL, NULL, 'TC', '', 3013, 40004),
(40519, 'S1', 'Projets', '', 0.00, 0.00, 0.00, NULL, NULL, NULL, 'TC', '', 40517, 40001),
(50001, 'S1', ' ', NULL, 0.00, 12.00, 12.00, NULL, NULL, NULL, 'JP', NULL, 50001, 50001),
(50002, 'S1', ' ', NULL, 9.00, 0.00, 15.00, NULL, NULL, NULL, 'JP', NULL, 50002, 50001),
(50003, 'S1', ' ', NULL, 16.00, 8.00, 0.00, NULL, NULL, NULL, 'JP', NULL, 50003, 50001),
(50004, 'S1', ' ', NULL, 16.00, 8.00, 0.00, NULL, NULL, NULL, 'JP', NULL, 50004, 50001),
(50005, 'S1', ' ', NULL, 39.00, 42.00, 0.00, NULL, NULL, NULL, 'JP', NULL, 50005, 50001),
(50006, 'S1', ' ', NULL, 21.00, 18.00, 0.00, NULL, NULL, NULL, 'JP', NULL, 50006, 50001),
(50007, 'S1', ' ', NULL, 20.00, 20.00, 20.00, NULL, NULL, NULL, 'JP', NULL, 50007, 50001),
(50008, 'S2', ' ', NULL, 21.00, 18.00, 0.00, NULL, NULL, NULL, 'JP', NULL, 50008, 50001),
(50009, 'S2', ' ', NULL, 30.00, 48.00, 0.00, NULL, NULL, NULL, 'JP', NULL, 50009, 50001),
(50010, 'S2', ' ', NULL, 18.00, 33.00, 24.00, NULL, NULL, NULL, 'JP', NULL, 50010, 50001),
(50011, 'S2', ' ', NULL, 9.00, 6.00, 15.00, NULL, NULL, NULL, 'JP', NULL, 50011, 50001),
(50012, 'S2', ' ', NULL, 0.00, 24.00, 0.00, NULL, NULL, NULL, 'JP', NULL, 50012, 50001),
(50013, 'S2', ' ', NULL, 0.00, 24.00, 0.00, NULL, NULL, NULL, 'JP', NULL, 50013, 50001),
(50014, 'S2', ' ', NULL, 0.00, 24.00, 0.00, NULL, NULL, NULL, 'JP', NULL, 50014, 50001),
(50015, 'S2', ' ', NULL, 12.00, 12.00, 0.00, NULL, NULL, NULL, 'JP', NULL, 50015, 50001),
(50016, 'S3', ' ', NULL, 24.00, 24.00, 0.00, NULL, NULL, NULL, 'JP', NULL, 50016, 50002),
(50017, 'S3', ' ', NULL, 24.00, 42.00, 0.00, NULL, NULL, NULL, 'JP', NULL, 50017, 50002),
(50018, 'S3', ' ', NULL, 18.00, 32.00, 0.00, NULL, NULL, NULL, 'JP', NULL, 50018, 50002),
(50019, 'S3', ' ', NULL, 24.00, 30.00, 24.00, NULL, NULL, NULL, 'JP', NULL, 50019, 50002);
INSERT INTO `course` (`id`, `semester`, `module`, `description`, `nbcmhours`, `nbtdhours`, `nbtphours`, `nbgcm`, `nbgtd`, `nbgtp`, `dept`, `comment`, `subject_id`, `traininginfo_id`) VALUES
(50020, 'S3', ' ', NULL, 15.00, 18.00, 0.00, NULL, NULL, NULL, 'JP', NULL, 50020, 50002),
(50021, 'S3', ' ', NULL, 21.00, 30.00, 0.00, NULL, NULL, NULL, 'JP', NULL, 50021, 50002),
(50022, 'S3', ' ', NULL, 21.00, 21.00, 21.00, NULL, NULL, NULL, 'JP', NULL, 50022, 50002),
(50023, 'S4', ' ', NULL, 0.00, 24.00, 0.00, NULL, NULL, NULL, 'JP', NULL, 50023, 50002),
(50024, 'S4', ' ', NULL, 22.00, 39.00, 20.00, NULL, NULL, NULL, 'JP', NULL, 50024, 50002),
(50025, 'S4', ' ', NULL, 18.00, 18.00, 0.00, NULL, NULL, NULL, 'JP', NULL, 50025, 50002),
(50026, 'S4', ' ', NULL, 6.00, 6.00, 12.00, NULL, NULL, NULL, 'JP', NULL, 50026, 50002),
(50027, 'S4', ' ', NULL, 0.00, 12.00, 0.00, NULL, NULL, NULL, 'JP', NULL, 50027, 50002),
(50028, 'S4', ' ', NULL, 15.00, 18.00, 0.00, NULL, NULL, NULL, 'JP', NULL, 50028, 50002),
(50029, 'S4', ' ', NULL, 30.00, 36.00, 0.00, NULL, NULL, NULL, 'JP', NULL, 50029, 50002),
(50030, 'S4', ' ', NULL, 21.00, 24.00, 0.00, NULL, NULL, NULL, 'JP', NULL, 50030, 50002),
(50031, 'S4', ' ', NULL, 18.00, 18.00, 51.00, NULL, NULL, NULL, 'JP', NULL, 50031, 50002),
(50032, 'S4', ' ', NULL, 12.00, 12.00, 0.00, NULL, NULL, NULL, 'JP', NULL, 50032, 50002),
(50033, 'S5', ' ', NULL, 24.00, 30.00, 0.00, NULL, NULL, NULL, 'JP', NULL, 50033, 50003),
(50034, 'S5', ' ', NULL, 0.00, 12.00, 21.00, NULL, NULL, NULL, 'JP', NULL, 50034, 50003),
(50035, 'S5', ' ', NULL, 24.00, 24.00, 21.00, NULL, NULL, NULL, 'JP', NULL, 50035, 50003),
(50036, 'S5', ' ', NULL, 18.00, 12.00, 21.00, NULL, NULL, NULL, 'JP', NULL, 50036, 50003),
(50037, 'S5', ' ', NULL, 12.00, 6.00, 0.00, NULL, NULL, NULL, 'JP', NULL, 50037, 50003),
(50038, 'S5', ' ', NULL, 9.00, 9.00, 12.00, NULL, NULL, NULL, 'JP', NULL, 50038, 50003),
(50039, 'S6', ' ', NULL, 24.00, 30.00, 0.00, NULL, NULL, NULL, 'JP', NULL, 50039, 50003),
(50040, 'S6', ' ', NULL, 15.00, 21.00, 0.00, NULL, NULL, NULL, 'JP', NULL, 50040, 50003),
(50041, 'S6', ' ', NULL, 12.00, 12.00, 18.00, NULL, NULL, NULL, 'JP', NULL, 50041, 50003),
(50042, 'S6', ' ', NULL, 18.00, 18.00, 18.00, NULL, NULL, NULL, 'JP', NULL, 50042, 50003),
(50043, 'S6', ' ', NULL, 24.00, 24.00, 12.00, NULL, NULL, NULL, 'JP', NULL, 50043, 50003),
(50044, 'S5', ' ', NULL, 36.00, 42.00, 0.00, NULL, NULL, NULL, 'JP', NULL, 50044, 50003),
(50045, 'S5', ' ', NULL, 15.00, 18.00, 0.00, NULL, NULL, NULL, 'JP', NULL, 50045, 50003),
(50046, 'S5', ' ', NULL, 24.00, 24.00, 0.00, NULL, NULL, NULL, 'JP', NULL, 50046, 50003),
(50047, 'S5', ' ', NULL, 18.00, 21.00, 0.00, NULL, NULL, NULL, 'JP', NULL, 50047, 50003),
(50048, 'S5', ' ', NULL, 18.00, 21.00, 0.00, NULL, NULL, NULL, 'JP', NULL, 50048, 50003),
(50049, 'S6', ' ', NULL, 48.00, 60.00, 0.00, NULL, NULL, NULL, 'JP', NULL, 50049, 50003),
(50050, 'S6', ' ', NULL, 21.00, 27.00, 0.00, NULL, NULL, NULL, 'JP', NULL, 50050, 50003),
(50051, 'S6', ' ', NULL, 36.00, 42.00, 0.00, NULL, NULL, NULL, NULL, NULL, 50051, 50003),
(50052, 'S6', ' ', NULL, 36.00, 42.00, 0.00, NULL, NULL, NULL, 'JP', NULL, 50052, 50003),
(50053, 'S6', ' ', NULL, 36.00, 42.00, 0.00, NULL, NULL, NULL, 'JP', NULL, 50053, 50003),
(50054, 'S6', ' ', NULL, 18.00, 21.00, 0.00, NULL, NULL, NULL, 'JP', NULL, 50054, 50003),
(50055, 'S6', ' ', NULL, 0.00, 24.00, 0.00, NULL, NULL, NULL, NULL, NULL, 50055, 50003),
(50056, 'S7', ' ', NULL, 24.00, 24.00, 18.00, NULL, NULL, NULL, 'JP', NULL, 50056, 50004),
(50057, 'S7', ' ', NULL, 18.00, 18.00, 9.00, NULL, NULL, NULL, 'JP', NULL, 50057, 50004),
(50058, 'S7', ' ', NULL, 12.00, 12.00, 12.00, NULL, NULL, NULL, 'JP', NULL, 50058, 50004),
(50059, 'S7', ' ', NULL, 0.00, 24.00, 0.00, NULL, NULL, NULL, 'JP', NULL, 50059, 50004),
(50060, 'S7', ' ', NULL, 24.00, 24.00, 0.00, NULL, NULL, NULL, 'JP', NULL, 50060, 50004),
(50061, 'S7', ' ', NULL, 24.00, 12.00, 0.00, NULL, NULL, NULL, 'JP', NULL, 50061, 50004),
(50062, 'S8', ' ', NULL, 0.00, 0.00, 0.00, NULL, NULL, NULL, 'JP', NULL, 50062, 50004),
(50063, 'S8', ' ', NULL, 47.00, 16.00, 21.00, NULL, NULL, NULL, 'JP', NULL, 50063, 50004),
(50064, 'S8', ' ', NULL, 12.00, 15.00, 0.00, NULL, NULL, NULL, 'JP', NULL, 50064, 50004),
(50065, 'S8', ' ', NULL, 24.00, 24.00, 12.00, NULL, NULL, NULL, 'JP', NULL, 50065, 50004),
(50066, 'S8', ' ', NULL, 8.00, 8.00, 13.00, NULL, NULL, NULL, 'JP', NULL, 50066, 50004),
(50067, 'S8', ' ', NULL, 8.00, 8.00, 14.00, NULL, NULL, NULL, 'JP', NULL, 50067, 50004),
(50068, 'S8', ' ', NULL, 0.00, 20.00, 0.00, NULL, NULL, NULL, 'JP', NULL, 50068, 50004),
(50069, 'S9', ' ', NULL, 16.00, 15.00, 12.00, NULL, NULL, NULL, 'JP', NULL, 50069, 50005),
(50070, 'S9', ' ', NULL, 24.00, 24.00, 36.00, NULL, NULL, NULL, 'JP', NULL, 50070, 50005),
(50071, 'S9', ' ', NULL, 14.00, 13.00, 18.00, NULL, NULL, NULL, 'JP', NULL, 50071, 50005),
(50072, 'S9', ' ', NULL, 12.00, 12.00, 16.00, NULL, NULL, NULL, 'JP', NULL, 50072, 50005),
(50073, 'S9', ' ', NULL, 16.00, 12.00, 9.00, NULL, NULL, NULL, 'JP', NULL, 50073, 50005),
(50074, 'S9', ' ', NULL, 12.00, 0.00, 8.00, NULL, NULL, NULL, 'JP', NULL, 50074, 50005),
(50075, 'S9', ' ', NULL, 0.00, 20.00, 0.00, NULL, NULL, NULL, 'JP', NULL, 50075, 50005),
(50076, 'S10', ' ', NULL, 24.00, 26.00, 30.00, NULL, NULL, NULL, 'JP', NULL, 50076, 50005),
(50077, 'S10', ' ', NULL, 24.00, 26.00, 30.00, NULL, NULL, NULL, 'JP', NULL, 50077, 50005),
(50078, 'S10', ' ', NULL, 16.00, 15.00, 9.00, NULL, NULL, NULL, 'JP', NULL, 50078, 50005),
(50079, 'S10', ' ', NULL, 0.00, 20.00, 0.00, NULL, NULL, NULL, 'JP', NULL, 50079, 50005),
(50080, 'S10', ' ', NULL, 40.00, 0.00, 0.00, NULL, NULL, NULL, 'JP', NULL, 50080, 50005),
(50081, 'S10', ' ', NULL, 0.00, 0.00, 0.00, NULL, NULL, NULL, 'JP', NULL, 50081, 50005),
(50082, 'S9', ' ', NULL, 15.00, 0.00, 0.00, NULL, NULL, NULL, 'JP', NULL, 50082, 50006),
(50083, 'S9', ' ', NULL, 20.00, 0.00, 0.00, NULL, NULL, NULL, 'JP', NULL, 50083, 50006),
(50084, 'S9', ' ', NULL, 15.00, 0.00, 0.00, NULL, NULL, NULL, 'JP', NULL, 50084, 50006),
(50085, 'S9', ' ', NULL, 20.00, 0.00, 0.00, NULL, NULL, NULL, 'JP', NULL, 50085, 50006),
(50086, 'S9', ' ', NULL, 30.00, 0.00, 0.00, NULL, NULL, NULL, 'JP', NULL, 50086, 50006),
(50087, 'S9', ' ', NULL, 20.00, 0.00, 0.00, NULL, NULL, NULL, 'JP', NULL, 50087, 50006),
(50088, 'S9', ' ', NULL, 20.00, 0.00, 0.00, NULL, NULL, NULL, 'JP', NULL, 50088, 50006),
(50089, 'S9', ' ', NULL, 20.00, 0.00, 0.00, NULL, NULL, NULL, 'JP', NULL, 50089, 50006),
(50090, 'S9', ' ', NULL, 20.00, 0.00, 0.00, NULL, NULL, NULL, 'JP', NULL, 50090, 50006),
(50091, 'S9', ' ', NULL, 20.00, 0.00, 0.00, NULL, NULL, NULL, 'JP', NULL, 50091, 50006),
(50092, 'S9', ' ', NULL, 20.00, 0.00, 0.00, NULL, NULL, NULL, 'JP', NULL, 50092, 50006),
(50094, 'S1', 'M1105', '', 1.50, 1.00, 1.00, 0, 45, 45, 'INFO', '', 50094, 10001),
(51000, 'S5', 'CIS 511', NULL, 0.00, 27.00, 0.00, NULL, NULL, NULL, 'MMI', NULL, 51000, 20510),
(51001, 'S5', 'CIS 512', NULL, 6.00, 20.00, 21.00, NULL, NULL, NULL, 'MMI', NULL, 51001, 20510),
(51002, 'S6', 'CIS 611', NULL, 0.00, 0.00, 21.00, NULL, NULL, NULL, 'MMI', NULL, 51002, 20610),
(51003, 'S6', 'CIS 612', NULL, 6.00, 0.00, 15.00, NULL, NULL, NULL, 'MMI', NULL, 51003, 20610),
(51004, 'S6', 'CIS 613', NULL, 0.00, 0.00, 42.00, NULL, NULL, NULL, 'MMI', NULL, 51004, 20610),
(51005, 'S5', 'INF 521', NULL, 2.00, 12.00, 0.00, NULL, NULL, NULL, 'MMI', NULL, 51005, 20520),
(51006, 'S5', 'INF 522', NULL, 2.00, 12.00, 0.00, NULL, NULL, NULL, 'MMI', NULL, 51006, 20520),
(51007, 'S5', 'INF 523', NULL, 0.00, 10.00, 0.00, NULL, NULL, NULL, 'MMI', NULL, 51007, 20520),
(51008, 'S5', 'INF 524', NULL, 2.00, 0.00, 14.00, NULL, NULL, NULL, 'MMI', NULL, 51008, 20520),
(51009, 'S5', 'INF 525', NULL, 2.00, 3.00, 12.00, NULL, NULL, NULL, 'MMI', NULL, 51009, 20520),
(51010, 'S6', 'INF 621', NULL, 2.00, 0.00, 15.00, NULL, NULL, NULL, 'MMI', NULL, 51010, 20620),
(51011, 'S6', 'INF 622', NULL, 2.00, 0.00, 24.00, NULL, NULL, NULL, 'MMI', NULL, 51011, 20620),
(51012, 'S6', 'INF 623', NULL, 2.00, 9.00, 0.00, NULL, NULL, NULL, 'MMI', NULL, 51012, 20620),
(51013, 'S6', 'INF 624', NULL, 2.00, 0.00, 15.00, NULL, NULL, NULL, 'MMI', NULL, 51013, 20620),
(51014, 'S6', 'INF 625', NULL, 2.00, 22.00, 0.00, NULL, NULL, NULL, 'MMI', NULL, 51014, 20620),
(51015, 'S5', 'ECR 531', NULL, 3.00, 3.00, 6.00, NULL, NULL, NULL, 'MMI', NULL, 51015, 20530),
(51016, 'S5', 'ECR 532', NULL, 0.00, 0.00, 12.00, NULL, NULL, NULL, 'MMI', NULL, 51016, 20530),
(51017, 'S5', 'ECR 533', NULL, 3.00, 9.00, 0.00, NULL, NULL, NULL, 'MMI', NULL, 51017, 20530),
(51018, 'S5', 'ECR 534', NULL, 3.00, 9.00, 0.00, NULL, NULL, NULL, 'MMI', NULL, 51018, 20530),
(51019, 'S5', 'ECR 535', NULL, 12.00, 0.00, 0.00, NULL, NULL, NULL, 'MMI', NULL, 51019, 20530),
(51020, 'S6', 'ECR 631', NULL, 3.00, 3.00, 6.00, NULL, NULL, NULL, 'MMI', NULL, 51020, 20630),
(51021, 'S6', 'ECR 632', NULL, 0.00, 0.00, 12.00, NULL, NULL, NULL, 'MMI', NULL, 51021, 20630),
(51022, 'S6', 'ECR 633', NULL, 3.00, 9.00, 0.00, NULL, NULL, NULL, 'MMI', NULL, 51022, 20630),
(51023, 'S6', 'ECR 634', NULL, 6.00, 0.00, 0.00, NULL, NULL, NULL, 'MMI', NULL, 51023, 20630),
(51024, 'S6', 'ECR 635', NULL, 3.00, 9.00, 0.00, NULL, NULL, NULL, 'MMI', NULL, 51024, 20630),
(51025, 'S6', 'Projet ', NULL, 0.00, 100.00, 0.00, NULL, NULL, NULL, 'MMI', NULL, 51025, 20640),
(51026, 'S6', 'Stage', '', 0.00, 0.00, 1.00, NULL, NULL, NULL, 'MMI', '', 1071, 20650),
(51027, 'S3', 'M 31 01', NULL, 0.00, 30.00, 0.00, NULL, NULL, NULL, 'GEA-APP', NULL, 30501, 30501),
(51028, 'S3', 'M 31 03', NULL, 0.00, 20.00, 0.00, NULL, NULL, NULL, 'GEA-APP', NULL, 30502, 30501),
(51029, 'S3', 'M 31 04', NULL, 0.00, 20.00, 0.00, NULL, NULL, NULL, 'GEA-APP', NULL, 30503, 30501),
(51030, 'S3', 'M 31 05', NULL, 0.00, 20.00, 0.00, NULL, NULL, NULL, 'GEA-APP', NULL, 30504, 30501),
(51031, 'S3', 'M 31 06', NULL, 0.00, 10.00, 0.00, NULL, NULL, NULL, 'GEA-APP', NULL, 30505, 30501),
(51032, 'S3', 'M 31 07', NULL, 0.00, 20.00, 0.00, NULL, NULL, NULL, 'GEA-APP', NULL, 30506, 30501),
(51033, 'S3', 'M 31 08', NULL, 0.00, 18.00, 0.00, NULL, NULL, NULL, 'GEA-APP', NULL, 30507, 30501),
(51034, 'S3', 'M 31 09', NULL, 0.00, 10.00, 0.00, NULL, NULL, NULL, 'GEA-APP', NULL, 30508, 30501),
(51035, 'S3', 'M 31 10', '', 0.00, 0.00, 0.00, NULL, NULL, NULL, 'GEA-APP', 'Notation à partir d''une grille envoyée à l''entreprise', 30509, 30501),
(51036, 'S3', 'M 31 11 ', NULL, 0.00, 10.00, 0.00, NULL, NULL, NULL, 'GEA-APP', NULL, 30510, 30501),
(51037, 'S3', 'M 32 H 01', NULL, 0.00, 20.00, 0.00, NULL, NULL, NULL, 'GEA-APP', NULL, 30511, 30502),
(51038, 'S3', 'M 32 H 02', NULL, 0.00, 28.00, 0.00, NULL, NULL, NULL, 'GEA-APP', NULL, 30512, 30502),
(51039, 'S3', 'M 32 H 03', NULL, 0.00, 10.00, 0.00, NULL, NULL, NULL, 'GEA-APP', NULL, 30513, 30502),
(51040, 'S3', 'M 32 H 04', NULL, 0.00, 24.00, 0.00, NULL, NULL, NULL, 'GEA-APP', NULL, 30514, 30502),
(51041, 'S3', 'M 32 H 05', NULL, 0.00, 20.00, 0.00, NULL, NULL, NULL, 'GEA-APP', NULL, 30515, 30502),
(51042, 'S3', 'M 32 H 06', '', 0.00, 20.00, 0.00, NULL, NULL, NULL, 'GEA-APP', '', 30516, 30502),
(51043, 'S3', 'M 32 H 07', NULL, 0.00, 25.00, 0.00, NULL, NULL, NULL, 'GEA-APP', NULL, 30517, 30502),
(51045, 'S4', 'M 41 01', '', 0.00, 19.00, 0.00, NULL, NULL, NULL, 'GEA-APP', '', 30519, 30503),
(51046, 'S4', 'M 41 02', '', 0.00, 24.00, 0.00, NULL, NULL, NULL, 'GEA-APP', '', 30520, 30503),
(51047, 'S4', 'M 41 04', NULL, 0.00, 16.00, 0.00, NULL, NULL, NULL, 'GEA-APP', NULL, 30521, 30503),
(51048, 'S4', 'M 41 05', '', 0.00, 24.00, 0.00, NULL, NULL, NULL, 'GEA-APP', 'Module partagé entre Bonnin Sylvie et Leys Corinne ', 30522, 30503),
(51049, 'S4', 'M 41 06', NULL, 0.00, 18.00, 0.00, NULL, NULL, NULL, 'GEA-APP', NULL, 30523, 30503),
(51050, 'S4', 'M 41 07', NULL, 0.00, 20.00, 0.00, NULL, NULL, NULL, 'GEA-APP', NULL, 30524, 30503),
(51051, 'S4', 'M 41 08 C', NULL, 0.00, 20.00, 0.00, NULL, NULL, NULL, 'GEA-APP', NULL, 30525, 30503),
(51052, 'S4', 'M 41 09 C', NULL, 0.00, 20.00, 0.00, NULL, NULL, NULL, 'GEA-APP', NULL, 30526, 30503),
(51053, 'S4', 'M 41 10 C', NULL, 0.00, 24.00, 0.00, NULL, NULL, NULL, 'GEA-APP', NULL, 30527, 30503),
(51054, 'S4', 'M 41 H 11', '', 0.00, 18.00, 0.00, NULL, NULL, NULL, 'GEA-APP', '', 30528, 30503),
(51055, 'S4', 'M 41 H 12 C', '', 0.00, 20.00, 0.00, NULL, NULL, NULL, 'GEA-APP', '', 30529, 30503),
(51056, 'S4', 'M 41 H 13 C', NULL, 0.00, 24.00, 0.00, NULL, NULL, NULL, 'GEA-APP', NULL, 30530, 30503),
(51057, 'S4', 'M 41 H 14 C', '', 0.00, 24.00, 0.00, NULL, NULL, NULL, 'GEA-APP', '', 30531, 30503),
(51058, 'S4', 'M 42 01', '', 0.00, 0.00, 0.00, NULL, NULL, NULL, 'GEA-APP', 'Evaluation finale des grilles en entreprises', 30532, 30504),
(51059, 'S4', 'M 42 02', '', 0.00, 12.00, 0.00, NULL, NULL, NULL, 'GEA-APP', 'Module partagé entre Leys Corinne et Bonnin Sylvie', 30533, 30504),
(51093, 'S3', 'Module', '', NULL, NULL, NULL, NULL, NULL, NULL, 'TC', '', 51026, NULL),
(52000, 'S5', 'M5', NULL, 4.00, 12.00, 0.00, 0, 0, 0, 'TC', NULL, 52000, 40210),
(52001, 'S6', 'M5', '', 2.00, 13.00, 0.00, 0, 0, 0, 'TC', '', 52001, 40210),
(52002, 'S5', 'M5', NULL, 4.00, 16.00, 0.00, 0, 0, 0, 'TC', NULL, 52002, 40210),
(52003, 'S5', 'M5', NULL, 4.00, 16.00, 0.00, 0, 0, 0, 'TC', NULL, 52003, 40210),
(52004, 'S6', 'M5', '', 10.00, 46.00, 0.00, 0, 0, 0, 'TC', '', 52004, 40211),
(52005, 'S6', 'M5', '', 4.00, 16.00, 0.00, 0, 0, 0, 'TC', '', 52005, 40211),
(52006, 'S6', 'M5', '', 4.00, 16.00, 0.00, 0, 0, 0, 'TC', '', 52006, 40211),
(52007, 'S5', 'M5', NULL, 8.00, 28.00, 0.00, 0, 0, 0, 'TC', NULL, 52007, 40212),
(52008, 'S6', 'M5', '', 6.00, 22.00, 0.00, 0, 0, 0, 'TC', '', 52008, 40212),
(52009, 'S5', 'M5', NULL, 6.00, 18.00, 0.00, 0, 0, 0, 'TC', NULL, 52009, 40212),
(52010, 'S5', 'M5', NULL, 3.00, 12.00, 0.00, 0, 0, 0, 'TC', NULL, 52010, 40212),
(52011, 'S5', 'M6', '', 7.00, 24.00, 0.00, 0, 0, 0, 'TC', '', 52011, 40213),
(52012, 'S6', 'M6', NULL, 4.00, 16.00, 0.00, 0, 0, 0, 'TC', NULL, 52012, 40213),
(52013, 'S6', 'M6', NULL, 4.00, 16.00, 0.00, 0, 0, 0, 'TC', NULL, 52013, 40213),
(52014, 'S6', 'M6', NULL, 4.00, 16.00, 0.00, 0, 0, 0, 'TC', NULL, 52014, 40213),
(52015, 'S6', 'M6', NULL, 4.00, 15.00, 0.00, 0, 0, 0, 'TC', NULL, 52015, 40214),
(52016, 'S5', 'M6', '', 4.00, 28.00, 0.00, 0, 0, 0, 'TC', '', 52016, 40214),
(52017, 'S5', 'M6', '', 4.00, 15.00, 0.00, 0, 0, 0, 'TC', '', 52017, 40214),
(52018, 'S5', 'M6', '', 4.00, 15.00, 0.00, 0, 0, 0, 'TC', '', 52018, 40214),
(52019, 'S5', 'M6', '', 0.00, 15.00, 0.00, 0, 0, 0, 'TC', '', 52019, 40215),
(52020, 'S6', 'M6', '', 0.00, 15.00, 0.00, 0, 0, 0, 'TC', '', 52020, 40215),
(52021, 'S6', 'M6', NULL, 0.00, 30.00, 0.00, 0, 0, 0, 'TC', NULL, 52021, 40215),
(52022, 'S6', 'M6', NULL, 0.00, 20.00, 0.00, 0, 0, 0, 'TC', NULL, 52022, 40215),
(52023, 'S1', 'M1207', '', NULL, 18.00, NULL, NULL, 4, NULL, 'GEA', '', 30106, NULL),
(52024, 'S1', 'M1207', '', NULL, 10.00, NULL, NULL, NULL, NULL, '', 'Initiation à la paie', 30010, 30006),
(52025, 'S2', 'M ANTIPLAGIAT', '', NULL, 8.00, NULL, NULL, 4, NULL, 'GEA', '', NULL, NULL),
(52026, 'S01', 'M01', '', NULL, 27.00, NULL, NULL, NULL, NULL, 'INFO', '', 1070, 10103),
(52028, 'S3', 'UE3', 'Conférence', NULL, NULL, NULL, NULL, NULL, NULL, 'INFO', '', 20111, NULL),
(52029, 'S3', 'UE3', 'Projet Marathon', NULL, NULL, NULL, NULL, NULL, NULL, 'INFO', '', 20112, 10200),
(52030, 'S1', 'UE11', '', NULL, NULL, NULL, NULL, NULL, NULL, 'INFO', '', 52023, NULL),
(52031, 'S3', 'M3204', '', NULL, NULL, NULL, NULL, NULL, NULL, 'INFO', '', 52024, 10201),
(52032, 'S3', 'UE32', 'Forum poursuites d''études', NULL, NULL, NULL, NULL, NULL, NULL, 'INFO', '', 2154, NULL),
(52033, 'S4', 'Module S4', '', 0.00, 0.00, 9.00, 0, 0, 2, 'MMI', '', 20115, 20410),
(52035, 'S4', 'Module S4', '', 0.00, 0.00, 7.50, 0, 0, 2, 'MMI', '', 20116, 20420),
(52036, 'S3', 'UE3', '', NULL, NULL, NULL, NULL, NULL, NULL, 'INFO', 'BQE Maraton', 52025, 10200),
(52037, 'S3', 'UE3', '', NULL, NULL, NULL, NULL, NULL, NULL, 'INFO', '', 52026, NULL),
(52038, 'S01', 'M1', '', NULL, NULL, NULL, NULL, NULL, NULL, 'INFO', '', 52027, NULL),
(52039, 'S4', 'Module S4', '', 0.00, 40.00, 0.00, 0, 1, 0, 'MMI', '', 20117, 20412),
(52040, 'S4', 'Module S4', '', 0.00, 0.00, 10.50, 0, 0, 1, 'MMI', '', 20118, 20411),
(52041, 'S4', 'Module S4', '', 0.00, 0.00, 10.50, 0, 0, 2, 'MMI', '', 20119, 20412),
(52042, 'S4', 'Module S4', '', 0.00, 0.00, 22.00, 0, 0, 2, 'MMI', '', 20120, 20412),
(52043, 'S4', 'Module S4', '', 0.00, 0.00, 13.00, 0, 0, 1, 'MMI', '', 20121, 20421),
(52045, '2', 'Challenge (BQE)', '', NULL, 74.00, NULL, NULL, NULL, 15, 'GEA', '', NULL, NULL),
(52046, '2', 'Challenge (BQE)', '', NULL, 74.00, NULL, NULL, NULL, 15, 'GEA', '', NULL, 30010),
(52047, 'S3', 'M3207', 'Module Facultatif : perf tournage', 0.00, 0.00, 6.00, 0, 0, 1, 'MMI', '', 52029, 20320),
(52048, 'S3', 'M1207', '', 0.00, 0.00, 6.00, 0, 0, 1, 'MMI', '', 52030, 20320),
(52049, 'S3', 'M1207', '', 0.00, 0.00, 9.00, 0, 0, 1, 'MMI', '', 52031, 20320),
(52050, 'S3', 'M1207', '', 0.00, 0.00, 3.00, 0, 0, 1, 'MMI', '', 52032, 20320),
(52051, 'S3', 'M1207', '', 0.00, 0.00, 3.00, 0, 0, 1, 'MMI', '', 52033, 20320),
(52052, 'S3', 'M3108', '', 0.00, 0.00, 30.00, 0, 0, 1, 'MMI', '', 52034, 20320),
(52053, 'S3', 'M3107', '', 0.00, 0.00, 33.00, 0, 0, 1, 'MMI', '', 52035, 20320),
(52054, 'S3', 'M3104', '', 0.00, 0.00, 8.00, 0, 0, 1, 'MMI', '', 52036, 20310),
(52055, 'S3', 'M3104', '', 0.00, 0.00, 12.00, 0, 0, 1, 'MMI', '', 52037, 20310),
(52056, 'S3', 'M3101', '', 0.00, 0.00, 22.00, 0, 0, 1, 'MMI', '', 52038, 20310),
(52057, 'S1', 'UE1', '', NULL, NULL, NULL, NULL, NULL, NULL, 'MMI', '', 52039, 20110),
(52058, 'S3', 'UE1', '', NULL, NULL, NULL, NULL, NULL, NULL, 'MMI', '', 52039, 20310),
(60000, 'S1', 'M1101', NULL, 4.00, 16.00, 0.00, NULL, NULL, NULL, 'APPR', NULL, 60000, 60000),
(60001, 'S1', 'M1102', NULL, 4.00, 18.00, 0.00, NULL, NULL, NULL, 'APPR', NULL, 60001, 60000),
(60002, 'S1', 'M1103', NULL, 4.00, 18.00, 0.00, NULL, NULL, NULL, 'APPR', NULL, 60002, 60000),
(60003, 'S1', 'M1104', NULL, 4.00, 18.00, 0.00, NULL, NULL, NULL, 'APPR', NULL, 60003, 60000),
(60004, 'S1', 'M1105', NULL, 4.00, 18.00, 0.00, NULL, NULL, NULL, 'APPR', NULL, 60004, 60000),
(60005, 'S1', 'M1106', NULL, 0.00, 12.00, 0.00, NULL, NULL, NULL, 'APPR', NULL, 60005, 60000),
(60006, 'S1', 'M1107', NULL, 4.00, 16.00, 0.00, NULL, NULL, NULL, 'APPR', NULL, 60006, 60000),
(60007, 'S1', 'M1108', NULL, 0.00, 18.00, 0.00, NULL, NULL, NULL, 'APPR', NULL, 60007, 60000),
(60008, 'S1', 'M1201', NULL, 4.00, 16.00, 0.00, NULL, NULL, NULL, 'APPR', NULL, 60008, 60001),
(60009, 'S1', 'M1202', NULL, 0.00, 22.00, 0.00, NULL, NULL, NULL, 'APPR', NULL, 60009, 60001),
(60010, 'S1', 'M1203', NULL, 0.00, 30.00, 0.00, NULL, NULL, NULL, 'APPR', NULL, 60010, 60001),
(60011, 'S1', 'M1205', NULL, 0.00, 22.00, 0.00, NULL, NULL, NULL, 'APPR', NULL, 60011, 60001),
(60012, 'S1', 'M1206', NULL, 4.00, 18.00, 0.00, NULL, NULL, NULL, 'APPR', NULL, 60012, 60001),
(60013, 'S1', 'M1207', NULL, 4.00, 18.00, 0.00, NULL, NULL, NULL, 'APPR', NULL, 60013, 60001),
(60014, 'S1', 'M1208', NULL, 4.00, 18.00, 0.00, NULL, NULL, NULL, 'APPR', NULL, 60014, 60001),
(60015, 'S2', 'M2101', NULL, 4.00, 18.00, 0.00, NULL, NULL, NULL, 'APPR', NULL, 60015, 60002),
(60016, 'S2', 'M2102', NULL, 0.00, 22.00, 0.00, NULL, NULL, NULL, 'APPR', NULL, 60016, 60002),
(60017, 'S2', 'M2103', NULL, 4.00, 18.00, 0.00, NULL, NULL, NULL, 'APPR', NULL, 60017, 60002),
(60018, 'S2', 'M2104', NULL, 4.00, 18.00, 0.00, NULL, NULL, NULL, 'APPR', NULL, 60018, 60002),
(60019, 'S2', 'M2105', NULL, 4.00, 16.00, 0.00, NULL, NULL, NULL, 'APPR', NULL, 60019, 60002),
(60020, 'S2', 'M2106', NULL, 4.00, 18.00, 0.00, NULL, NULL, NULL, 'APPR', NULL, 60020, 60002),
(60021, 'S2', 'M2201', NULL, 4.00, 22.00, 0.00, NULL, NULL, NULL, 'APPR', NULL, 60021, 60003),
(60022, 'S2', 'M2202', NULL, 4.00, 18.00, 0.00, NULL, NULL, NULL, 'APPR', NULL, 60022, 60003),
(60023, 'S2', 'M2203', NULL, 4.00, 16.00, 0.00, NULL, NULL, NULL, 'APPR', NULL, 60023, 60003),
(60024, 'S2', 'M2204', NULL, 0.00, 22.00, 0.00, NULL, NULL, NULL, 'APPR', NULL, 60024, 60003),
(60025, 'S2', 'M2205', NULL, 0.00, 32.00, 0.00, NULL, NULL, NULL, 'APPR', NULL, 60025, 60003),
(60026, 'S2', 'M2206', NULL, 0.00, 16.00, 0.00, NULL, NULL, NULL, 'APPR', NULL, 60026, 60003),
(60027, 'S2', 'M2301', NULL, 4.00, 18.00, 0.00, NULL, NULL, NULL, 'APPR', NULL, 60027, 60004),
(60028, 'S2', 'M2302', NULL, 0.00, 12.00, 0.00, NULL, NULL, NULL, 'APPR', NULL, 60028, 60004),
(60029, 'S2', 'M2303', NULL, 0.00, 12.00, 0.00, NULL, NULL, NULL, 'APPR', NULL, 60029, 60004),
(60030, 'S2', 'M2305', NULL, 0.00, 12.00, 0.00, NULL, NULL, NULL, 'APPR', NULL, 60030, 60004),
(61000, 'S3', 'M311', NULL, 0.00, 22.00, 0.00, NULL, NULL, NULL, 'APPR', NULL, 61000, 61000),
(61001, 'S3', 'M312', NULL, 0.00, 30.00, 0.00, NULL, NULL, NULL, 'APPR', NULL, 61001, 61000),
(61002, 'S3', 'M314', NULL, 4.00, 20.00, 0.00, NULL, NULL, NULL, 'APPR', NULL, 61002, 61000),
(61003, 'S3', 'M315', NULL, 4.00, 20.00, 0.00, NULL, NULL, NULL, 'APPR', NULL, 61003, 61000),
(61004, 'S3', 'M316', NULL, 0.00, 8.00, 0.00, NULL, NULL, NULL, 'APPR', NULL, 61004, 61000),
(61005, 'S3', 'M317', NULL, 5.00, 19.00, 0.00, NULL, NULL, NULL, 'APPR', NULL, 61005, 61000),
(61006, 'S3', 'M318', NULL, 0.00, 24.00, 0.00, NULL, NULL, NULL, 'APPR', NULL, 61006, 61000),
(61007, 'S3', 'M321', NULL, 6.00, 18.00, 0.00, NULL, NULL, NULL, 'APPR', NULL, 61007, 61001),
(61008, 'S3', 'M322', NULL, 4.00, 16.00, 0.00, NULL, NULL, NULL, 'APPR', NULL, 61008, 61001),
(61009, 'S3', 'M323', NULL, 4.00, 16.00, 0.00, NULL, NULL, NULL, 'APPR', NULL, 61009, 61001),
(61010, 'S3', 'M324', NULL, 4.00, 20.00, 0.00, NULL, NULL, NULL, 'APPR', NULL, 61010, 61001),
(61011, 'S3', 'M325', NULL, 4.00, 20.00, 0.00, NULL, NULL, NULL, 'APPR', NULL, 61011, 61001),
(61012, 'S3', 'M326', NULL, 4.00, 16.00, 0.00, NULL, NULL, NULL, 'APPR', NULL, 61012, 61001),
(61013, 'S3', 'M327', NULL, 4.00, 16.00, 0.00, NULL, NULL, NULL, 'APPR', NULL, 61013, 61001),
(61014, 'S3', 'M328', NULL, 0.00, 18.00, 0.00, NULL, NULL, NULL, 'APPR', NULL, 61014, 61001),
(61015, 'S4', 'M411', NULL, 0.00, 22.00, 0.00, NULL, NULL, NULL, 'APPR', NULL, 61015, 61002),
(61016, 'S4', 'M412', NULL, 0.00, 30.00, 0.00, NULL, NULL, NULL, 'APPR', NULL, 61016, 61002),
(61017, 'S4', 'M414', NULL, 4.00, 20.00, 0.00, NULL, NULL, NULL, 'APPR', NULL, 61017, 61002),
(61018, 'S4', 'M415', NULL, 4.00, 20.00, 0.00, NULL, NULL, NULL, 'APPR', NULL, 61018, 61002),
(61019, 'S4', 'M416', NULL, 4.00, 24.00, 0.00, NULL, NULL, NULL, 'APPR', NULL, 61019, 61002),
(61020, 'S4', 'M421', NULL, 4.00, 20.00, 0.00, NULL, NULL, NULL, 'APPR', NULL, 61020, 61003),
(61021, 'S4', 'M422', NULL, 4.00, 20.00, 0.00, NULL, NULL, NULL, 'APPR', NULL, 61021, 61003),
(61022, 'S4', 'M423', NULL, 4.00, 20.00, 0.00, NULL, NULL, NULL, 'APPR', NULL, 61022, 61003),
(61023, 'S4', 'M424', NULL, 4.00, 20.00, 0.00, NULL, NULL, NULL, 'APPR', NULL, 61023, 61003),
(61024, 'S4', 'M425', NULL, 4.00, 20.00, 0.00, NULL, NULL, NULL, 'APPR', NULL, 61024, 61003),
(61025, 'S4', 'M426', NULL, 0.00, 20.00, 0.00, NULL, NULL, NULL, 'APPR', NULL, 61025, 61003),
(61026, 'S4', 'M427', NULL, 0.00, 20.00, 0.00, NULL, NULL, NULL, 'APPR', NULL, 61026, 61003),
(62000, 'S5', 'Droit CC C-Distri', NULL, 0.00, 30.00, 0.00, NULL, NULL, NULL, 'APPR', NULL, 62000, 62000),
(62001, 'S5', 'Contrôle gestion C-Distri', NULL, 0.00, 25.00, 0.00, NULL, NULL, NULL, 'APPR', NULL, 62001, 62000),
(62002, 'S5', 'Gestion C-Distri', NULL, 0.00, 30.00, 0.00, NULL, NULL, NULL, 'APPR', NULL, 62002, 62000),
(62003, 'S5', 'Logistique C-Distri', NULL, 0.00, 20.00, 0.00, NULL, NULL, NULL, 'APPR', NULL, 62003, 62000),
(62004, 'S5', 'Info C-Distri', NULL, 0.00, 20.00, 0.00, NULL, NULL, NULL, 'APPR', NULL, 62004, 62000),
(62005, 'S5', 'Droit Dist C-Distri', NULL, 0.00, 30.00, 0.00, NULL, NULL, NULL, 'APPR', NULL, 62005, 62001),
(62006, 'S5', 'Comportement Cons C-Distri', NULL, 0.00, 20.00, 0.00, NULL, NULL, NULL, 'APPR', NULL, 62006, 62001),
(62007, 'S5', 'E-Commerce C-Distri', NULL, 0.00, 40.00, 0.00, NULL, NULL, NULL, 'APPR', NULL, 62007, 62001),
(62008, 'S5', 'Merchandising C-Distri', NULL, 0.00, 30.00, 0.00, NULL, NULL, NULL, 'APPR', NULL, 62008, 62001),
(62009, 'S5', 'Vente R.C. C-Distri', NULL, 0.00, 40.00, 0.00, NULL, NULL, NULL, 'APPR', NULL, 62009, 62001),
(62010, 'S6', 'Droit SC C-Distri', NULL, 0.00, 20.00, 0.00, NULL, NULL, NULL, 'APPR', NULL, 62010, 62002),
(62011, 'S6', 'R.H. C-Distri', NULL, 0.00, 45.00, 0.00, NULL, NULL, NULL, 'APPR', NULL, 62011, 62002),
(62012, 'S6', 'Stratégie C-Distri', NULL, 0.00, 30.00, 0.00, NULL, NULL, NULL, 'APPR', NULL, 62012, 62002),
(62013, 'S6', 'Anglais C-Distri', NULL, 0.00, 40.00, 0.00, NULL, NULL, NULL, 'APPR', NULL, 62013, 62002),
(62014, 'S6', 'Culture C-Distri', NULL, 0.00, 30.00, 0.00, NULL, NULL, NULL, 'APPR', NULL, 62014, 62002),
(62015, 'S6', 'Projet C-Distri', NULL, 0.00, 100.00, 0.00, NULL, NULL, NULL, 'APPR', NULL, 62015, 62003),
(62016, 'S6', 'Soutien C-Distri', NULL, 0.00, 30.00, 0.00, NULL, NULL, NULL, 'APPR', NULL, 62016, 62003),
(63000, 'S5', 'Anglais', NULL, 0.00, 25.00, 0.00, NULL, NULL, NULL, 'APPR', NULL, 63000, 63000),
(63001, 'S5', 'MKGF', NULL, 5.00, 15.00, 0.00, NULL, NULL, NULL, 'APPR', NULL, 63001, 63000),
(63002, 'S5', 'Prod', NULL, 5.00, 15.00, 0.00, NULL, NULL, NULL, 'APPR', NULL, 63002, 63000),
(63003, 'S5', 'Stat', NULL, 4.00, 11.00, 0.00, NULL, NULL, NULL, 'APPR', NULL, 63003, 63000),
(63004, 'S5', 'Gestion FI', NULL, 4.00, 11.00, 0.00, NULL, NULL, NULL, 'APPR', NULL, 63004, 63000),
(63005, 'S5', 'Info', NULL, 0.00, 15.00, 0.00, NULL, NULL, NULL, 'APPR', NULL, 63005, 63000),
(63006, 'S5', 'Gestion projet', NULL, 6.00, 19.00, 0.00, NULL, NULL, NULL, 'APPR', NULL, 63006, 63000),
(63007, 'S5', 'Marché', NULL, 10.00, 25.00, 0.00, NULL, NULL, NULL, 'APPR', NULL, 63007, 63001),
(63008, 'S5', 'MKG Ser', NULL, 4.00, 11.00, 0.00, NULL, NULL, NULL, 'APPR', NULL, 63008, 63001),
(63009, 'S5', 'Veille', NULL, 2.00, 8.00, 0.00, NULL, NULL, NULL, 'APPR', NULL, 63009, 63001),
(63010, 'S5', 'Achat/Vente', NULL, 5.00, 15.00, 0.00, NULL, NULL, NULL, 'APPR', NULL, 63010, 63001),
(63011, 'S5', 'GRC', NULL, 4.00, 11.00, 0.00, NULL, NULL, NULL, 'APPR', NULL, 63011, 63001),
(63012, 'S5', 'Distri', NULL, 4.00, 11.00, 0.00, NULL, NULL, NULL, 'APPR', NULL, 63012, 63001),
(63013, 'S5', 'TE', NULL, 0.00, 15.00, 0.00, NULL, NULL, NULL, 'APPR', NULL, 63013, 63001),
(63014, 'S5', 'Vente', NULL, 0.00, 40.00, 0.00, NULL, NULL, NULL, 'APPR', NULL, 63014, 63001),
(63015, 'S5', 'Activités', NULL, 0.00, 40.00, 0.00, NULL, NULL, NULL, 'APPR', NULL, 63015, 63001),
(63016, 'S6', 'Com', NULL, 5.00, 15.00, 0.00, NULL, NULL, NULL, 'APPR', NULL, 63016, 63002),
(63017, 'S6', 'MKg Direct', NULL, 4.00, 11.00, 0.00, NULL, NULL, NULL, 'APPR', NULL, 63017, 63002),
(63018, 'S6', 'Promo', NULL, 2.00, 8.00, 0.00, NULL, NULL, NULL, 'APPR', NULL, 63018, 63002),
(63019, 'S6', 'Qualité', NULL, 4.00, 11.00, 0.00, NULL, NULL, NULL, 'APPR', NULL, 63019, 63002),
(63020, 'S6', 'Entrepre', NULL, 4.00, 11.00, 0.00, NULL, NULL, NULL, 'APPR', NULL, 63020, 63002),
(63021, 'S6', 'ECO', NULL, 4.00, 11.00, 0.00, NULL, NULL, NULL, 'APPR', NULL, 63021, 63002),
(63022, 'S6', 'GFV', NULL, 5.00, 15.00, 0.00, NULL, NULL, NULL, 'APPR', NULL, 63022, 63002),
(63023, 'S6', 'Droit', NULL, 5.00, 15.00, 0.00, NULL, NULL, NULL, 'APPR', NULL, 63023, 63002),
(63024, 'S6', 'Projet', NULL, 0.00, 80.00, 0.00, NULL, NULL, NULL, 'APPR', NULL, 63024, 63003),
(63025, 'S1', 'Conférence', 'Conférences', NULL, NULL, NULL, NULL, NULL, NULL, 'INFO', 'Conférences ', 30018, 10001),
(63026, 'S1', 'UE12', 'Forum poursuites d''études', NULL, NULL, NULL, NULL, NULL, NULL, 'INFO', '', 2154, NULL),
(63027, 'S6', 'M6', '', 0.00, 15.00, 0.00, 0, 0, 0, 'TC', '', 52019, 40215),
(63028, 'S6', 'M6', '', 4.00, 15.00, 0.00, 0, 0, 0, 'TC', '', 52018, 40214),
(63029, 'S2', 'JPO', '', NULL, NULL, NULL, NULL, NULL, NULL, 'INFO', '', 30022, 17);

-- --------------------------------------------------------

--
-- Structure de la table `datas`
--

CREATE TABLE IF NOT EXISTS `datas` (
`id` bigint(20) NOT NULL,
  `reason` varchar(255) NOT NULL,
  `piece` varchar(255) NOT NULL,
  `justified` tinyint(1) NOT NULL,
  `etudiant_id` bigint(20) DEFAULT NULL,
  `lesson_id` bigint(20) DEFAULT NULL
) ENGINE=InnoDB AUTO_INCREMENT=16008 DEFAULT CHARSET=latin1;

--
-- Contenu de la table `datas`
--

INSERT INTO `datas` (`id`, `reason`, `piece`, `justified`, `etudiant_id`, `lesson_id`) VALUES
(4, '', '', 0, 164, 318),
(5, '', '', 0, 164, 253),
(8, '', '', 0, 167, 251),
(10, '', '', 0, 194, 232),
(11, '', '', 0, 194, 304),
(12, '', '', 1, 201, 235),
(13, '', '', 1, 201, 268),
(14, '', '', 1, 201, 250),
(15, '', '', 1, 201, 258),
(49, '', '', 0, 178, 233),
(51, '', '', 0, 199, 265),
(53, '', '', 0, 199, 245),
(54, '', '', 0, 199, 262),
(55, '', '', 0, 204, 234),
(56, '', '', 0, 188, 390),
(57, '', '', 1, 213, 380),
(80, '', '', 1, 213, 426),
(81, '', '', 1, 213, 401),
(82, '', '', 0, 188, 405),
(83, '', '', 1, 213, 405),
(84, '', '', 0, 188, 425),
(92, '', '', 0, 188, 378),
(94, '', '', 0, 213, 381),
(96, '', '', 0, 199, 391),
(97, '', '', 0, 212, 391),
(128, '', '', 0, 155, 403),
(142, '', '', 0, 178, 419),
(151, '', '', 0, 177, 413),
(152, '', '', 0, 188, 413),
(159, '', '', 0, 158, 383),
(160, '', '', 0, 158, 466),
(161, '', '', 0, 158, 404),
(162, '', '', 1, 201, 386),
(163, '', '', 0, 178, 385),
(252, '', '', 0, 155, 609),
(260, '', '', 0, 155, 684),
(261, '', '', 0, 165, 684),
(262, '', '', 0, 166, 684),
(263, '', '', 1, 169, 684),
(264, '', '', 0, 199, 594),
(265, '', '', 0, 200, 594),
(266, '', '', 1, 206, 594),
(267, '', '', 0, 212, 594),
(268, '', '', 0, 199, 619),
(269, '', '', 0, 212, 619),
(270, '', '', 0, 155, 619),
(271, '', '', 0, 166, 619),
(272, '', '', 0, 178, 604),
(273, '', '', 0, 155, 596),
(274, '', '', 0, 178, 613),
(275, '', '', 0, 199, 615),
(276, '', '', 0, 212, 615),
(283, '', '', 0, 155, 617),
(285, '', '', 0, 167, 617),
(288, '', '', 0, 198, 601),
(291, '', '', 0, 199, 601),
(292, '', '', 0, 178, 592),
(293, '', '', 0, 155, 641),
(294, '', '', 0, 160, 641),
(304, '', '', 0, 179, 614),
(305, '', '', 0, 180, 614),
(306, '', '', 0, 212, 414),
(319, '', '', 0, 167, 415),
(320, '', '', 0, 158, 412),
(322, '', '', 0, 160, 412),
(323, '', '', 0, 167, 412),
(345, '', '', 0, 167, 635),
(346, '', '', 0, 179, 598),
(378, '', '', 0, 188, 607),
(381, '', '', 0, 195, 600),
(384, '', '', 0, 160, 618),
(385, '', '', 0, 188, 633),
(386, '', '', 0, 214, 605),
(404, '', '', 0, 195, 671),
(407, '', '', 0, 167, 672),
(409, '', '', 0, 160, 597),
(411, '', '', 0, 195, 680),
(413, '', '', 0, 160, 680),
(422, '', '', 1, 186, 620),
(424, '', '', 0, 158, 612),
(426, '', '', 0, 166, 612),
(437, '', '', 0, 177, 627),
(438, '', '', 0, 180, 627),
(439, '', '', 0, 184, 627),
(440, '', '', 1, 186, 627),
(441, '', '', 0, 188, 627),
(442, '', '', 0, 195, 611),
(510, '', '', 0, 166, 681),
(561, '', '', 0, 160, 632),
(562, '', '', 0, 166, 632),
(563, '', '', 0, 167, 632),
(564, '', '', 0, 170, 632),
(566, '', '', 0, 184, 630),
(848, '', '', 0, 184, 767),
(849, '', '', 1, 191, 767),
(856, '', '', 1, 191, 793),
(857, '', '', 0, 195, 794),
(858, '', '', 0, 195, 769),
(869, '', '', 0, 167, 771),
(874, '', '', 0, 195, 749),
(875, '', '', 0, 177, 758),
(876, '', '', 0, 184, 758),
(877, '', '', 1, 191, 758),
(887, '', '', 0, 167, 795),
(888, '', '', 1, 174, 795),
(891, '', '', 0, 184, 746),
(892, '', '', 0, 191, 746),
(896, '', '', 0, 184, 626),
(898, '', '', 0, 160, 626),
(899, '', '', 0, 166, 626),
(900, '', '', 0, 160, 629),
(901, '', '', 0, 166, 629),
(922, '', '', 0, 184, 752),
(923, '', '', 0, 184, 824),
(925, '', '', 0, 184, 777),
(927, '', '', 0, 184, 768),
(928, '', '', 0, 193, 768),
(929, '', '', 0, 167, 789),
(933, '', '', 0, 167, 779),
(944, '', '', 0, 167, 776),
(953, '', '', 0, 184, 3708),
(955, '', '', 0, 158, 3708),
(974, '', '', 0, 178, 836),
(975, '', '', 0, 184, 836),
(999, '', '', 0, 184, 761),
(1002, '', '', 0, 167, 826),
(1039, '', '', 0, 188, 781),
(1048, '', '', 0, 155, 772),
(1049, '', '', 0, 186, 834),
(1050, '', '', 0, 155, 834),
(1307, '', '', 0, 161, 766),
(1308, '', '', 0, 172, 766),
(1316, '', '', 0, 192, 835),
(1317, '', '', 0, 172, 835),
(1318, '', '', 0, 178, 753),
(1319, '', '', 0, 192, 753),
(1323, '', '', 0, 175, 780),
(1324, '', '', 0, 177, 780),
(1325, '', '', 0, 178, 780),
(1326, '', '', 0, 192, 780),
(1327, '', '', 0, 195, 780),
(1328, '', '', 0, 161, 780),
(1329, '', '', 0, 172, 780),
(1339, '', '', 0, 167, 786),
(1341, '', '', 0, 167, 783),
(1344, '', '', 0, 178, 784),
(1345, '', '', 0, 184, 784),
(1348, '', '', 0, 178, 747),
(1349, '', '', 0, 192, 747),
(1350, '', '', 0, 214, 765),
(1495, '', '', 0, 180, 921),
(1496, '', '', 0, 184, 921),
(1498, '', '', 0, 199, 923),
(1499, '', '', 0, 180, 927),
(1500, '', '', 0, 199, 927),
(1501, '', '', 0, 214, 927),
(1502, '', '', 0, 156, 927),
(1503, '', '', 0, 156, 992),
(1505, '', '', 0, 167, 992),
(1507, '', '', 0, 180, 947),
(1508, '', '', 0, 184, 947),
(1509, '', '', 1, 200, 948),
(1516, '', '', 0, 199, 903),
(1521, '', '', 0, 180, 900),
(1522, '', '', 0, 184, 900),
(1531, '', '', 0, 184, 906),
(1537, '', '', 0, 206, 932),
(1541, '', '', 0, 184, 978),
(1542, '', '', 0, 160, 930),
(1548, '', '', 0, 184, 922),
(1566, '', '', 1, 179, 915),
(1567, '', '', 0, 184, 915),
(1578, '', '', 0, 213, 924),
(1579, '', '', 0, 213, 942),
(1580, '', '', 1, 179, 918),
(1581, '', '', 1, 158, 911),
(1586, '', '', 1, 179, 990),
(1595, '', '', 1, 179, 912),
(1599, '', '', 0, 207, 913),
(1614, '', '', 0, 156, 905),
(1615, '', '', 1, 158, 905),
(1617, '', '', 0, 166, 905),
(1618, '', '', 0, 169, 905),
(1619, '', '', 0, 170, 905),
(1636, '', '', 0, 167, 980),
(1647, '', '', 1, 175, 935),
(1648, '', '', 0, 177, 935),
(1649, '', '', 0, 178, 935),
(1650, '', '', 0, 184, 935),
(1651, '', '', 0, 188, 935),
(1661, '', '', 0, 197, 988),
(1662, '', '', 0, 155, 988),
(1663, '', '', 1, 158, 988),
(1664, '', '', 0, 166, 988),
(1932, '', '', 0, 160, 920),
(2143, '', '', 0, 184, 938),
(2145, '', '', 0, 167, 940),
(2147, '', '', 0, 184, 934),
(2148, '', '', 0, 155, 934),
(2150, '', '', 0, 167, 934),
(2158, '', '', 0, 202, 1056),
(2159, '', '', 0, 214, 1056),
(2160, '', '', 0, 180, 1066),
(2161, '', '', 0, 184, 1066),
(2162, '', '', 0, 155, 937),
(2164, '', '', 0, 167, 937),
(2307, '', '', 1, 180, 1081),
(2309, '', '', 1, 207, 1077),
(2314, '', '', 0, 177, 1101),
(2315, '', '', 1, 178, 1101),
(2316, '', '', 1, 193, 1101),
(2317, '', '', 1, 207, 1102),
(2318, '', '', 1, 178, 1075),
(2319, '', '', 0, 184, 1075),
(2422, '', '', 0, 156, 926),
(2424, '', '', 0, 166, 926),
(2425, '', '', 0, 167, 926),
(2426, '', '', 0, 168, 926),
(2427, '', '', 0, 169, 926),
(2428, '', '', 0, 170, 926),
(2429, '', '', 1, 171, 926),
(2438, '', '', 0, 177, 1054),
(2439, '', '', 1, 180, 1054),
(2440, '', '', 0, 184, 1054),
(2441, '', '', 1, 193, 1054),
(2443, '', '', 0, 167, 1103),
(2445, '', '', 0, 158, 1071),
(2447, '', '', 1, 167, 1071),
(2451, '', '', 0, 157, 1146),
(2452, '', '', 0, 158, 1146),
(2454, '', '', 0, 160, 1146),
(2457, '', '', 0, 199, 1063),
(2458, '', '', 0, 202, 1063),
(2459, '', '', 1, 178, 1060),
(2460, '', '', 1, 180, 1060),
(2461, '', '', 0, 184, 1060),
(2469, '', '', 0, 157, 1084),
(2470, '', '', 0, 158, 1084),
(2472, '', '', 0, 160, 1084),
(2473, '', '', 0, 167, 1084),
(2474, '', '', 1, 178, 1076),
(2475, '', '', 1, 180, 1076),
(2476, '', '', 0, 184, 1076),
(2477, '', '', 1, 178, 1085),
(2478, '', '', 1, 180, 1085),
(2479, '', '', 0, 184, 1085),
(2690, '', '', 0, 162, 914),
(2691, '', '', 0, 170, 914),
(2695, '', '', 1, 178, 7681),
(2696, '', '', 1, 180, 7681),
(2697, '', '', 0, 184, 7681),
(2698, '', '', 0, 192, 7681),
(2700, '', '', 0, 162, 1225),
(2701, '', '', 0, 167, 1225),
(2707, '', '', 0, 214, 1145),
(2708, '', '', 0, 177, 1144),
(2709, '', '', 0, 178, 1144),
(2710, '', '', 1, 180, 1144),
(2711, '', '', 0, 184, 1144),
(2712, '', '', 0, 195, 979),
(2713, '', '', 0, 201, 979),
(2714, '', '', 0, 177, 1072),
(2715, '', '', 1, 180, 1072),
(2815, '', '', 1, 180, 1141),
(2816, '', '', 0, 184, 1141),
(2819, '', '', 1, 180, 1069),
(2820, '', '', 0, 184, 1069),
(2823, '', '', 0, 156, 1068),
(2824, '', '', 0, 158, 1068),
(2826, '', '', 0, 166, 1068),
(2827, '', '', 0, 169, 1068),
(2828, '', '', 0, 174, 1068),
(2839, '', '', 0, 170, 1059),
(2840, '', '', 0, 214, 1133),
(2841, '', '', 0, 178, 11360),
(2842, '', '', 1, 180, 11360),
(2843, '', '', 0, 184, 11360),
(2845, '', '', 0, 167, 1134),
(2850, '', '', 0, 184, 1089),
(2851, '', '', 0, 187, 1089),
(2891, '', '', 0, 184, 1061),
(2898, '', '', 0, 214, 1062),
(2900, '', '', 0, 167, 1080),
(2901, '', '', 0, 170, 1080),
(2970, '', '', 0, 155, 1074),
(3065, '', '', 1, 170, 1094),
(3066, '', '', 1, 190, 1092),
(3067, '', '', 0, 199, 1090),
(3304, '', '', 1, 214, 1210),
(3305, '', '', 1, 190, 1229),
(3306, '', '', 1, 190, 1220),
(3310, '', '', 0, 175, 1255),
(3311, '', '', 0, 189, 1255),
(3315, '', '', 0, 169, 1233),
(3316, '', '', 1, 214, 1231),
(3317, '', '', 1, 214, 1211),
(3326, '', '', 0, 188, 13042),
(3330, '', '', 0, 195, 1217),
(3331, '', '', 0, 202, 1217),
(3349, '', '', 1, 190, 1230),
(3350, '', '', 0, 201, 1232),
(3352, '', '', 0, 201, 1237),
(3356, '', '', 0, 178, 1214),
(3357, '', '', 1, 194, 1214),
(3358, '', '', 1, 190, 1286),
(3359, '', '', 1, 194, 1286),
(3363, '', '', 0, 158, 1257),
(3364, '', '', 0, 160, 1257),
(3549, '', '', 1, 190, 1226),
(3550, '', '', 1, 190, 1298),
(3551, '', '', 0, 202, 1299),
(3552, '', '', 0, 212, 1299),
(3553, '', '', 0, 167, 1218),
(3567, '', '', 0, 158, 1222),
(3568, '', '', 0, 161, 1222),
(3569, '', '', 0, 166, 1222),
(3570, '', '', 0, 172, 1222),
(3571, '', '', 0, 174, 1222),
(3576, '', '', 0, 178, 1208),
(3578, '', '', 0, 212, 1287),
(4022, '', '', 0, 157, 1228),
(4028, '', '', 1, 177, 1215),
(4030, '', '', 0, 191, 1215),
(4031, '', '', 1, 177, 1242),
(4032, '', '', 0, 178, 1242),
(4034, '', '', 0, 193, 1242),
(4035, '', '', 0, 195, 1242),
(4036, '', '', 0, 199, 1242),
(4037, '', '', 0, 206, 1242),
(4038, '', '', 0, 212, 1242),
(4039, '', '', 0, 214, 1242),
(4040, '', '', 0, 155, 1242),
(4041, '', '', 0, 158, 1242),
(4042, '', '', 0, 199, 1247),
(4044, '', '', 0, 212, 1247),
(4046, '', '', 0, 155, 1399),
(4048, '', '', 1, 190, 1215),
(4049, '', '', 1, 190, 1242),
(4056, '', '', 0, 199, 13047),
(4057, '', '', 0, 212, 13047),
(4058, '', '', 0, 157, 13045),
(4059, '', '', 0, 160, 13045),
(4060, '', '', 0, 166, 13045),
(4061, '', '', 0, 167, 13045),
(4062, '', '', 1, 177, 1246),
(4063, '', '', 0, 186, 1246),
(4064, '', '', 0, 190, 1246),
(4065, '', '', 0, 155, 1248),
(4071, '', '', 0, 206, 1227),
(4072, '', '', 0, 212, 1227),
(4073, '', '', 0, 206, 1216),
(4074, '', '', 0, 212, 1216),
(4075, '', '', 1, 177, 1209),
(4076, '', '', 0, 190, 1209),
(4077, '', '', 0, 195, 1244),
(4078, '', '', 0, 199, 1244),
(4079, '', '', 0, 212, 1244),
(4372, '', '', 0, 200, 1410),
(4373, '', '', 0, 201, 1410),
(4374, '', '', 0, 214, 1410),
(4375, '', '', 0, 200, 1364),
(4376, '', '', 0, 200, 10954),
(4377, '', '', 0, 200, 1385),
(4382, '', '', 0, 158, 1411),
(4387, '', '', 0, 191, 1450),
(4389, '', '', 1, 200, 1450),
(4390, '', '', 0, 214, 1450),
(4391, '', '', 0, 158, 1450),
(4407, '', '', 1, 194, 1450),
(4408, '', '', 1, 194, 1384),
(4409, '', '', 1, 194, 1393),
(4459, '', '', 1, 200, 1404),
(4480, '', '', 1, 177, 1403),
(4644, '', '', 1, 200, 1391),
(4645, '', '', 0, 214, 1391),
(4647, '', '', 0, 168, 1442),
(4648, '', '', 0, 170, 1442),
(4649, '', '', 0, 171, 1442),
(4663, '', '', 0, 170, 1376),
(4664, '', '', 0, 171, 1376),
(4918, '', '', 0, 209, 1297),
(4922, '', '', 0, 185, 1396),
(4923, '', '', 0, 202, 1396),
(4925, '', '', 0, 202, 1401),
(4926, '', '', 0, 214, 1401),
(4930, '', '', 0, 175, 1363),
(4931, '', '', 0, 177, 1363),
(4932, '', '', 0, 180, 1363),
(4933, '', '', 0, 193, 1363),
(4959, '', '', 0, 167, 1402),
(4960, '', '', 0, 201, 1381),
(4961, '', '', 0, 202, 1381),
(4962, '', '', 0, 157, 1399),
(4982, '', '', 0, 201, 11364),
(4983, '', '', 1, 201, 7740),
(4984, '', '', 1, 201, 7755),
(4985, '', '', 1, 201, 7790),
(4989, '', '', 0, 180, 11364),
(4990, '', '', 0, 180, 7739),
(4991, '', '', 0, 180, 7805),
(4992, '', '', 0, 180, 7748),
(4993, '', '', 0, 180, 7792),
(4994, '', '', 0, 186, 11364),
(4995, '', '', 0, 186, 7739),
(4996, '', '', 0, 186, 7805),
(4997, '', '', 0, 186, 7748),
(4998, '', '', 0, 186, 7792),
(5002, '', '', 0, 199, 7761),
(5003, '', '', 1, 201, 7761),
(5007, '', '', 1, 191, 7742),
(5008, '', '', 1, 191, 7724),
(5022, '', '', 0, 176, 7736),
(5023, '', '', 0, 180, 7736),
(5024, '', '', 1, 191, 7736),
(5025, '', '', 1, 191, 7789),
(5031, '', '', 0, 200, 7749),
(5033, '', '', 0, 214, 7749),
(5035, '', '', 0, 200, 7793),
(5037, '', '', 0, 199, 7749),
(5038, '', '', 0, 199, 7793),
(5039, '', '', 0, 199, 7744),
(5040, '', '', 0, 199, 7752),
(5041, '', '', 0, 199, 7737),
(5042, '', '', 1, 201, 7749),
(5043, '', '', 1, 201, 7793),
(5044, '', '', 1, 201, 7744),
(5045, '', '', 1, 201, 7752),
(5046, '', '', 1, 201, 7737),
(5066, '', '', 0, 157, 7977),
(5067, '', '', 0, 158, 7977),
(5068, '', '', 0, 180, 7975),
(5069, '', '', 1, 191, 7975),
(5153, '', '', 0, 178, 7743),
(5154, '', '', 1, 185, 7743),
(5155, '', '', 0, 156, 7747),
(5156, '', '', 0, 158, 7747),
(5157, '', '', 1, 185, 7751),
(5161, '', '', 0, 156, 7729),
(5162, '', '', 0, 158, 7729),
(5163, '', '', 0, 160, 7729),
(5168, '', '', 0, 202, 7806),
(5169, '', '', 0, 202, 7726),
(5421, '', '', 0, 195, 7976),
(5427, '', '', 1, 185, 7819),
(6167, '', '', 1, 181, 7888),
(6169, '', '', 1, 200, 7939),
(6170, '', '', 0, 161, 7899),
(6171, '', '', 0, 161, 7807),
(6189, '', '', 0, 201, 7901),
(6190, '', '', 0, 214, 7901),
(7115, '', '', 0, 158, 7905),
(7116, '', '', 0, 160, 7937),
(7117, '', '', 0, 184, 7903),
(7141, '', '', 0, 212, 7904),
(7142, '', '', 0, 214, 7904),
(7143, '', '', 0, 212, 7907),
(7144, '', '', 0, 177, 7906),
(7145, '', '', 0, 180, 7906),
(7146, '', '', 0, 184, 7906),
(7147, '', '', 0, 187, 7906),
(7148, '', '', 0, 189, 7906),
(7149, '', '', 0, 193, 7906),
(7150, '', '', 0, 155, 7887),
(7151, '', '', 0, 185, 7965),
(7152, '', '', 0, 191, 7965),
(7153, '', '', 0, 199, 7879),
(7154, '', '', 0, 212, 7879),
(7193, '', '', 0, 185, 7894),
(7194, '', '', 0, 185, 7871),
(7195, '', '', 0, 185, 7885),
(7197, '', '', 0, 188, 7951),
(7198, '', '', 0, 188, 7876),
(7199, '', '', 0, 188, 7877),
(7200, '', '', 0, 200, 7895),
(7201, '', '', 0, 201, 7895),
(7206, '', '', 0, 168, 7807),
(7207, '', '', 0, 168, 7899),
(7214, '', '', 0, 187, 7818),
(7215, '', '', 0, 188, 7818),
(7216, '', '', 0, 192, 7818),
(7217, '', '', 0, 194, 7818),
(7218, '', '', 0, 195, 7818),
(7219, '', '', 0, 212, 7818),
(7220, '', '', 0, 214, 7818),
(7222, '', '', 0, 168, 7818),
(7243, '', '', 0, 185, 7757),
(7244, '', '', 0, 175, 7882),
(7245, '', '', 0, 178, 7882),
(7246, '', '', 0, 184, 7882),
(7247, '', '', 0, 175, 7876),
(7248, '', '', 0, 214, 7886),
(7249, '', '', 0, 214, 7883),
(7250, '', '', 0, 213, 7820),
(7251, '', '', 0, 214, 7820),
(7252, '', '', 0, 185, 7754),
(7253, '', '', 0, 213, 7758),
(7254, '', '', 0, 214, 7758),
(7256, '', '', 0, 178, 7760),
(7257, '', '', 0, 185, 7760),
(7258, '', '', 0, 185, 7889),
(7259, '', '', 0, 185, 7897),
(7260, '', '', 0, 160, 7880),
(7261, '', '', 0, 178, 7938),
(7262, '', '', 0, 185, 7938),
(7263, '', '', 0, 188, 7938),
(7264, '', '', 0, 185, 7963),
(7265, '', '', 0, 201, 7963),
(7266, '', '', 0, 200, 7878),
(7267, '', '', 0, 212, 7878),
(7268, '', '', 0, 161, 7892),
(7269, '', '', 0, 168, 7892),
(7270, '', '', 0, 214, 7872),
(7288, '', '', 0, 161, 7896),
(7289, '', '', 0, 166, 7896),
(7290, '', '', 0, 170, 7896),
(7291, '', '', 1, 211, 7896),
(7292, '', '', 0, 174, 7896),
(7293, '', '', 0, 155, 7741),
(7294, '', '', 0, 156, 7741),
(7295, '', '', 1, 211, 7741),
(7296, '', '', 0, 158, 7791),
(7297, '', '', 0, 160, 7791),
(7298, '', '', 0, 170, 7791),
(7299, '', '', 1, 211, 7791),
(7300, '', '', 0, 174, 7791),
(7301, '', '', 0, 212, 8916),
(7302, '', '', 0, 212, 8937),
(7306, '', '', 0, 201, 8931),
(7307, '', '', 0, 205, 8931),
(7308, '', '', 0, 212, 8931),
(7309, '', '', 0, 214, 8931),
(7409, '', '', 0, 212, 8969),
(7512, '', '', 0, 158, 8922),
(7539, '', '', 0, 208, 8928),
(7540, '', '', 0, 212, 8928),
(7554, '', '', 0, 158, 9007),
(7555, '', '', 0, 212, 9006),
(7559, '', '', 0, 156, 8904),
(7560, '', '', 0, 157, 8904),
(7561, '', '', 0, 158, 8904),
(7562, '', '', 0, 155, 8938),
(7563, '', '', 0, 157, 8938),
(7564, '', '', 0, 158, 8938),
(7565, '', '', 0, 160, 8938),
(7566, '', '', 0, 170, 8938),
(7567, '', '', 0, 174, 8938),
(7577, '', '', 0, 177, 8912),
(7578, '', '', 1, 179, 8912),
(7579, '', '', 0, 187, 8912),
(7580, '', '', 1, 188, 8912),
(7591, '', '', 0, 158, 8929),
(7595, '', '', 0, 208, 8920),
(7596, '', '', 0, 212, 8920),
(7597, '', '', 1, 179, 8918),
(7598, '', '', 1, 181, 8918),
(7599, '', '', 1, 188, 8918),
(7600, '', '', 1, 179, 9005),
(7601, '', '', 1, 188, 9005),
(7784, '', '', 1, 179, 8981),
(7785, '', '', 1, 188, 8981),
(7786, '', '', 0, 192, 8981),
(7787, '', '', 0, 202, 8982),
(7788, '', '', 0, 212, 8982),
(7791, '', '', 1, 214, 1217),
(7792, '', '', 1, 214, 1240),
(7793, '', '', 1, 214, 1237),
(7794, '', '', 1, 214, 1232),
(7795, '', '', 1, 214, 11311),
(7802, '', '', 0, 178, 8968),
(7803, '', '', 1, 179, 8968),
(7804, '', '', 0, 180, 8968),
(7805, '', '', 0, 181, 8968),
(7806, '', '', 0, 188, 8968),
(7807, '', '', 0, 193, 8968),
(7808, '', '', 0, 194, 8968),
(7940, '', '', 0, 160, 8983),
(7947, '', '', 0, 195, 8925),
(7948, '', '', 0, 207, 8925),
(7949, '', '', 0, 212, 8925),
(7950, '', '', 0, 214, 8925),
(8034, '', '', 0, 171, 8910),
(8042, '', '', 1, 179, 8901),
(8059, '', '', 0, 200, 8913),
(8071, '', '', 1, 179, 8919),
(8072, '', '', 1, 192, 8919),
(8074, '', '', 1, 155, 8926),
(8075, '', '', 1, 179, 8915),
(8076, '', '', 1, 172, 8905),
(8082, '', '', 1, 172, 8923),
(8099, '', '', 1, 179, 8927),
(8100, '', '', 1, 192, 8927),
(8103, '', '', 1, 179, 8924),
(8150, '', '', 0, 199, 8996),
(8151, '', '', 0, 212, 8996),
(8226, '', '', 1, 175, 8930),
(8227, '', '', 0, 176, 8930),
(8228, '', '', 1, 177, 8930),
(8229, '', '', 1, 180, 8930),
(8230, '', '', 1, 190, 8930),
(8239, '', '', 1, 175, 8994),
(8241, '', '', 1, 177, 8994),
(8242, '', '', 1, 180, 8994),
(8243, '', '', 1, 190, 8994),
(8244, '', '', 0, 199, 8994),
(8245, '', '', 0, 212, 8994),
(8246, '', '', 0, 158, 8994),
(8247, '', '', 0, 166, 8994),
(8248, '', '', 0, 158, 8917),
(8249, '', '', 0, 166, 8917),
(8273, '', '', 1, 175, 13039),
(8274, '', '', 1, 177, 13039),
(8275, '', '', 1, 180, 13039),
(8276, '', '', 0, 212, 13039),
(8277, '', '', 0, 167, 13039),
(8278, '', '', 0, 170, 8932),
(8292, '', '', 0, 206, 8934),
(8293, '', '', 0, 209, 8934),
(8294, '', '', 0, 212, 8934),
(8299, '', '', 0, 160, 8935),
(8300, '', '', 0, 170, 8935),
(8368, '', '', 0, 178, 9280),
(8369, '', '', 1, 180, 9280),
(8378, '', '', 0, 177, 8995),
(8379, '', '', 0, 178, 8995),
(8380, '', '', 0, 188, 8995),
(8381, '', '', 1, 179, 8906),
(8382, '', '', 0, 186, 8906),
(8383, '', '', 0, 188, 8906),
(8384, '', '', 0, 192, 8906),
(8385, '', '', 1, 179, 8907),
(8386, '', '', 0, 186, 8907),
(8387, '', '', 0, 188, 8907),
(8388, '', '', 0, 192, 8907),
(8395, '', '', 0, 212, 11645),
(8396, '', '', 0, 174, 11645),
(8401, '', '', 0, 196, 9083),
(8402, '', '', 0, 201, 9083),
(8403, '', '', 0, 205, 9083),
(8404, '', '', 0, 214, 9083),
(8616, '', '', 1, 175, 8933),
(8617, '', '', 1, 180, 8933),
(8619, '', '', 1, 175, 8936),
(8620, '', '', 1, 180, 8936),
(8621, '', '', 1, 190, 8936),
(8622, '', '', 0, 193, 8936),
(8855, '', '', 0, 158, 9077),
(8858, '', '', 1, 180, 9117),
(8915, '', '', 1, 180, 9064),
(8932, '', '', 0, 177, 9052),
(8933, '', '', 0, 193, 9052),
(9129, '', '', 0, 180, 9058),
(9130, '', '', 0, 180, 9059),
(9134, '', '', 0, 171, 9135),
(9152, '', '', 0, 178, 9120),
(9153, '', '', 1, 186, 9120),
(9154, '', '', 1, 187, 9120),
(9155, '', '', 0, 188, 9120),
(9157, '', '', 1, 186, 9143),
(9158, '', '', 1, 187, 9143),
(9232, '', '', 0, 176, 9071),
(9233, '', '', 0, 191, 9071),
(9554, '', '', 0, 186, 9079),
(9555, '', '', 0, 187, 9079),
(9556, '', '', 1, 186, 9076),
(9557, '', '', 1, 187, 9076),
(9558, '', '', 0, 214, 9054),
(9559, '', '', 1, 158, 9057),
(9560, '', '', 1, 160, 9057),
(9561, '', '', 0, 174, 9057),
(9562, '', '', 1, 158, 9078),
(9563, '', '', 0, 174, 9078),
(9569, '', '', 1, 186, 9053),
(9570, '', '', 1, 187, 9053),
(9571, '', '', 1, 186, 9067),
(9572, '', '', 1, 187, 9067),
(9741, '', '', 1, 195, 9061),
(9746, '', '', 1, 158, 9119),
(9748, '', '', 0, 158, 9084),
(9749, '', '', 0, 160, 9084),
(9750, '', '', 0, 170, 9084),
(9798, '', '', 1, 186, 9082),
(9799, '', '', 1, 186, 9088),
(9800, '', '', 1, 186, 9085),
(9847, '', '', 1, 207, 9086),
(9861, '', '', 1, 188, 9294),
(9862, '', '', 0, 193, 9294),
(9949, '', '', 0, 175, 9381),
(9950, '', '', 0, 177, 9381),
(9951, '', '', 1, 188, 9381),
(9952, '', '', 0, 189, 9381),
(9964, '', '', 0, 199, 9236),
(9965, '', '', 0, 201, 9236),
(9986, '', '', 0, 155, 14158),
(10015, '', '', 0, 202, 9268),
(10017, '', '', 1, 213, 9268),
(10018, '', '', 0, 214, 9268),
(10030, '', '', 0, 178, 9304),
(10031, '', '', 1, 181, 9304),
(10032, '', '', 0, 188, 9304),
(10033, '', '', 0, 189, 9304),
(10034, '', '', 0, 192, 9304),
(10035, '', '', 0, 199, 9219),
(10036, '', '', 1, 213, 9219),
(10038, '', '', 0, 199, 9227),
(10039, '', '', 0, 204, 9227),
(10040, '', '', 1, 213, 9227),
(10046, '', '', 0, 178, 9217),
(10047, '', '', 1, 181, 9217),
(10048, '', '', 0, 188, 9217),
(10049, '', '', 0, 160, 9237),
(10050, '', '', 0, 155, 9355),
(10052, '', '', 0, 178, 9199),
(10053, '', '', 0, 188, 9199),
(10247, '', '', 0, 194, 9267),
(10325, '', '', 1, 213, 9282),
(10330, '', '', 1, 213, 9212),
(10331, '', '', 1, 213, 9292),
(10370, '', '', 0, 161, 9203),
(10385, '', '', 0, 155, 9204),
(10386, '', '', 0, 161, 9204),
(10451, '', '', 0, 192, 9806),
(10539, '', '', 1, 195, 9233),
(10545, '', '', 0, 158, 9266),
(10546, '', '', 1, 170, 9266),
(10547, '', '', 1, 171, 9266),
(10549, '', '', 0, 178, 9232),
(10550, '', '', 0, 188, 9232),
(10793, '', '', 1, 185, 9218),
(10794, '', '', 1, 185, 9226),
(10795, '', '', 1, 185, 9806),
(10799, '', '', 1, 185, 9232),
(10800, '', '', 1, 179, 9293),
(10801, '', '', 0, 184, 9293),
(10802, '', '', 1, 185, 9293),
(10803, '', '', 0, 198, 9293),
(10806, '', '', 1, 157, 9293),
(10808, '', '', 1, 185, 13586),
(10809, '', '', 1, 157, 13586),
(10810, '', '', 0, 158, 9234),
(10811, '', '', 1, 168, 9234),
(10812, '', '', 1, 170, 9234),
(10813, '', '', 1, 171, 9234),
(10814, '', '', 0, 178, 9205),
(10815, '', '', 1, 188, 9205),
(10816, '', '', 1, 188, 9206),
(10829, '', '', 0, 165, 9421),
(10852, '', '', 0, 201, 9364),
(10929, '', '', 0, 185, 9229),
(10930, '', '', 0, 186, 9229),
(10931, '', '', 0, 193, 9229),
(10934, '', '', 0, 158, 9231),
(10935, '', '', 1, 170, 9231),
(10936, '', '', 1, 171, 9231),
(11003, '', '', 0, 187, 9442),
(11004, '', '', 0, 200, 9442),
(11005, '', '', 0, 201, 9442),
(11007, '', '', 0, 209, 9442),
(11008, '', '', 0, 212, 9442),
(11009, '', '', 0, 155, 9442),
(11011, '', '', 0, 165, 9442),
(11017, '', '', 1, 195, 16481),
(11029, '', '', 0, 200, 9353),
(11030, '', '', 0, 201, 9353),
(11031, '', '', 0, 200, 9354),
(11032, '', '', 0, 201, 9354),
(11033, '', '', 0, 156, 13716),
(11034, '', '', 0, 165, 13716),
(11035, '', '', 0, 174, 13716),
(11075, '', '', 0, 178, 9363),
(11092, '', '', 0, 200, 9382),
(11093, '', '', 0, 201, 9382),
(11095, '', '', 0, 158, 9356),
(11096, '', '', 0, 165, 9356),
(11097, '', '', 0, 166, 9356),
(11108, '', '', 1, 191, 9419),
(11137, '', '', 0, 165, 9365),
(11138, '', '', 0, 156, 13717),
(11139, '', '', 0, 166, 13717),
(11140, '', '', 0, 174, 13717),
(11141, '', '', 0, 201, 9371),
(11142, '', '', 0, 214, 9371),
(11143, '', '', 1, 191, 9369),
(11144, '', '', 0, 155, 9380),
(11145, '', '', 0, 160, 9380),
(11146, '', '', 0, 165, 9380),
(11147, '', '', 0, 155, 9373),
(11148, '', '', 0, 160, 9373),
(11363, '', '', 0, 195, 9379),
(11364, '', '', 0, 200, 9379),
(11365, '', '', 0, 201, 9379),
(11366, '', '', 0, 202, 9379),
(11367, '', '', 0, 204, 9379),
(11467, '', '', 0, 195, 9305),
(11468, '', '', 0, 204, 9305),
(11469, '', '', 0, 155, 9383),
(11470, '', '', 0, 160, 9383),
(11471, '', '', 0, 165, 9383),
(11811, '', '', 0, 167, 9510),
(11819, '', '', 0, 195, 9602),
(11820, '', '', 0, 195, 9533),
(11821, '', '', 0, 177, 9503),
(11822, '', '', 0, 193, 9503),
(11829, '', '', 1, 160, 9534),
(11830, '', '', 0, 167, 9534),
(11831, '', '', 1, 160, 9593),
(11832, '', '', 0, 167, 9593),
(11838, '', '', 0, 192, 9235),
(11850, '', '', 0, 175, 9508),
(11855, '', '', 1, 183, 9601),
(11856, '', '', 1, 183, 13712),
(11857, '', '', 1, 183, 13713),
(11870, '', '', 0, 195, 13714),
(11871, '', '', 0, 200, 13714),
(11877, '', '', 0, 195, 13715),
(11878, '', '', 0, 200, 13715),
(11879, '', '', 0, 206, 13715),
(11880, '', '', 0, 196, 9524),
(11884, '', '', 1, 164, 9603),
(11885, '', '', 0, 170, 9603),
(11897, '', '', 1, 160, 9579),
(11898, '', '', 1, 164, 9579),
(11899, '', '', 0, 170, 9579),
(12023, '', '', 0, 176, 9496),
(12071, '', '', 0, 176, 9589),
(12072, '', '', 1, 183, 9589),
(12073, '', '', 0, 184, 9589),
(12074, '', '', 0, 198, 9589),
(12075, '', '', 0, 199, 9589),
(12077, '', '', 0, 212, 9589),
(12079, '', '', 1, 160, 9589),
(12080, '', '', 1, 164, 9589),
(12094, '', '', 1, 160, 9500),
(12095, '', '', 0, 161, 9500),
(12096, '', '', 1, 160, 9506),
(12101, '', '', 0, 185, 9515),
(12102, '', '', 0, 188, 9515),
(12103, '', '', 0, 158, 9501),
(12104, '', '', 1, 160, 9501),
(12105, '', '', 0, 161, 9501),
(12106, '', '', 1, 169, 9501),
(12118, '', '', 0, 201, 9499),
(12120, '', '', 0, 183, 9523),
(12121, '', '', 0, 187, 9523),
(12122, '', '', 0, 201, 9498),
(12123, '', '', 0, 206, 9498),
(12262, '', '', 1, 160, 9522),
(12263, '', '', 1, 164, 9522),
(12264, '', '', 1, 169, 9522),
(12279, '', '', 1, 180, 9591),
(12428, '', '', 1, 180, 9590),
(12433, '', '', 0, 214, 9293),
(12434, '', '', 0, 214, 13586),
(12435, '', '', 0, 214, 16481),
(12436, '', '', 0, 214, 9233),
(12437, '', '', 0, 158, 9528),
(12438, '', '', 1, 170, 9528),
(12439, '', '', 1, 180, 9526),
(12441, '', '', 1, 180, 9532),
(12444, '', '', 1, 170, 19194),
(12489, '', '', 0, 195, 9592),
(12490, '', '', 0, 199, 9592),
(12491, '', '', 0, 213, 9592),
(12492, '', '', 1, 214, 9592),
(12742, '', '', 0, 158, 19799),
(12743, '', '', 0, 214, 9512),
(12744, '', '', 0, 198, 19798),
(12746, '', '', 1, 210, 19798),
(12747, '', '', 0, 165, 19465),
(12748, '', '', 0, 166, 19465),
(12749, '', '', 0, 170, 19465),
(12753, '', '', 0, 177, 9654),
(12833, '', '', 1, 157, 9677),
(12834, '', '', 1, 158, 9677),
(12835, '', '', 1, 157, 13720),
(12836, '', '', 1, 158, 13720),
(12837, '', '', 0, 186, 13719),
(12852, '', '', 0, 191, 9648),
(12857, '', '', 0, 202, 9673),
(12858, '', '', 1, 157, 19466),
(12859, '', '', 1, 158, 19466),
(12862, '', '', 1, 157, 20665),
(12864, '', '', 1, 157, 9659),
(12930, '', '', 1, 157, 9658),
(12931, '', '', 1, 158, 9658),
(12941, '', '', 1, 157, 9652),
(12942, '', '', 1, 158, 9652),
(12976, '', '', 0, 195, 9650),
(12977, '', '', 0, 196, 9650),
(12978, '', '', 0, 199, 9650),
(12979, '', '', 0, 202, 9650),
(12980, '', '', 1, 206, 9650),
(12981, '', '', 0, 214, 9650),
(12997, '', '', 0, 180, 9675),
(12998, '', '', 0, 182, 9675),
(12999, '', '', 0, 191, 9675),
(13019, '', '', 1, 183, 907),
(13020, '', '', 1, 183, 989),
(13021, '', '', 1, 183, 934),
(13022, '', '', 1, 183, 901),
(13023, '', '', 1, 183, 938),
(13052, '', '', 0, 155, 9653),
(13054, '', '', 1, 157, 9653),
(13055, '', '', 1, 158, 9653),
(13056, '', '', 0, 160, 9653),
(13057, '', '', 0, 163, 9653),
(13058, '', '', 0, 164, 9653),
(13059, '', '', 0, 168, 9653),
(13060, '', '', 0, 169, 9653),
(13061, '', '', 0, 170, 9653),
(13062, '', '', 0, 171, 9653),
(13063, '', '', 0, 172, 9653),
(13065, '', '', 0, 197, 20997),
(13066, '', '', 0, 200, 20997),
(13067, '', '', 0, 186, 9684),
(13069, '', '', 0, 202, 19776),
(13073, '', '', 0, 186, 20998),
(13076, '', '', 1, 158, 9686),
(13082, '', '', 0, 174, 9665),
(13084, '', '', 1, 158, 9665),
(13086, '', '', 0, 158, 9513),
(13087, '', '', 0, 170, 9513),
(13088, '', '', 1, 157, 9069),
(13090, '', '', 0, 186, 9144),
(13091, '', '', 0, 214, 9144),
(13092, '', '', 0, 156, 9144),
(13093, '', '', 1, 157, 9144),
(13094, '', '', 0, 158, 9144),
(13095, '', '', 0, 169, 9144),
(13096, '', '', 1, 156, 20665),
(13097, '', '', 1, 156, 9658),
(13098, '', '', 1, 156, 9659),
(13099, '', '', 1, 156, 9652),
(13100, '', '', 1, 156, 9653),
(13305, '', '', 1, 158, 20999),
(13306, '', '', 0, 200, 9685),
(13311, '', '', 0, 200, 9664),
(13312, '', '', 0, 202, 9664),
(13313, '', '', 0, 213, 9664),
(13368, '', '', 0, 170, 15496),
(13369, '', '', 0, 186, 15476),
(13370, '', '', 0, 188, 15476),
(13374, '', '', 1, 214, 15506),
(13377, '', '', 0, 155, 15492),
(13378, '', '', 1, 184, 15492),
(13379, '', '', 0, 188, 15492),
(13380, '', '', 0, 170, 15492),
(13382, '', '', 0, 155, 15487),
(13383, '', '', 0, 158, 15487),
(13384, '', '', 0, 186, 15487),
(13385, '', '', 0, 170, 15487),
(13386, '', '', 0, 155, 15488),
(13387, '', '', 0, 158, 15488),
(13388, '', '', 0, 186, 15488),
(13389, '', '', 0, 170, 15488),
(13390, '', '', 1, 157, 15504),
(13391, '', '', 1, 157, 15505),
(13394, '', '', 1, 157, 15501),
(13435, '', '', 1, 157, 15512),
(13436, '', '', 0, 214, 15512),
(13437, '', '', 1, 157, 15513),
(13438, '', '', 0, 214, 15513),
(13439, '', '', 0, 186, 15481),
(13440, '', '', 0, 170, 15481),
(13441, '', '', 0, 186, 15482),
(13442, '', '', 0, 170, 15482),
(13516, '', '', 0, 199, 15515),
(13517, '', '', 1, 190, 15515),
(13738, '', '', 1, 213, 15487),
(13741, '', '', 1, 213, 15478),
(13742, '', '', 1, 213, 15482),
(13745, '', '', 1, 213, 22641),
(13748, '', '', 1, 213, 15484),
(13749, '', '', 1, 213, 15493),
(14130, '', '', 0, 161, 15483),
(14131, '', '', 0, 185, 15483),
(14132, '', '', 0, 166, 15483),
(14133, '', '', 1, 200, 15483),
(14134, '', '', 0, 213, 15483),
(14135, '', '', 0, 195, 14426),
(14778, '', '', 0, 195, 14297),
(14779, '', '', 0, 171, 14297),
(14780, '', '', 0, 214, 14297),
(14789, '', '', 0, 155, 14266),
(14790, '', '', 0, 202, 14266),
(14791, '', '', 0, 188, 14266),
(15100, '', '', 0, 195, 15498),
(15101, '', '', 0, 195, 15503),
(15102, '', '', 0, 175, 15499),
(15103, '', '', 0, 189, 15499),
(15104, '', '', 0, 180, 14308),
(15105, '', '', 1, 190, 14308),
(15106, '', '', 0, 208, 14308),
(15107, '', '', 0, 180, 14309),
(15108, '', '', 0, 199, 14309),
(15109, '', '', 1, 190, 14309),
(15110, '', '', 0, 208, 14309),
(15113, '', '', 1, 177, 14267),
(15114, '', '', 1, 200, 14267),
(15117, '', '', 0, 199, 15514),
(15118, '', '', 1, 190, 15514),
(15119, '', '', 1, 177, 15490),
(15120, '', '', 0, 213, 15490),
(15121, '', '', 0, 166, 14280),
(15122, '', '', 0, 202, 14280),
(15123, '', '', 0, 166, 14281),
(15124, '', '', 1, 200, 14278),
(15125, '', '', 1, 200, 14279),
(15126, '', '', 0, 177, 14285),
(15127, '', '', 0, 200, 14285),
(15128, '', '', 0, 194, 14285),
(15129, '', '', 0, 201, 14273),
(15412, '', '', 0, 206, 14269),
(15413, '', '', 0, 193, 14269),
(15414, '', '', 0, 155, 14287),
(15415, '', '', 0, 158, 14287),
(15416, '', '', 0, 193, 14287),
(15417, '', '', 0, 212, 14287),
(15423, '', '', 0, 177, 15489),
(15424, '', '', 0, 170, 15489),
(15425, '', '', 0, 193, 15489),
(15426, '', '', 0, 213, 15489),
(15427, '', '', 0, 202, 15477),
(15428, '', '', 0, 188, 15477),
(15429, '', '', 0, 213, 15477),
(15438, '', '', 0, 208, 14304),
(15439, '', '', 0, 208, 14305),
(15440, '', '', 0, 208, 14306),
(15531, '', '', 0, 180, 14310),
(15532, '', '', 0, 190, 14310),
(15533, '', '', 0, 208, 14310),
(15541, '', '', 0, 214, 14293),
(15542, '', '', 1, 157, 1079),
(15544, '', '', 0, 167, 1079),
(15545, '', '', 0, 168, 1079),
(15546, '', '', 0, 171, 1079),
(15547, '', '', 1, 157, 1058),
(15549, '', '', 0, 160, 1058),
(15550, '', '', 0, 167, 1058),
(15568, '', '', 0, 155, 14270),
(15569, '', '', 0, 188, 14270),
(15570, '', '', 0, 170, 14270),
(15656, '', '', 0, 196, 14277),
(15657, '', '', 0, 158, 14277),
(15658, '', '', 0, 202, 14277),
(15659, '', '', 0, 188, 14277),
(15660, '', '', 0, 194, 14277),
(15806, '', '', 0, 176, 14413),
(15807, '', '', 0, 199, 14413),
(15809, '', '', 0, 214, 14413),
(15810, '', '', 0, 196, 14390),
(15811, '', '', 0, 158, 14390),
(15812, '', '', 0, 202, 14390),
(15950, '', '', 0, 157, 14422),
(15951, '', '', 0, 199, 14422),
(15952, '', '', 0, 171, 14422),
(15954, '', '', 0, 157, 14421),
(15955, '', '', 0, 171, 14421),
(15959, '', '', 0, 195, 14430),
(15968, '', '', 1, 214, 14421),
(15969, '', '', 1, 214, 14422),
(15970, '', '', 1, 214, 14430),
(15971, '', '', 1, 214, 14423),
(15972, '', '', 1, 214, 14424),
(15973, '', '', 0, 208, 14413),
(15974, '', '', 0, 208, 14293),
(15975, '', '', 0, 208, 14288),
(15977, '', '', 0, 208, 14545),
(15978, '', '', 0, 205, 14289),
(15979, '', '', 0, 208, 14289),
(15980, '', '', 0, 214, 14289),
(15984, '', '', 0, 202, 14402),
(15986, '', '', 0, 202, 14408),
(15988, '', '', 0, 202, 14399),
(15989, '', '', 0, 170, 14402),
(15991, '', '', 0, 170, 14408),
(15993, '', '', 0, 170, 14399),
(15994, '', '', 0, 202, 14398),
(15995, '', '', 0, 170, 14398),
(16006, '', '', 0, 202, 14403),
(16007, '', '', 0, 170, 14403);

-- --------------------------------------------------------

--
-- Structure de la table `delay`
--

CREATE TABLE IF NOT EXISTS `delay` (
`id` bigint(20) NOT NULL,
  `minuts` bigint(20) DEFAULT NULL,
  `datas_id` bigint(20) DEFAULT NULL
) ENGINE=InnoDB AUTO_INCREMENT=479 DEFAULT CHARSET=latin1;

--
-- Contenu de la table `delay`
--

INSERT INTO `delay` (`id`, `minuts`, `datas_id`) VALUES
(1, 15, 142),
(2, 10, 151),
(3, 10, 152),
(4, 23, 261),
(6, 20, 291),
(7, 10, 294),
(10, 12, 320),
(11, 1, 322),
(13, 10, 438),
(14, 10, 441),
(22, -1, 898),
(23, -1, 900),
(25, 10, 1039),
(37, -1, 1323),
(38, -1, 1324),
(43, 15, 1509),
(44, 50, 1542),
(46, 20, 1647),
(47, 10, 1651),
(54, 45, 2159),
(58, 6, 2445),
(62, 5, 2451),
(63, 25, 2452),
(64, 5, 2454),
(65, 20, 2457),
(67, 15, 2469),
(68, 45, 2470),
(69, 15, 2472),
(72, 30, 2712),
(77, 10, 3310),
(78, 10, 3311),
(82, 5, 3364),
(83, 15, 3552),
(101, -1, 4032),
(102, -1, 4035),
(103, -1, 4039),
(110, -1, 4077),
(111, 15, 4373),
(112, 15, 4374),
(118, -1, 4922),
(122, -1, 4930),
(123, 9, 4931),
(124, -1, 4932),
(125, -1, 4933),
(126, 60, 4960),
(127, 5, 4962),
(137, 30, 5023),
(138, 3, 5066),
(139, 3, 5067),
(140, 7, 5068),
(148, 15, 5163),
(161, 2, 5421),
(171, -1, 6189),
(172, -1, 6190),
(202, 10, 7144),
(203, 7, 7145),
(204, 10, 7147),
(205, 10, 7149),
(209, 45, 7201),
(210, 35, 7244),
(211, -1, 7247),
(212, 45, 7256),
(213, 20, 7261),
(214, 20, 7263),
(215, -1, 7289),
(216, -1, 7290),
(217, -1, 7292),
(219, -1, 7306),
(220, -1, 7307),
(221, -1, 7309),
(233, 20, 7560),
(234, 10, 7563),
(235, 25, 7564),
(236, 45, 7565),
(237, -1, 7577),
(244, 50, 7802),
(245, 10, 7804),
(246, 15, 7805),
(247, 10, 7806),
(252, 10, 7940),
(253, 50, 7948),
(256, -1, 8034),
(261, 15, 8368),
(262, 15, 8378),
(263, 30, 8380),
(270, 10, 8401),
(271, 5, 8402),
(272, 5, 8403),
(273, 5, 8404),
(276, 10, 9155),
(278, 60, 9232),
(287, 30, 9558),
(294, -1, 9749),
(295, 5, 9750),
(305, 15, 9847),
(310, 20, 9862),
(311, 5, 9949),
(312, 5, 9950),
(313, 5, 9952),
(318, 5, 10033),
(319, 35, 10047),
(332, 30, 10814),
(337, -1, 11004),
(338, -1, 11009),
(346, 20, 11097),
(348, -1, 11141),
(349, 30, 11142),
(350, -1, 11365),
(355, 30, 11811),
(362, 45, 12102),
(390, 45, 12980),
(392, 60, 12997),
(393, 60, 12998),
(394, 60, 12999),
(403, 15, 13370),
(425, 5, 15102),
(426, 5, 15103),
(427, 20, 15128),
(433, -1, 15412),
(434, -1, 15413),
(435, -1, 15415),
(436, -1, 15416),
(437, -1, 15417),
(438, 25, 15427),
(439, 10, 15549),
(447, 35, 15659),
(448, 10, 15660),
(476, -1, 15959),
(477, 5, 15978),
(478, 5, 15980);

-- --------------------------------------------------------

--
-- Structure de la table `devoir`
--

CREATE TABLE IF NOT EXISTS `devoir` (
`id` bigint(20) NOT NULL,
  `nom` varchar(255) NOT NULL,
  `coef` double(20,18) NOT NULL,
  `jour` date DEFAULT NULL,
  `final` bigint(20) NOT NULL,
  `limite` int(11) NOT NULL,
  `evaluation_id` bigint(20) NOT NULL
) ENGINE=InnoDB AUTO_INCREMENT=16 DEFAULT CHARSET=latin1;

--
-- Contenu de la table `devoir`
--

INSERT INTO `devoir` (`id`, `nom`, `coef`, `jour`, `final`, `limite`, `evaluation_id`) VALUES
(1, 'DS1', 1.000000000000000000, '2015-10-06', 0, 20, 2),
(2, 'DS-TD-1', 1.000000000000000000, '2015-10-18', 0, 20, 3),
(3, 'DS1', 2.000000000000000000, '2015-10-14', 0, 20, 4),
(4, 'Warblade', 1.000000000000000000, '2015-10-21', 0, 20, 4),
(5, 'DS2', 1.000000000000000000, '2015-10-20', 0, 20, 2),
(6, 'projet', 2.000000000000000000, '2015-11-29', 0, 20, 2),
(7, 'DS1', 2.000000000000000000, '2015-11-23', 0, 20, 5),
(8, 'DS-TD-2', 1.000000000000000000, '2015-12-07', 0, 20, 3),
(9, 'DS2', 2.000000000000000000, '2016-01-06', 0, 20, 4),
(10, 'Pourat', 1.000000000000000000, '2016-01-12', 0, 20, 6),
(11, 'DS2', 1.000000000000000000, '2016-01-12', 0, 20, 5),
(12, 'Worldpress', 1.000000000000000000, '2016-01-16', 0, 20, 6),
(13, 'DS-TD-3', 0.000000000000000000, '2016-01-25', 0, 20, 3),
(14, 'DS-TP1', 0.000000000000000000, '2016-01-25', 0, 20, 3),
(15, 'DS-TP2', 0.000000000000000000, '2016-01-25', 0, 20, 3);

-- --------------------------------------------------------

--
-- Structure de la table `devoirlesson`
--

CREATE TABLE IF NOT EXISTS `devoirlesson` (
`id` bigint(20) NOT NULL,
  `devoir_id` bigint(20) NOT NULL,
  `lesson_id` bigint(20) NOT NULL
) ENGINE=InnoDB DEFAULT CHARSET=latin1;

-- --------------------------------------------------------

--
-- Structure de la table `disponibilite`
--

CREATE TABLE IF NOT EXISTS `disponibilite` (
`id` bigint(20) NOT NULL,
  `teacher_id` bigint(20) NOT NULL,
  `dept` varchar(255) NOT NULL,
  `jour` varchar(20) NOT NULL,
  `h8` bigint(20) NOT NULL,
  `h9` bigint(20) NOT NULL,
  `h10` bigint(20) NOT NULL,
  `h11` bigint(20) NOT NULL,
  `h12` bigint(20) NOT NULL,
  `h13` bigint(20) NOT NULL,
  `h14` bigint(20) NOT NULL,
  `h15` bigint(20) NOT NULL,
  `h16` bigint(20) NOT NULL,
  `h17` bigint(20) NOT NULL,
  `comment` text
) ENGINE=InnoDB AUTO_INCREMENT=767 DEFAULT CHARSET=latin1;

--
-- Contenu de la table `disponibilite`
--

INSERT INTO `disponibilite` (`id`, `teacher_id`, `dept`, `jour`, `h8`, `h9`, `h10`, `h11`, `h12`, `h13`, `h14`, `h15`, `h16`, `h17`, `comment`) VALUES
(71, 41, 'MMI', 'Lundi', 1, 1, 1, 1, 1, 1, -1, -1, -1, -1, ''),
(72, 41, 'MMI', 'Mardi', 1, 1, 1, 1, 1, 1, 1, 1, 1, 1, NULL),
(73, 41, 'MMI', 'Mercredi', 1, 1, 1, 1, 1, 1, 1, 1, 1, 1, NULL),
(74, 41, 'MMI', 'Jeudi', 1, 1, 1, 1, 1, -1, -1, -1, -1, -1, NULL),
(75, 41, 'MMI', 'Vendredi', 1, 1, 1, 1, 1, 1, 1, 1, -1, -1, NULL),
(226, 3084, 'GEA-APP', 'Lundi', 1, 1, 1, 1, 1, 1, 1, 1, 0, 0, 'Je préfère travailler le matin et de préférence (très -- commencer à 8h m''arrange assez par exemple) tôt (ensuite je ne suis pas sur que cela soit compatible avec Fred K. (avec qui j''interviens en TD/TP d''algo) :D).\r\n\r\nSi cela est possible je préférerais ne pas finir à 18h (17h55 ça me va :)).\r\n'),
(227, 3084, 'GEA-APP', 'Mardi', 1, 1, 1, 1, 1, 1, 1, 1, 0, 0, NULL),
(228, 3084, 'GEA-APP', 'Mercredi', 1, 1, 1, 1, 1, 1, 1, 1, 0, 0, NULL),
(229, 3084, 'GEA-APP', 'Jeudi', 1, 1, 1, 1, 1, -1, -1, -1, -1, -1, NULL),
(230, 3084, 'GEA-APP', 'Vendredi', 1, 1, 1, 1, 1, 1, 1, 1, 0, 0, NULL),
(266, 7, 'INFO', 'Lundi', 1, 1, 1, 1, -1, -1, 1, 1, 1, 1, ''),
(267, 7, 'INFO', 'Mardi', -1, -1, -1, -1, -1, -1, -1, -1, -1, -1, NULL),
(268, 7, 'INFO', 'Mercredi', 1, 1, 1, 1, -1, -1, -1, -1, -1, -1, NULL),
(269, 7, 'INFO', 'Jeudi', 0, 0, 0, 0, -1, -1, -1, -1, -1, -1, NULL),
(270, 7, 'INFO', 'Vendredi', -1, -1, -1, -1, -1, -1, -1, -1, -1, -1, NULL),
(271, 2092, 'INFO', 'Lundi', -1, -1, -1, -1, -1, 1, 1, 1, 1, 1, ''),
(272, 2092, 'INFO', 'Mardi', -1, -1, -1, -1, -1, 1, 1, 1, 1, 1, NULL),
(273, 2092, 'INFO', 'Mercredi', -1, -1, -1, -1, -1, 1, 1, 1, 1, 1, NULL),
(274, 2092, 'INFO', 'Jeudi', -1, -1, -1, -1, -1, -1, -1, -1, -1, -1, NULL),
(275, 2092, 'INFO', 'Vendredi', -1, -1, -1, -1, -1, -1, -1, -1, -1, -1, NULL),
(276, 3056, 'INFO', 'Lundi', -1, -1, -1, -1, -1, -1, -1, -1, -1, -1, 'Comme toujours l''idéal est de remplir le plus possible le mardi et ajouter le jeudi s''il n''y a pas assez de créneaux disponibles.\r\nJ''aurais ponctuellement des dispos le lundi également mais je t''enverrai les dates par email.\r\n'),
(277, 3056, 'INFO', 'Mardi', 1, 1, 1, 1, 1, 1, 1, 1, 1, 1, NULL),
(278, 3056, 'INFO', 'Mercredi', -1, -1, -1, -1, -1, -1, -1, -1, -1, -1, NULL),
(279, 3056, 'INFO', 'Jeudi', 1, 1, 1, 1, 1, -1, -1, -1, -1, -1, NULL),
(280, 3056, 'INFO', 'Vendredi', -1, -1, -1, -1, -1, -1, -1, -1, -1, -1, NULL),
(281, 25, 'INFO', 'Lundi', 1, 1, 1, 1, 1, 1, 1, 1, 1, 1, '4 créneaux maximum par jour\r\nPas 2 séances d''amphi par jour, ni amphi à 16h15'),
(282, 25, 'INFO', 'Mardi', 1, 1, 1, 1, 1, 1, 1, 1, 1, 1, NULL),
(283, 25, 'INFO', 'Mercredi', 1, 1, 1, 1, 1, 1, 1, 1, 1, 1, NULL),
(284, 25, 'INFO', 'Jeudi', 1, 1, 1, 1, 1, -1, -1, -1, -1, -1, NULL),
(285, 25, 'INFO', 'Vendredi', 0, 0, 0, 0, 0, -1, -1, -1, -1, -1, NULL),
(286, 32, 'GEA', 'Lundi', 0, 0, 0, 0, 0, 1, 1, 1, 1, 1, 'J''ai pas mal de dispo, mais comme je vais intervenir dans plusieurs départements, il serait bien de grouper mes interventions sur une journée, ou (encore mieux) sur une demi-journée. '),
(287, 32, 'GEA', 'Mardi', 1, 1, 1, 1, 1, 1, 1, 1, 1, 1, NULL),
(288, 32, 'GEA', 'Mercredi', -1, -1, -1, -1, -1, -1, -1, -1, -1, -1, NULL),
(289, 32, 'GEA', 'Jeudi', 1, 1, 1, 1, 1, -1, -1, -1, -1, -1, NULL),
(290, 32, 'GEA', 'Vendredi', 1, 1, 1, 1, 1, 1, 1, 1, 1, 1, NULL),
(291, 32, 'INFO', 'Lundi', 0, 0, 0, 0, 0, 1, 1, 1, 1, 1, 'J''ai pas mal de dispo "dans l''absolu", mais intervenant dans plusieurs départements, il serait bien de grouper mes interventions sur une journée, ou (mieux encore) sur une demi-journée.'),
(292, 32, 'INFO', 'Mardi', 1, 1, 1, 1, 1, 1, 1, 1, 1, 1, NULL),
(293, 32, 'INFO', 'Mercredi', -1, -1, -1, -1, -1, -1, -1, -1, -1, -1, NULL),
(294, 32, 'INFO', 'Jeudi', 1, 1, 1, 1, 1, -1, -1, -1, -1, -1, NULL),
(295, 32, 'INFO', 'Vendredi', 1, 1, 1, 1, 1, 1, 1, 1, 1, 1, NULL),
(296, 2, 'INFO', 'Lundi', -1, -1, -1, -1, -1, -1, -1, -1, -1, -1, ''),
(297, 2, 'INFO', 'Mardi', 1, 1, 1, 1, 1, -1, -1, -1, -1, -1, NULL),
(298, 2, 'INFO', 'Mercredi', 1, 1, 1, 1, 1, -1, -1, -1, -1, -1, NULL),
(299, 2, 'INFO', 'Jeudi', -1, -1, -1, -1, -1, -1, -1, -1, -1, -1, NULL),
(300, 2, 'INFO', 'Vendredi', -1, -1, -1, -1, -1, -1, -1, -1, -1, -1, NULL),
(301, 27, 'INFO', 'Lundi', -1, -1, -1, -1, 1, 1, 1, 1, 1, -1, 'Je ne souhaite pas avoir des journées de plus de 6 heures de cours (max 4 créneaux).\r\nMerci'),
(302, 27, 'INFO', 'Mardi', 1, 1, 1, 1, 1, 1, 1, 1, 1, 1, NULL),
(303, 27, 'INFO', 'Mercredi', 1, 1, 1, 1, 1, 1, 1, 1, 1, -1, NULL),
(304, 27, 'INFO', 'Jeudi', 1, 1, 1, 1, 1, 1, -1, -1, -1, -1, NULL),
(305, 27, 'INFO', 'Vendredi', 1, 1, 1, 1, 1, -1, -1, -1, -1, -1, NULL),
(321, 3298, 'INFO', 'Lundi', -1, -1, -1, -1, -1, 1, 1, 1, 1, 1, 'J''ai demandé à mon lycée de me libérer le lundi après midi.\r\nJ''aurais mon emploi du temps définitif en septembre.\r\nBenoit.'),
(322, 3298, 'INFO', 'Mardi', -1, -1, -1, -1, -1, -1, -1, -1, -1, -1, NULL),
(323, 3298, 'INFO', 'Mercredi', -1, -1, -1, -1, -1, -1, -1, -1, -1, -1, NULL),
(324, 3298, 'INFO', 'Jeudi', -1, -1, -1, -1, -1, -1, -1, -1, -1, -1, NULL),
(325, 3298, 'INFO', 'Vendredi', -1, -1, -1, -1, -1, -1, -1, -1, -1, -1, NULL),
(326, 36, 'INFO', 'Lundi', 0, 1, 1, 1, 1, 1, 1, 1, 1, 1, ''),
(327, 36, 'INFO', 'Mardi', 0, 1, 1, 1, 1, 1, 1, 1, 1, 1, NULL),
(328, 36, 'INFO', 'Mercredi', 0, 1, 1, 1, 1, 1, 1, 1, 1, 1, NULL),
(329, 36, 'INFO', 'Jeudi', 0, 1, 1, 1, 1, -1, -1, -1, -1, -1, NULL),
(330, 36, 'INFO', 'Vendredi', 0, 1, 1, 1, 1, 1, 1, 1, 1, 1, NULL),
(341, 34, 'MMI', 'Lundi', -1, -1, -1, -1, -1, -1, -1, -1, -1, -1, ''),
(342, 34, 'MMI', 'Mardi', 1, 1, 1, 1, 1, 1, 1, 1, 1, 1, NULL),
(343, 34, 'MMI', 'Mercredi', 1, 1, 1, 1, 1, 1, 1, 1, 1, 1, NULL),
(344, 34, 'MMI', 'Jeudi', 1, 1, 1, 1, 1, -1, -1, -1, -1, -1, NULL),
(345, 34, 'MMI', 'Vendredi', 1, 1, 1, 1, 1, 1, 1, 1, 1, 1, NULL),
(346, 34, 'INFO', 'Lundi', -1, -1, -1, -1, -1, -1, -1, -1, -1, -1, ''),
(347, 34, 'INFO', 'Mardi', 1, 1, 1, 1, 1, 1, 1, 1, 1, 1, NULL),
(348, 34, 'INFO', 'Mercredi', 1, 1, 1, 1, 1, 1, 1, 1, 1, 1, NULL),
(349, 34, 'INFO', 'Jeudi', 1, 1, 1, 1, 1, -1, -1, -1, -1, -1, NULL),
(350, 34, 'INFO', 'Vendredi', 1, 1, 1, 1, 1, 1, 1, 1, 1, 1, NULL),
(351, 5, 'INFO', 'Lundi', 0, 0, 0, 0, 0, 1, 1, 1, 1, 1, ''),
(352, 5, 'INFO', 'Mardi', 1, 1, 1, 1, 1, 1, 1, 1, 1, 1, NULL),
(353, 5, 'INFO', 'Mercredi', 1, 1, 1, 1, 1, 0, 0, 0, 0, 0, NULL),
(354, 5, 'INFO', 'Jeudi', 1, 1, 1, 1, 1, -1, -1, -1, -1, -1, NULL),
(355, 5, 'INFO', 'Vendredi', -1, -1, -1, -1, -1, -1, -1, -1, -1, -1, NULL),
(356, 2091, 'INFO', 'Lundi', -1, -1, -1, -1, -1, 1, 1, 1, 1, 1, 'La plupart des vendredis, je suis en séminaire sur Lille jusqu''à 12h30 environ'),
(357, 2091, 'INFO', 'Mardi', -1, -1, -1, -1, -1, 1, 1, 1, 1, 1, NULL),
(358, 2091, 'INFO', 'Mercredi', -1, -1, -1, -1, -1, 1, 1, 1, 1, 1, NULL),
(359, 2091, 'INFO', 'Jeudi', -1, -1, -1, -1, -1, -1, -1, -1, -1, -1, NULL),
(360, 2091, 'INFO', 'Vendredi', -1, -1, -1, -1, -1, -1, 0, 1, 1, 1, NULL),
(361, 2076, 'INFO', 'Lundi', -1, -1, -1, -1, -1, -1, -1, -1, -1, -1, 'Si possible, mettre ensemble les trois créneaux que j''ai. Merci!'),
(362, 2076, 'INFO', 'Mardi', 1, 1, 1, 1, 1, 1, 1, 1, 1, 1, NULL),
(363, 2076, 'INFO', 'Mercredi', -1, -1, -1, -1, -1, -1, -1, -1, -1, -1, NULL),
(364, 2076, 'INFO', 'Jeudi', 1, 1, 1, 1, 1, -1, -1, -1, -1, -1, NULL),
(365, 2076, 'INFO', 'Vendredi', -1, -1, -1, -1, -1, -1, -1, -1, -1, -1, NULL),
(366, 3279, 'INFO', 'Lundi', 1, 1, 1, 1, 1, 1, 1, 1, 1, 1, 'Je ne serai pas disponible aux dates suivantes : \r\n  - mardi 3 novembre 2015\r\n  - mercredi 4 novembre 2015\r\n  - du mardi 8 décembre 2015 au vendredi 11 décembre 2015\r\nMon collègue Gauthier de Smet peut éventuellement prendre le relai pour ces dates.\r\n\r\nCordialement,\r\nMickaël'),
(367, 3279, 'INFO', 'Mardi', 1, 1, 1, 1, 1, 1, 1, 1, 0, 0, NULL),
(368, 3279, 'INFO', 'Mercredi', 1, 1, 1, 1, 1, 1, 1, 1, 1, 1, NULL),
(369, 3279, 'INFO', 'Jeudi', 1, 1, 1, 1, 1, -1, -1, -1, -1, -1, NULL),
(370, 3279, 'INFO', 'Vendredi', 1, 1, 1, 1, 1, 1, 1, 1, 1, 1, NULL),
(371, 14, 'INFO', 'Lundi', -1, -1, 0, 0, 1, 1, 1, -1, -1, -1, 'Plutôt charger le jeudi et le vendredi de façon à ce que j''ai des créneaux libres en début de semaine pour la LP.\r\nMerci'),
(372, 14, 'INFO', 'Mardi', -1, -1, 1, 1, 1, 1, 1, 1, -1, -1, NULL),
(373, 14, 'INFO', 'Mercredi', -1, -1, -1, -1, -1, -1, -1, -1, -1, -1, NULL),
(374, 14, 'INFO', 'Jeudi', 1, 1, 1, 1, 1, -1, -1, -1, -1, -1, NULL),
(375, 14, 'INFO', 'Vendredi', -1, -1, 1, 1, 1, 1, 1, 1, 1, 1, NULL),
(381, 16, 'INFO', 'Lundi', 1, 1, 1, 1, 1, 1, 1, 1, 1, 1, ''),
(382, 16, 'INFO', 'Mardi', 0, 0, 0, 0, 0, 0, 0, 0, 0, 0, NULL),
(383, 16, 'INFO', 'Mercredi', 1, 1, 1, 1, 1, 1, 1, 1, 1, 1, NULL),
(384, 16, 'INFO', 'Jeudi', 1, 1, 1, 1, -1, -1, -1, -1, -1, -1, NULL),
(385, 16, 'INFO', 'Vendredi', 1, 1, 1, 1, -1, -1, -1, -1, -1, -1, NULL),
(386, 6, 'INFO', 'Lundi', -1, -1, -1, -1, -1, 1, 1, 1, 1, 1, ''),
(387, 6, 'INFO', 'Mardi', -1, -1, 1, 1, 1, 1, 1, 1, 1, 1, NULL),
(388, 6, 'INFO', 'Mercredi', 1, 1, 1, 1, 1, 0, 0, 0, 0, 0, NULL),
(389, 6, 'INFO', 'Jeudi', -1, -1, -1, -1, -1, -1, -1, -1, -1, -1, NULL),
(390, 6, 'INFO', 'Vendredi', -1, -1, 1, 1, 1, 1, 1, 1, 1, 1, NULL),
(391, 3271, 'INFO', 'Lundi', 1, 1, 1, 1, 1, 1, 1, 1, 1, 1, 'tous les lundis sauf  14/09  05/10 et 09/11\r\ntous les mardis sauf 06/10\r\ntous les jeudis jusque 11.30 sauf le 08/10'),
(392, 3271, 'INFO', 'Mardi', 1, 1, 1, 1, 1, 1, 1, 1, 1, 1, NULL),
(393, 3271, 'INFO', 'Mercredi', -1, -1, -1, -1, -1, -1, -1, -1, -1, -1, NULL),
(394, 3271, 'INFO', 'Jeudi', 1, 1, 1, 1, -1, -1, -1, -1, -1, -1, NULL),
(395, 3271, 'INFO', 'Vendredi', -1, -1, -1, -1, -1, -1, -1, -1, -1, -1, NULL),
(762, 38, 'INFO', 'Lundi', -1, 1, 1, 1, 1, 1, 1, 1, 1, 1, ''),
(763, 38, 'INFO', 'Mardi', -1, 1, 1, 1, 1, 1, 1, 1, 1, 1, NULL),
(764, 38, 'INFO', 'Mercredi', -1, -1, -1, -1, -1, -1, -1, -1, -1, -1, NULL),
(765, 38, 'INFO', 'Jeudi', -1, -1, -1, -1, -1, -1, -1, -1, -1, -1, NULL),
(766, 38, 'INFO', 'Vendredi', -1, 1, 1, 1, 1, 1, 1, 1, 1, 1, NULL);

-- --------------------------------------------------------

--
-- Structure de la table `etudiant`
--

CREATE TABLE IF NOT EXISTS `etudiant` (
`id` bigint(20) NOT NULL,
  `gender` varchar(255) NOT NULL,
  `fname` varchar(100) NOT NULL,
  `lname` varchar(100) NOT NULL,
  `adr` varchar(255) DEFAULT NULL,
  `cp` int(11) DEFAULT NULL,
  `city` varchar(100) DEFAULT NULL,
  `apogee` varchar(100) DEFAULT NULL,
  `ordre` int(11) DEFAULT NULL,
  `mail` varchar(100) DEFAULT NULL,
  `avatar` varchar(255) DEFAULT NULL
) ENGINE=InnoDB AUTO_INCREMENT=215 DEFAULT CHARSET=latin1;

--
-- Contenu de la table `etudiant`
--

INSERT INTO `etudiant` (`id`, `gender`, `fname`, `lname`, `adr`, `cp`, `city`, `apogee`, `ordre`, `mail`, `avatar`) VALUES
(155, 'M', 'anthony', 'allard', NULL, NULL, NULL, '155', 155, NULL, 'info2/INFO_155.png'),
(156, 'M', 'thomas', 'benoit', '', NULL, '', '156', 156, '', 'info2/INFO_157.png'),
(157, 'M', 'gautier', 'borowczyk', '', NULL, '', '157', 157, '', 'info2/INFO_156.png'),
(158, 'M', 'alexis', 'breuvart', NULL, NULL, NULL, '158', 158, NULL, 'info2/INFO_158.png'),
(160, 'M', 'lokmane', 'chiheb', NULL, NULL, NULL, '160', 160, NULL, 'info2/INFO_160.png'),
(161, 'M', 'jérémy', 'clerot', NULL, NULL, NULL, '161', 161, NULL, 'info2/INFO_161.png'),
(162, 'Mlle', 'lucie', 'd''herbomez', NULL, NULL, NULL, '162', 162, NULL, 'info2/INFO_162.png'),
(163, 'M', 'thibauld', 'dujardin', NULL, NULL, NULL, '163', 163, NULL, 'info2/INFO_163.png'),
(164, 'M', 'nicolas', 'dupont', NULL, NULL, NULL, '164', 164, NULL, 'info2/INFO_164.png'),
(165, 'M', 'florian', 'flahaut', NULL, NULL, NULL, '165', 165, NULL, 'info2/INFO_165.png'),
(166, 'M', 'sylvain', 'huguet', NULL, NULL, NULL, '166', 166, NULL, 'info2/INFO_166.png'),
(167, 'M', 'nicolas', 'kowalski', NULL, NULL, NULL, '167', 167, NULL, 'info2/INFO_167.png'),
(168, 'M', 'stephen', 'laurent', NULL, NULL, NULL, '168', 168, NULL, 'info2/INFO_168.png'),
(169, 'M', 'guillaume', 'macret', NULL, NULL, NULL, '169', 169, NULL, 'info2/INFO_169.png'),
(170, 'M', 'françois', 'pingrenon', NULL, NULL, NULL, '170', 170, NULL, 'info2/INFO_170.png'),
(171, 'M', 'aurélien', 'pospieszynski', NULL, NULL, NULL, '171', 171, NULL, 'info2/INFO_171.png'),
(172, 'M', 'emile', 'romon', NULL, NULL, NULL, '172', 172, NULL, 'info2/INFO_172.png'),
(173, 'M', 'nathan', 'stodolny', NULL, NULL, NULL, '173', 173, NULL, 'info2/INFO_173.png'),
(174, 'M', 'michael', 'willocq', NULL, NULL, NULL, '174', 174, NULL, 'info2/INFO_174.png'),
(175, 'M', 'gabin', 'bloquet', NULL, NULL, NULL, '175', 175, NULL, 'info2/INFO_175.png'),
(176, 'M', 'cédric', 'boudin', NULL, NULL, NULL, '176', 176, NULL, 'info2/INFO_176.png'),
(177, 'M', 'valentin', 'clement', NULL, NULL, NULL, '177', 177, NULL, 'info2/INFO_177.png'),
(178, 'M', 'loic', 'colin', NULL, NULL, NULL, '178', 178, NULL, 'info2/INFO_178.png'),
(179, 'Mlle', 'elsa', 'cuvelier', NULL, NULL, NULL, '179', 179, NULL, 'info2/INFO_179.png'),
(180, 'M', 'alexandre', 'deloffre', NULL, NULL, NULL, '180', 180, NULL, 'info2/INFO_180.png'),
(181, 'M', 'maxime', 'detaille', NULL, NULL, NULL, '181', 181, NULL, 'info2/INFO_181.png'),
(182, 'M', 'quentin', 'elsaesser', NULL, NULL, NULL, '182', 182, NULL, 'info2/INFO_182.png'),
(183, 'M', 'laurent', 'franchois', NULL, NULL, NULL, '183', 183, NULL, 'info2/INFO_183.png'),
(184, 'M', 'valentin', 'gottrand', NULL, NULL, NULL, '184', 184, NULL, 'info2/INFO_184.png'),
(185, 'M', 'thibaut', 'hennaut', NULL, NULL, NULL, '185', 185, NULL, 'info2/INFO_185.png'),
(186, 'M', 'quentin', 'leroy', NULL, NULL, NULL, '186', 186, NULL, 'info2/INFO_186.png'),
(187, 'M', 'thomas', 'mackowiak', NULL, NULL, NULL, '187', 187, NULL, 'info2/INFO_187.png'),
(188, 'M', 'julien', 'magne', NULL, NULL, NULL, '188', 188, NULL, 'info2/INFO_188.png'),
(189, 'M', 'loïck', 'magniez', NULL, NULL, NULL, '189', 189, NULL, 'info2/INFO_189.png'),
(190, 'M', 'clément', 'martin', NULL, NULL, NULL, '190', 190, NULL, 'info2/INFO_190.png'),
(191, 'M', 'jérôme', 'martins mosca', NULL, NULL, NULL, '191', 191, NULL, 'info2/INFO_191.png'),
(192, 'M', 'gabriel', 'revillion', NULL, NULL, NULL, '192', 192, NULL, 'info2/INFO_192.png'),
(193, 'M', 'cyril', 'rust', NULL, NULL, NULL, '193', 193, NULL, 'info2/INFO_193.png'),
(194, 'M', 'alexis', 'talmant', NULL, NULL, NULL, '194', 194, NULL, 'info2/INFO_194.png'),
(195, 'M', 'sofiane', 'akbly', NULL, NULL, NULL, '195', 195, NULL, 'info2/INFO_195.png'),
(196, 'M', 'florentin', 'bouchez', NULL, NULL, NULL, '196', 196, NULL, 'info2/INFO_196.png'),
(197, 'M', 'jordan', 'devolder', NULL, NULL, NULL, '197', 197, NULL, 'info2/INFO_197.png'),
(198, 'M', 'damien', 'dubus', NULL, NULL, NULL, '198', 198, NULL, 'info2/INFO_198.png'),
(199, 'M', 'christopher', 'hautekeur', NULL, NULL, NULL, '199', 199, NULL, 'info2/INFO_199.png'),
(200, 'M', 'nicolas', 'juckel', NULL, NULL, NULL, '200', 200, NULL, 'info2/INFO_200.png'),
(201, 'M', 'hugo', 'krawczyk', NULL, NULL, NULL, '201', 201, NULL, 'info2/INFO_201.png'),
(202, 'M', 'adrien', 'lambersens', NULL, NULL, NULL, '202', 202, NULL, 'info2/INFO_202.png'),
(204, 'M', 'christopher', 'lievin', NULL, NULL, NULL, '204', 204, NULL, 'info2/INFO_204.png'),
(205, 'M', 'lucas', 'makles', NULL, NULL, NULL, '205', 205, NULL, 'info2/INFO_205.png'),
(206, 'M', 'jules', 'marquis', NULL, NULL, NULL, '206', 206, NULL, 'info2/INFO_206.png'),
(207, 'M', 'edson', 'mephu nguifo', NULL, NULL, NULL, '207', 207, NULL, 'info2/INFO_207.png'),
(208, 'M', 'florent', 'rosso', NULL, NULL, NULL, '208', 208, NULL, 'info2/INFO_208.png'),
(209, 'M', 'quentin', 'sauvage', NULL, NULL, NULL, '209', 209, NULL, 'info2/INFO_209.png'),
(210, 'M', 'nicolas', 'serf', NULL, NULL, NULL, '210', 210, NULL, 'info2/INFO_210.png'),
(211, 'M', 'vincent', 'valembois', NULL, NULL, NULL, '211', 211, NULL, 'info2/INFO_211.png'),
(212, 'M', 'lorenzo', 'verbrugghe', NULL, NULL, NULL, '212', 212, NULL, 'info2/INFO_212.png'),
(213, 'M', 'sylvain', 'verpoest', NULL, NULL, NULL, '213', 213, NULL, 'info2/INFO_213.png'),
(214, 'M', 'luc', 'warniez', NULL, NULL, NULL, '214', 214, NULL, 'info2/INFO_214.png');

-- --------------------------------------------------------

--
-- Structure de la table `evaluation`
--

CREATE TABLE IF NOT EXISTS `evaluation` (
`id` bigint(20) NOT NULL,
  `password` varchar(255) NOT NULL,
  `course_id` bigint(20) NOT NULL,
  `groupe_id` bigint(20) NOT NULL,
  `teacher_id` bigint(20) NOT NULL
) ENGINE=InnoDB AUTO_INCREMENT=8 DEFAULT CHARSET=latin1;

--
-- Contenu de la table `evaluation`
--

INSERT INTO `evaluation` (`id`, `password`, `course_id`, `groupe_id`, `teacher_id`) VALUES
(2, 'PHP2015', 20056, 1002, 1),
(3, 'AP2015FK', 10002, 2, 2091),
(4, 'CPA2015', 10204, 3, 1),
(5, 'jsenforce', 20057, 1002, 1),
(6, 'web2015', 20060, 1002, 1),
(7, 'mod', 10207, 3, 38);

-- --------------------------------------------------------

--
-- Structure de la table `groupe`
--

CREATE TABLE IF NOT EXISTS `groupe` (
`id` bigint(20) NOT NULL,
  `name` varchar(30) CHARACTER SET utf8 COLLATE utf8_bin DEFAULT NULL,
  `dept` varchar(20) DEFAULT NULL,
  `semester` varchar(30) NOT NULL,
  `surgroupe` bigint(20) DEFAULT NULL,
  `nbgroupes` bigint(20) NOT NULL,
  `defaulttype` varchar(5) NOT NULL,
  `maingroupe` varchar(20) DEFAULT NULL,
  `start` date NOT NULL,
  `end` date NOT NULL
) ENGINE=InnoDB AUTO_INCREMENT=5030 DEFAULT CHARSET=latin1;

--
-- Contenu de la table `groupe`
--

INSERT INTO `groupe` (`id`, `name`, `dept`, `semester`, `surgroupe`, `nbgroupes`, `defaulttype`, `maingroupe`, `start`, `end`) VALUES
(1, 'INFO', 'INFO', 'S3', 0, 13, 'TP', 'INFO', '2010-09-01', '2018-07-31'),
(2, 'INFO 1', 'INFO', 'S1', 1, 6, 'CM', 'INFO 1', '2010-09-01', '2020-07-31'),
(3, 'INFO 2', 'INFO', 'S3', 1, 3, 'CM', 'INFO 2', '2010-09-01', '2020-07-31'),
(4, 'LP Sécurité', 'INFO', 'S5', 1, 1, 'TD', 'LP Sécurite', '2010-09-01', '2016-07-31'),
(5, 'LP Santé', 'INFO', 'S5', 1, 2, 'TD', 'LP Sante', '2010-09-01', '2015-09-30'),
(6, 'groupe 1-A', 'INFO', 'S1', 2, 2, 'TD', 'INFO 1', '2010-09-01', '2020-07-31'),
(7, 'groupe 1-B', 'INFO', 'S1', 2, 2, 'TD', 'INFO 1', '2010-09-01', '2020-07-31'),
(8, 'groupe 1-C', 'INFO', 'S1', 2, 2, 'TD', 'INFO 1', '2010-09-01', '2020-07-31'),
(9, 'groupe 2-A', 'INFO', 'S3', 3, 1, 'TD', 'INFO 2', '2012-07-01', '2016-01-24'),
(10, 'groupe 2-B', 'INFO', 'S3', 3, 1, 'TD', 'INFO 2', '2012-07-01', '2016-01-24'),
(11, 'groupe 1-A-1', 'INFO', 'S1', 6, 1, 'TP', 'INFO 1', '2010-09-01', '2020-07-31'),
(12, 'groupe 1-B-1', 'INFO', 'S1', 7, 1, 'TP', 'INFO 1', '2010-09-01', '2020-07-31'),
(13, 'groupe 1-C-1', 'INFO', 'S1', 8, 1, 'TP', 'INFO 1', '2010-09-01', '2020-07-31'),
(14, 'groupe 1-A-2', 'INFO', 'S1', 6, 1, 'TP', 'INFO 1', '2010-09-01', '2020-07-31'),
(15, 'groupe 1-B-2', 'INFO', 'S1', 7, 1, 'TP', 'INFO 1', '2010-09-01', '2020-07-31'),
(16, 'groupe 1-C-2', 'INFO', 'S1', 8, 1, 'TP', 'INFO 1', '2010-09-01', '2020-07-31'),
(17, 'DU Tremplin', 'INFO', 'S0', 1, 1, 'TD', 'DU Tremplin', '2014-02-15', '2018-07-31'),
(20, 'groupe 2-A-1', 'INFO', 'S3', 9, 1, 'TP', 'INFO 2', '2015-12-14', '2016-01-17'),
(21, 'groupe 2-A-2', 'INFO', 'S3', 9, 1, 'TP', 'INFO 2', '2015-12-14', '2016-01-17'),
(22, 'groupe 2-B-1', 'INFO', 'S3', 10, 1, 'TP', 'INFO 2', '2015-12-14', '2016-01-17'),
(23, 'groupe 2-B-2', 'INFO', 'S3', 10, 1, 'TP', 'INFO 2', '2015-12-14', '2016-01-17'),
(24, 'IPI', 'INFO', 'S4', 3, 1, 'TD', 'INFO 2', '2016-01-18', '2016-06-30'),
(25, 'PEL', 'INFO', 'S4', 3, 1, 'TD', 'INFO 2', '2016-01-18', '2016-06-30'),
(26, 'groupe 2-C', 'INFO', 'S3', 3, 1, 'TD', 'INFO 2', '2012-07-01', '2016-01-24'),
(1000, 'MMI', 'MMI', 'no', 0, 13, 'CF', 'MMI', '2010-09-01', '2020-09-01'),
(1001, 'MMI1', 'MMI', 'S1', 1000, 6, 'CM', 'MMI1', '2010-09-01', '2020-09-01'),
(1002, 'MMI2', 'MMI', 'S3', 1000, 5, 'CM', 'SRC2', '2010-09-01', '2018-09-01'),
(1003, 'MMI1A', 'MMI', 'S1', 1001, 2, 'TD', 'MMI1', '2010-09-01', '2020-09-01'),
(1004, 'MMI1B', 'MMI', 'S1', 1001, 2, 'TD', 'MMI1', '2010-09-01', '2020-09-01'),
(1005, 'MMI1C', 'MMI', 'S1', 1001, 2, 'TD', 'MMI1', '2010-09-01', '2020-09-01'),
(1006, 'MMI2A', 'MMI', 'S3', 1002, 2, 'TD', 'SRC2', '2015-08-31', '2016-01-17'),
(1007, 'MMI2B', 'MMI', 'S3', 1002, 2, 'TD', 'SRC2', '2015-08-31', '2016-01-17'),
(1008, 'MMI1A1', 'MMI', 'S1', 1003, 1, 'TP', 'MMI1', '2010-09-01', '2020-09-01'),
(1009, 'MMI1A2', 'MMI', 'S1', 1003, 1, 'TP', 'MMI1', '2010-09-01', '2020-09-01'),
(1010, 'MMI1B1', 'MMI', 'S1', 1004, 1, 'TP', 'MMI1', '2010-09-01', '2020-09-01'),
(1011, 'MMI1B2', 'MMI', 'S1', 1004, 1, 'TP', 'MMI1', '2010-09-01', '2020-09-01'),
(1012, 'MMI1C1', 'MMI', 'S1', 1005, 1, 'TP', 'MMI1', '2010-09-01', '2020-09-01'),
(1013, 'MMI1C2', 'MMI', 'S1', 1005, 1, 'TP', 'MMI1', '2010-09-01', '2020-09-01'),
(1014, 'MMI2A1', 'MMI', 'S3', 1006, 1, 'TP', 'SRC2', '2015-08-31', '2016-01-17'),
(1015, 'MMI2A2', 'MMI', 'S3', 1006, 1, 'TP', 'SRC2', '2015-08-31', '2016-01-17'),
(1016, 'MMI2B1', 'MMI', 'S3', 1007, 1, 'TP', 'SRC2', '2015-08-31', '2016-01-17'),
(1017, 'LP Créaweb', 'MMI', 'S5', 1000, 2, 'TD', 'LPTAIS', '2010-09-01', '2020-09-01'),
(1018, 'LP Créaweb1', 'MMI', 'S5', 1017, 1, 'TP', 'LPTAIS', '2010-09-01', '2019-09-01'),
(1019, 'LP Créaweb2', 'MMI', 'S5', 1017, 1, 'TP', 'LPTAIS', '2010-09-01', '2019-08-01'),
(1022, 'Com', 'MMI', 'S4', 1002, 2, 'TD', 'SRC2', '2016-01-18', '2016-08-31'),
(1023, 'Audiovisuel', 'MMI', 'S4', 1002, 1, 'TD', 'SRC2', '2016-01-18', '2016-08-31'),
(1024, 'Web', 'MMI', 'S4', 1002, 2, 'TD', 'SRC2', '2016-01-18', '2016-08-31'),
(1025, 'MMI2C', 'MMI', 'S3', 1002, 1, 'TD', 'SRC2', '2015-08-31', '2016-01-17'),
(1026, 'MMI2C1', 'MMI', 'S3', 1025, 1, 'TP', 'SRC2', '2015-08-31', '2016-01-17'),
(1027, 'MMI2B2', 'MMI', 'S3', 1007, 1, 'TP', 'SRC2', '2015-08-31', '2016-01-17'),
(2000, 'GEA', 'GEA', 'S1', 0, 8, 'TD', 'GEA', '2010-09-01', '2016-09-01'),
(2001, 'GEA 1', 'GEA', 'S1', 2000, 4, 'CM', 'GEA 1', '2010-09-01', '2016-09-01'),
(2002, 'A', 'GEA', 'S1', 2001, 1, 'TD', 'GEA 1', '2010-09-01', '2016-09-01'),
(2003, 'B', 'GEA', 'S1', 2001, 1, 'TD', 'GEA 1', '2010-09-01', '2016-09-01'),
(2004, 'C', 'GEA', 'S1', 2001, 1, 'TD', 'GEA 1', '2010-09-01', '2016-09-01'),
(2005, 'D', 'GEA', 'S1', 2001, 1, 'TD', 'GEA 1', '2010-09-01', '2016-09-01'),
(2006, 'GEA 2', 'GEA', 'S3', 2000, 4, 'CM', 'GEA 2', '2010-09-01', '2016-09-01'),
(2013, 'Com1', 'MMI', 'S4', 1022, 1, 'TP', 'SRC2', '2016-01-18', '2016-08-31'),
(2014, 'Com2', 'MMI', 'S4', 1022, 1, 'TP', 'SRC2', '2016-01-18', '2016-08-31'),
(2015, 'Audiovisuel1', 'MMI', 'S4', 1023, 1, 'TP', 'SRC2', '2016-01-18', '2016-08-31'),
(2016, 'Web1', 'MMI', 'S4', 1024, 1, 'TP', 'SRC2', '2016-01-18', '2016-08-31'),
(2017, 'Web2', 'MMI', 'S4', 1024, 1, 'TP', 'SRC2', '2016-01-18', '2016-08-31'),
(3000, 'GEA-APP', 'GEA-APP', 'S1', 0, 2, 'TD', 'GEA-APP', '2012-07-01', '2020-07-01'),
(3001, 'groupe 1', 'GEA-APP', 'S1', 3000, 1, 'TD', 'groupe 1', '2012-07-01', '2020-07-01'),
(3002, 'groupe 2', 'GEA-APP', 'S3', 3000, 1, 'TD', 'groupe 2', '2012-07-01', '2020-07-01'),
(3050, 'GMO1', 'GEA', 'S3', 2006, 4, 'TD', 'GEA 2', '2014-09-01', '2020-09-01'),
(3051, 'GMO2', 'GEA', 'S3', 2006, 4, 'TD', 'GEA 2', '2014-09-01', '2020-09-01'),
(3052, 'GMO1-tp1', 'GEA', 'S3', 3050, 4, 'TP', 'GEA 2', '2014-09-01', '2020-09-01'),
(3053, 'GMO1-tp2', 'GEA', 'S3', 3050, 4, 'TP', 'GEA 2', '2014-09-01', '2020-09-01'),
(3054, 'GMO2-tp1', 'GEA', 'S3', 3051, 4, 'TP', 'GEA 2', '2014-09-01', '2020-09-01'),
(3055, 'GMO2-tp2', 'GEA', 'S3', 3051, 4, 'TP', 'GEA 2', '2014-09-01', '2020-09-01'),
(3056, 'GCF', 'GEA', 'S3', 2006, 4, 'TD', 'GEA 2', '2014-09-01', '2020-09-01'),
(3057, 'GCF-tp1', 'GEA', 'S3', 3056, 4, 'TP', 'GEA 2', '2014-09-01', '2020-09-01'),
(3058, 'GCF-tp2', 'GEA', 'S3', 3056, 4, 'TP', 'GEA 2', '2014-09-01', '2020-09-01'),
(3059, 'GRH-L', 'GEA', 'S3', 5021, 4, 'TD', 'GEA 2', '2014-09-01', '2019-09-01'),
(3060, 'GRH-C', 'GEA', 'S3', 5021, 4, 'TD', 'GEA 2', '2014-09-01', '2019-09-01'),
(3061, 'GRH-C-tp1', 'GEA', 'S3', 3060, 4, 'TP', 'GEA 2', '2014-09-01', '2020-09-01'),
(3062, 'GRH-C-tp2', 'GEA', 'S3', 3060, 4, 'TP', 'GEA 2', '2014-09-01', '2020-09-01'),
(3100, 'TC', 'TC', 'S3', 0, 17, 'TP', 'TC', '2012-09-01', '2020-08-01'),
(3101, 'TC1', 'TC', 'S1', 3100, 12, 'CM', 'TC1', '2012-09-01', '2020-08-01'),
(3102, 'TC2', 'TC', 'S3', 3100, 5, 'CM', 'TC1', '2012-09-01', '2020-08-01'),
(3103, 'TC1A', 'TC', 'S1', 3101, 1, 'TP', 'TC1', '2012-09-01', '2020-08-01'),
(3104, 'TC1B', 'TC', 'S1', 3101, 2, 'TP', 'TC1', '2012-09-01', '2020-08-01'),
(3105, 'TC1C', 'TC', 'S1', 3101, 2, 'TP', 'TC1', '2012-09-01', '2020-08-01'),
(3106, 'TC1D', 'TC', 'S1', 3101, 2, 'TP', 'TC1', '2012-09-01', '2020-08-01'),
(3107, 'TC1E', 'TC', 'S1', 3101, 2, 'TP', 'TC1', '2012-09-01', '2020-08-01'),
(3108, 'TC1F', 'TC', 'S1', 3101, 2, 'TP', 'TC1', '2012-09-01', '2020-08-01'),
(3109, 'TC1A1', 'TC', 'S1', NULL, 1, 'TP', 'TC1', '2012-09-01', '2014-08-01'),
(3110, 'TC1A2', 'TC', 'S1', NULL, 1, 'TP', 'TC1', '2012-09-01', '2014-08-01'),
(3111, 'TC1B1', 'TC', 'S1', NULL, 1, 'TP', 'TC1', '2012-09-01', '2014-08-01'),
(3112, 'TC1B2', 'TC', 'S1', NULL, 1, 'TP', 'TC1', '2012-09-01', '2013-08-01'),
(3113, 'TC1C1', 'TC', 'S1', NULL, 1, 'TP', 'TC1', '2012-09-01', '2013-08-01'),
(3114, 'TC1C2', 'TC', 'S1', NULL, 1, 'TP', 'TC1', '2012-09-01', '2013-08-01'),
(3115, 'TC1D1', 'TC', 'S1', NULL, 1, 'TP', 'TC1', '2012-09-01', '2014-08-01'),
(3116, 'TC1D2', 'TC', 'S1', NULL, 1, 'TP', 'TC1', '2012-09-01', '2014-08-01'),
(3117, 'TC1E1', 'TC', 'S1', NULL, 1, 'TP', 'TC1', '2012-09-01', '2014-08-01'),
(3118, 'TC1E2', 'TC', 'S1', NULL, 1, 'TP', 'TC1', '2012-09-01', '2014-08-01'),
(3119, 'TC1F1', 'TC', 'S1', NULL, 1, 'TP', 'TC1', '2012-09-01', '2015-08-01'),
(3120, 'TC1F2', 'TC', 'S1', NULL, 1, 'TP', 'TC1', '2012-09-01', '2015-08-01'),
(3121, 'IL', 'TC', 'S3', 3102, 4, 'TD', 'TC2', '2012-09-01', '2020-08-01'),
(3122, 'IL1', 'TC', 'S3', 3121, 1, 'TP', 'TC2', '2012-09-01', '2020-08-01'),
(3123, 'IL2', 'TC', 'S3', 3121, 1, 'TP', 'TC2', '2012-09-01', '2020-08-01'),
(3124, 'IL3', 'TC', 'S3', 3121, 1, 'TP', 'TC2', '2012-09-01', '2020-08-01'),
(3125, 'IP', 'TC', 'S3', 0, 1, 'TP', 'TC2', '2012-09-01', '2014-08-01'),
(3126, 'PE', 'TC', 'S3', 3102, 1, 'TP', 'TC2', '2012-09-01', '2019-08-01'),
(3127, 'groupe 2-C-1', 'INFO', 'S3', 26, 1, 'TP', 'INFO2', '2015-12-14', '2016-01-17'),
(3128, 'groupe 2-C-2', 'INFO', 'S3', 26, 1, 'TP', 'INFO2', '2015-12-14', '2016-01-17'),
(3130, 'APPR', 'APPR', 'S1', 0, 5, 'TD', 'TC-APP', '2012-07-01', '2018-07-01'),
(3131, 'TC1', 'APPR', 'S1', 3130, 1, 'TD', 'TC1 APP', '2012-07-01', '2020-07-01'),
(3132, 'TC2', 'APPR', 'S3', 3130, 1, 'TD', 'TC2 APP', '2012-07-01', '2020-07-01'),
(3133, 'CBSI', 'TC', 'S5', 3100, 1, 'TD', 'CBSI', '2013-09-01', '2018-09-01'),
(3134, 'LP Distri', 'APPR', 'S5', 3130, 1, 'TD', 'C-Distri', '2013-09-01', '2018-09-01'),
(3135, 'IL4', 'TC', 'S3', 3121, 1, 'TP', 'TC2', '2012-09-01', '2020-08-01'),
(5000, 'JP', 'JP', 'S1', 0, 8, 'TD', 'UFR Sciences', '2010-09-01', '2020-08-01'),
(5001, 'MI-L1', 'JP', 'S1', 5000, 2, 'TD', 'MI-L1', '2010-09-01', '2020-08-01'),
(5002, 'MI-L1-1', 'JP', 'S1', 5001, 1, 'TD', 'MI-L1', '2010-09-01', '2020-08-01'),
(5003, 'MI-L1-2', 'JP', 'S1', 5001, 1, 'TD', 'MI-L1', '2010-09-01', '2020-08-01'),
(5004, 'MI-L2-1', 'JP', 'S3', 5000, 1, 'TD', 'M1-L2', '2010-09-01', '2020-08-01'),
(5005, 'I-L3', 'JP', 'S5', 5000, 2, 'TD', 'I-L3', '2010-09-01', '2020-08-01'),
(5006, 'I-L3-1', 'JP', 'S5', 5005, 1, 'TD', 'I-L3', '2010-09-01', '2020-08-01'),
(5007, 'I-L3-2', 'JP', 'S5', 5005, 1, 'TD', 'I-L3', '2010-09-01', '2020-08-01'),
(5008, 'I-M1', 'JP', 'S7', 5000, 1, 'TD', 'I-M1', '2010-09-01', '2020-08-01'),
(5009, 'I-M2-ILI', 'JP', 'S9', 5000, 1, 'TD', 'I-M2-ILI', '2010-09-01', '2014-08-01'),
(5010, 'I-M2-SIA', 'JP', 'S9', 5000, 1, 'TD', 'I-M2-SIA', '2010-09-01', '2020-08-01'),
(5011, 'LP CBSI', 'APPR', 'S5', 3130, 2, 'TD', 'C-ProS', '2013-01-01', '2018-12-31'),
(5012, 'LP CBSI 1', 'APPR', 'S5', 5011, 1, 'TD', 'C-ProS', '2013-01-01', '2018-12-31'),
(5013, 'LP CBSI S', 'APPR', 'S5', 5011, 1, 'TD', 'C-ProS', '2011-01-01', '2018-12-31'),
(5014, 'LP Santé 1', 'INFO', 'S5', 5, 1, 'TP', 'LP Sante', '2012-01-01', '2015-09-30'),
(5015, 'LP Santé 2', 'INFO', 'S5', 5, 1, 'TP', 'LP Sante', '2012-01-01', '2015-09-30'),
(5018, 'PE1', 'TC', 'S3', 3126, 1, 'TP', 'TC2', '2014-09-01', '2019-09-01'),
(5019, 'PE2', 'TC', 'S3', 3126, 1, 'TP', 'TC2', '2014-09-01', '2019-09-01'),
(5020, 'ProComWeb', 'TC', 'S5', 3100, 1, 'TD', 'ProComWeb', '2014-09-01', '2019-08-01'),
(5021, 'GRH', 'GEA', 'S3', 2006, 4, 'CM', 'GEA 2', '2014-09-01', '2019-08-01'),
(5022, 'A-tp1', 'GEA', 'S1', 2002, 1, 'TP', 'GEA 1', '2014-09-01', '2019-09-01'),
(5023, 'A-tp2', 'GEA', 'S1', 2002, 1, 'TP', 'GEA 1', '2014-09-01', '2019-09-01'),
(5024, 'B-tp1', 'GEA', 'S1', 2003, 1, 'TP', 'GEA 1', '2014-09-01', '2019-09-01'),
(5025, 'B-tp2', 'GEA', 'S1', 2003, 1, 'TP', 'GEA 1', '2014-09-01', '2019-09-01'),
(5026, 'C-tp1', 'GEA', 'S1', 2004, 1, 'TP', 'GEA 1', '2014-09-01', '2019-09-01'),
(5027, 'C-tp2', 'GEA', 'S1', 2004, 1, 'TP', 'GEA 1', '2014-09-01', '2019-09-01'),
(5028, 'D-tp1', 'GEA', 'S1', 2005, 1, 'TP', 'GEA 1', '2014-09-01', '2019-09-01'),
(5029, 'D-tp2', 'GEA', 'S1', 2005, 1, 'TP', 'GEA 1', '2014-09-01', '2019-09-01');

-- --------------------------------------------------------

--
-- Structure de la table `ingroup`
--

CREATE TABLE IF NOT EXISTS `ingroup` (
`id` bigint(20) NOT NULL,
  `start` date DEFAULT NULL,
  `end` date DEFAULT NULL,
  `etudiant_id` bigint(20) NOT NULL,
  `groupe_id` bigint(20) NOT NULL
) ENGINE=InnoDB AUTO_INCREMENT=938 DEFAULT CHARSET=latin1;

--
-- Contenu de la table `ingroup`
--

INSERT INTO `ingroup` (`id`, `start`, `end`, `etudiant_id`, `groupe_id`) VALUES
(155, '2015-09-01', '2016-01-16', 155, 26),
(156, '2015-09-01', '2016-01-16', 156, 26),
(157, '2015-09-01', '2016-01-16', 157, 26),
(158, '2015-09-01', '2016-01-16', 158, 26),
(160, '2015-09-01', '2016-01-16', 160, 26),
(161, '2015-09-01', '2016-01-16', 161, 26),
(162, '2015-09-01', '2016-01-16', 162, 26),
(163, '2015-09-01', '2016-01-16', 163, 26),
(164, '2015-09-01', '2016-01-16', 164, 26),
(165, '2015-09-01', '2016-01-16', 165, 26),
(166, '2015-09-01', '2016-01-16', 166, 26),
(167, '2015-09-01', '2016-01-16', 167, 26),
(168, '2015-09-01', '2016-01-16', 168, 26),
(169, '2015-09-01', '2016-01-16', 169, 26),
(170, '2015-09-01', '2016-01-16', 170, 26),
(171, '2015-09-01', '2016-01-16', 171, 26),
(172, '2015-09-01', '2016-01-16', 172, 26),
(173, '2015-09-01', '2016-01-16', 173, 10),
(174, '2015-09-01', '2016-01-16', 174, 26),
(175, '2015-09-01', '2016-01-16', 175, 9),
(176, '2015-09-01', '2016-01-16', 176, 9),
(177, '2015-09-01', '2016-01-16', 177, 9),
(178, '2015-09-01', '2016-01-16', 178, 9),
(179, '2015-09-01', '2016-01-16', 179, 9),
(180, '2015-09-01', '2016-01-16', 180, 9),
(181, '2015-09-01', '2016-01-16', 181, 9),
(182, '2015-09-01', '2016-01-16', 182, 9),
(183, '2015-09-01', '2016-01-16', 183, 9),
(184, '2015-09-01', '2016-01-16', 184, 9),
(185, '2015-09-01', '2016-01-16', 185, 9),
(186, '2015-09-01', '2016-01-16', 186, 9),
(187, '2015-09-01', '2016-01-16', 187, 9),
(188, '2015-09-01', '2016-01-16', 188, 9),
(189, '2015-09-01', '2016-01-16', 189, 9),
(190, '2015-09-01', '2016-01-16', 190, 9),
(191, '2015-09-01', '2016-01-16', 191, 9),
(192, '2015-09-01', '2016-01-16', 192, 9),
(193, '2015-09-01', '2016-01-16', 193, 9),
(194, '2015-09-01', '2016-01-16', 194, 9),
(195, '2015-09-01', '2016-01-16', 195, 10),
(196, '2015-09-01', '2016-01-16', 196, 10),
(197, '2015-09-01', '2016-01-16', 197, 10),
(198, '2015-09-01', '2016-01-16', 198, 10),
(199, '2015-09-01', '2016-01-16', 199, 10),
(200, '2015-09-01', '2016-01-16', 200, 10),
(201, '2015-09-01', '2016-01-16', 201, 10),
(202, '2015-09-01', '2016-01-16', 202, 10),
(204, '2015-09-01', '2016-01-16', 204, 10),
(205, '2015-09-01', '2016-01-16', 205, 10),
(206, '2015-09-01', '2016-01-16', 206, 10),
(207, '2015-09-01', '2016-01-16', 207, 10),
(208, '2015-09-01', '2016-01-16', 208, 10),
(209, '2015-09-01', '2016-01-16', 209, 10),
(210, '2015-09-01', '2016-01-16', 210, 10),
(211, '2015-09-01', '2016-01-16', 211, 26),
(212, '2015-09-01', '2016-01-16', 212, 10),
(213, '2015-09-01', '2016-01-16', 213, 10),
(214, '2015-09-01', '2016-01-16', 214, 10),
(823, '2015-09-01', '2016-01-16', 155, 3127),
(824, '2015-09-01', '2016-01-16', 156, 3127),
(825, '2015-09-01', '2016-01-16', 157, 3127),
(826, '2015-09-01', '2016-01-16', 158, 3127),
(828, '2015-09-01', '2016-01-16', 160, 3127),
(829, '2015-09-01', '2016-01-16', 161, 3127),
(830, '2015-09-01', '2016-01-16', 162, 3127),
(831, '2015-09-01', '2016-01-16', 163, 3127),
(832, '2015-09-01', '2016-01-16', 164, 3127),
(833, '2015-09-01', '2016-01-16', 165, 3127),
(834, '2015-09-01', '2016-01-16', 166, 3127),
(835, '2015-09-01', '2016-01-16', 167, 3127),
(836, '2015-09-01', '2016-01-16', 168, 3127),
(837, '2015-09-01', '2016-01-16', 169, 3127),
(838, '2015-09-01', '2016-01-16', 170, 3127),
(839, '2015-09-01', '2016-01-16', 171, 3127),
(840, '2015-09-01', '2016-01-16', 172, 3127),
(841, '2015-09-01', '2016-01-16', 173, 3127),
(842, '2015-09-01', '2016-01-16', 174, 3127),
(843, '2015-09-01', '2016-01-16', 175, 20),
(844, '2015-09-01', '2016-01-16', 176, 20),
(845, '2015-09-01', '2016-01-16', 177, 20),
(846, '2015-09-01', '2016-01-16', 178, 20),
(847, '2015-09-01', '2016-01-16', 179, 20),
(848, '2015-09-01', '2016-01-16', 180, 20),
(849, '2015-09-01', '2016-01-16', 181, 20),
(850, '2015-09-01', '2016-01-16', 182, 20),
(851, '2015-09-01', '2016-01-16', 183, 20),
(852, '2015-09-01', '2016-01-16', 184, 20),
(853, '2015-09-01', '2016-01-16', 185, 20),
(854, '2015-09-01', '2016-01-16', 186, 20),
(855, '2015-09-01', '2016-01-16', 187, 20),
(856, '2015-09-01', '2016-01-16', 188, 20),
(857, '2015-09-01', '2016-01-16', 189, 20),
(858, '2015-09-01', '2016-01-16', 190, 20),
(859, '2015-09-01', '2016-01-16', 191, 20),
(860, '2015-09-01', '2016-01-16', 192, 20),
(861, '2015-09-01', '2016-01-16', 193, 20),
(862, '2015-09-01', '2016-01-16', 194, 20),
(863, '2015-09-01', '2016-01-16', 195, 22),
(864, '2015-09-01', '2016-01-16', 196, 22),
(865, '2015-09-01', '2016-01-16', 197, 22),
(866, '2015-09-01', '2016-01-16', 198, 22),
(867, '2015-09-01', '2016-01-16', 199, 22),
(868, '2015-09-01', '2016-01-16', 200, 22),
(869, '2015-09-01', '2016-01-16', 201, 22),
(870, '2015-09-01', '2016-01-16', 202, 22),
(872, '2015-09-01', '2016-01-16', 204, 22),
(873, '2015-09-01', '2016-01-16', 205, 22),
(874, '2015-09-01', '2016-01-16', 206, 22),
(875, '2015-09-01', '2016-01-16', 207, 22),
(876, '2015-09-01', '2016-01-16', 208, 22),
(877, '2015-09-01', '2016-01-16', 209, 22),
(878, '2015-09-01', '2016-01-16', 210, 22),
(879, '2015-09-01', '2016-01-16', 211, 3127),
(880, '2015-09-01', '2016-01-16', 212, 22),
(881, '2015-09-01', '2016-01-16', 213, 22),
(882, '2015-09-01', '2016-01-16', 214, 22),
(883, '2016-01-18', '2016-04-02', 195, 25),
(884, '2016-01-18', '2016-04-02', 175, 25),
(885, '2016-01-18', '2016-04-02', 157, 25),
(886, '2016-01-18', '2016-04-02', 176, 25),
(887, '2016-01-18', '2016-04-02', 179, 25),
(888, '2016-01-18', '2016-04-02', 162, 25),
(889, '2016-01-18', '2016-04-02', 180, 25),
(890, '2016-01-18', '2016-04-02', 181, 25),
(891, '2016-01-18', '2016-04-02', 197, 25),
(892, '2016-01-18', '2016-04-02', 164, 25),
(893, '2016-01-18', '2016-04-02', 182, 25),
(894, '2016-01-18', '2016-04-02', 183, 25),
(895, '2016-01-18', '2016-04-02', 184, 24),
(896, '2016-01-18', '2016-04-02', 199, 25),
(897, '2016-01-18', '2016-04-02', 204, 25),
(898, '2016-01-18', '2016-04-02', 189, 25),
(899, '2016-01-18', '2016-04-02', 205, 25),
(900, '2016-01-18', '2016-04-02', 190, 25),
(901, '2016-01-18', '2016-04-02', 191, 25),
(902, '2016-01-18', '2016-04-02', 171, 25),
(903, '2016-01-18', '2016-04-02', 192, 25),
(904, '2016-01-18', '2016-04-02', 172, 25),
(905, '2016-01-18', '2016-04-02', 208, 25),
(906, '2016-01-18', '2016-04-02', 209, 25),
(907, '2016-01-18', '2016-04-02', 210, 25),
(908, '2016-01-18', '2016-04-02', 173, 25),
(909, '2016-01-18', '2016-04-02', 211, 25),
(910, '2016-01-18', '2016-04-02', 214, 25),
(911, '2016-01-18', '2016-04-02', 155, 24),
(912, '2016-01-18', '2016-04-02', 156, 24),
(913, '2016-01-18', '2016-04-02', 196, 24),
(914, '2016-01-18', '2016-04-02', 158, 24),
(916, '2016-01-18', '2016-04-02', 160, 25),
(917, '2016-01-18', '2016-04-02', 177, 24),
(918, '2016-01-18', '2016-04-02', 161, 24),
(919, '2016-01-18', '2016-04-02', 163, 24),
(920, '2016-01-18', '2016-04-02', 165, 24),
(921, '2016-01-18', '2016-04-02', 185, 24),
(922, '2016-01-18', '2016-04-02', 166, 24),
(923, '2016-01-18', '2016-04-02', 200, 24),
(924, '2016-01-18', '2016-04-02', 201, 24),
(925, '2016-01-18', '2016-04-02', 202, 24),
(926, '2016-01-18', '2016-04-02', 168, 24),
(927, '2016-01-18', '2016-04-02', 186, 24),
(928, '2016-01-18', '2016-04-02', 187, 24),
(929, '2016-01-18', '2016-04-02', 169, 24),
(930, '2016-01-18', '2016-04-02', 188, 24),
(931, '2016-01-18', '2016-04-02', 206, 24),
(932, '2016-01-18', '2016-04-02', 170, 24),
(933, '2016-01-18', '2016-04-02', 193, 24),
(934, '2016-01-18', '2016-04-02', 194, 24),
(935, '2016-01-18', '2016-04-02', 212, 24),
(936, '2016-01-18', '2016-04-02', 213, 24),
(937, '2016-01-18', '2016-04-02', 174, 24);

-- --------------------------------------------------------

--
-- Structure de la table `knoweval`
--

CREATE TABLE IF NOT EXISTS `knoweval` (
`id` bigint(20) NOT NULL,
  `evaluation_id` bigint(20) NOT NULL,
  `teacher_id` bigint(20) NOT NULL
) ENGINE=InnoDB AUTO_INCREMENT=14 DEFAULT CHARSET=latin1;

--
-- Contenu de la table `knoweval`
--

INSERT INTO `knoweval` (`id`, `evaluation_id`, `teacher_id`) VALUES
(2, 2, 1),
(4, 3, 2091),
(5, 2, 3353),
(6, 4, 1),
(7, 4, 7),
(8, 4, 16),
(9, 3, 3084),
(10, 5, 1),
(11, 5, 2),
(12, 6, 1),
(13, 7, 38);

-- --------------------------------------------------------

--
-- Structure de la table `lesson`
--

CREATE TABLE IF NOT EXISTS `lesson` (
`id` bigint(20) NOT NULL,
  `start` datetime DEFAULT NULL,
  `end` datetime DEFAULT NULL,
  `num` bigint(20) DEFAULT NULL,
  `type` varchar(2) DEFAULT NULL,
  `duration` bigint(20) DEFAULT NULL,
  `manual` tinyint(1) DEFAULT '1',
  `color` varchar(10) DEFAULT NULL,
  `course_id` bigint(20) DEFAULT NULL,
  `teacher_id` bigint(20) DEFAULT NULL,
  `groupe_id` bigint(20) DEFAULT NULL,
  `room_id` bigint(20) DEFAULT NULL
) ENGINE=InnoDB AUTO_INCREMENT=23182 DEFAULT CHARSET=latin1;

--
-- Contenu de la table `lesson`
--

INSERT INTO `lesson` (`id`, `start`, `end`, `num`, `type`, `duration`, `manual`, `color`, `course_id`, `teacher_id`, `groupe_id`, `room_id`) VALUES
(3, '2015-09-07 09:45:00', '2015-09-07 11:15:00', NULL, 'TP', 6, 0, NULL, 20056, 3276, 1014, 1008),
(4, '2015-09-07 11:30:00', '2015-09-07 13:00:00', NULL, 'TP', 6, 0, NULL, 20056, 3276, 1014, 1008),
(25, '2015-09-07 08:15:00', '2015-09-07 09:45:00', NULL, 'CM', 6, 0, NULL, 20011, 41, 1001, 1000),
(26, '2015-09-09 08:15:00', '2015-09-09 09:45:00', NULL, 'CM', 6, 0, NULL, 20015, 41, 1001, 1000),
(27, '2015-09-09 09:45:00', '2015-09-09 11:15:00', NULL, 'TD', 6, 0, NULL, 20015, 41, 1003, 1001),
(28, '2015-09-09 14:15:00', '2015-09-09 15:45:00', NULL, 'TD', 6, 0, NULL, 20015, 41, 1004, 1001),
(29, '2015-09-09 11:30:00', '2015-09-09 13:00:00', NULL, 'TP', 6, 0, NULL, 20015, 41, 1009, 1008),
(30, '2015-09-10 08:15:00', '2015-09-10 09:45:00', NULL, 'TP', 6, 0, NULL, 20015, 41, 1011, 1008),
(40, '2015-09-08 09:45:00', '2015-09-08 11:15:00', NULL, 'TD', 6, 0, NULL, 20056, 1, 1025, 1008),
(41, '2015-09-08 11:30:00', '2015-09-08 13:00:00', NULL, 'TP', 6, 0, NULL, 20057, 1, 1014, 1005),
(42, '2015-09-08 14:15:00', '2015-09-08 15:45:00', NULL, 'TP', 6, 0, NULL, 20056, 1, 1026, 1005),
(43, '2015-09-08 16:00:00', '2015-09-08 17:30:00', NULL, 'TP', 6, 0, NULL, 20056, 1, 1026, 1005),
(44, '2015-09-10 09:45:00', '2015-09-10 11:15:00', NULL, 'CM', 6, 0, NULL, 20058, 41, 1002, 1000),
(45, '2015-09-10 11:30:00', '2015-09-10 13:00:00', NULL, 'TD', 6, 0, NULL, 20058, 41, 1006, 1002),
(56, '2015-09-07 14:15:00', '2015-09-07 15:45:00', NULL, 'TP', 6, 0, NULL, 20056, 3353, 1016, 1005),
(57, '2015-09-07 11:30:00', '2015-09-07 13:00:00', NULL, 'TP', 6, 0, NULL, 20056, 3353, 1016, 1005),
(94, '2015-09-08 16:00:00', '2015-09-08 17:30:00', NULL, 'TP', 6, 0, NULL, 20057, 2, 1016, 1007),
(95, '2015-09-11 09:45:00', '2015-09-11 11:15:00', NULL, 'TP', 6, 0, NULL, 20057, 1, 1015, 1008),
(96, '2015-09-11 08:15:00', '2015-09-11 09:45:00', NULL, 'TP', 6, 0, NULL, 20057, 1, 1026, 1008),
(169, '2015-09-10 08:15:00', '2015-09-10 09:45:00', 0, 'TD', 6, 0, NULL, 10001, 3280, 7, 5),
(170, '2015-09-11 08:15:00', '2015-09-11 09:45:00', 0, 'TD', 6, 0, NULL, 10001, 3084, 8, 5),
(171, '2015-09-11 14:30:00', '2015-09-11 16:00:00', 0, 'TP', 6, 0, NULL, 10001, 3282, 11, 11),
(172, '2015-09-11 10:00:00', '2015-09-11 11:30:00', 0, 'TP', 6, 0, NULL, 10001, 3279, 14, 17),
(173, '2015-09-11 13:00:00', '2015-09-11 14:30:00', 0, 'TP', 6, 0, NULL, 10001, 3280, 12, 16),
(174, '2015-09-11 08:15:00', '2015-09-11 09:45:00', 0, 'TP', 6, 0, NULL, 10001, 3279, 15, 17),
(175, '2015-09-11 16:15:00', '2015-09-11 17:45:00', 0, 'TP', 6, 0, NULL, 10001, 3084, 13, 11),
(176, '2015-09-11 10:00:00', '2015-09-11 11:30:00', 0, 'TP', 6, 0, NULL, 10001, 3280, 16, 15),
(177, '2015-09-07 13:00:00', '2015-09-07 14:30:00', 0, 'CM', 6, 0, NULL, 10002, 2091, 2, 18),
(178, '2015-09-11 16:15:00', '2015-09-11 17:45:00', 0, 'TD', 6, 0, NULL, 10004, 17, 6, 4),
(179, '2015-09-08 14:30:00', '2015-09-08 16:00:00', 0, 'TD', 6, 0, NULL, 10004, 2092, 7, 5),
(180, '2015-09-09 10:00:00', '2015-09-09 11:30:00', 0, 'TD', 6, 0, NULL, 10004, 6, 8, 5),
(181, '2015-09-11 10:00:00', '2015-09-11 11:30:00', 0, 'TP', 6, 0, NULL, 10004, 17, 11, 14),
(182, '2015-09-09 13:00:00', '2015-09-09 14:30:00', 0, 'TP', 6, 0, NULL, 10004, 6, 14, 17),
(183, '2015-09-07 10:00:00', '2015-09-07 11:30:00', 0, 'TD', 6, 0, NULL, 10005, 7, 6, 12),
(184, '2015-09-08 08:15:00', '2015-09-08 09:45:00', 0, 'TD', 6, 0, NULL, 10005, 5, 7, 10),
(185, '2015-09-07 10:00:00', '2015-09-07 11:30:00', 0, 'TD', 6, 0, NULL, 10005, 17, 8, 13),
(186, '2015-09-07 14:30:00', '2015-09-07 16:00:00', 0, 'TP', 6, 0, NULL, 10005, 7, 11, 14),
(187, '2015-09-11 14:30:00', '2015-09-11 16:00:00', 0, 'TP', 6, 0, NULL, 10005, 3345, 14, 10),
(188, '2015-09-08 10:00:00', '2015-09-08 11:30:00', 0, 'TP', 6, 0, NULL, 10005, 5, 12, 16),
(189, '2015-09-11 16:15:00', '2015-09-11 17:45:00', 0, 'TP', 6, 0, NULL, 10005, 3345, 15, 10),
(190, '2015-09-07 14:30:00', '2015-09-07 16:00:00', 0, 'TP', 6, 0, NULL, 10005, 17, 13, 16),
(191, '2015-09-11 13:00:00', '2015-09-11 14:30:00', 0, 'TP', 6, 0, NULL, 10005, 3353, 16, 17),
(193, '2015-09-09 16:15:00', '2015-09-09 17:45:00', 0, 'TD', 6, 0, NULL, 10012, 3354, 7, 8),
(194, '2015-09-09 14:30:00', '2015-09-09 16:00:00', 0, 'TD', 6, 0, NULL, 10012, 3354, 8, 8),
(195, '2015-09-10 10:00:00', '2015-09-10 11:30:00', 0, 'TD', 6, 0, NULL, 10008, 14, 6, 5),
(196, '2015-09-11 10:00:00', '2015-09-11 11:30:00', 0, 'TD', 6, 0, NULL, 10008, 14, 7, 7),
(197, '2015-09-08 10:00:00', '2015-09-08 11:30:00', 0, 'TD', 6, 0, NULL, 10008, 14, 8, 7),
(207, '2015-09-09 13:00:00', '2015-09-09 14:30:00', 0, 'TP', 6, 0, NULL, 10011, 27, 11, 9),
(208, '2015-09-08 13:00:00', '2015-09-08 14:30:00', 0, 'TP', 6, 0, NULL, 10011, 27, 14, 9),
(209, '2015-09-11 08:15:00', '2015-09-11 09:45:00', 0, 'TP', 6, 0, NULL, 10011, 27, 12, 9),
(210, '2015-09-09 10:00:00', '2015-09-09 11:30:00', 0, 'TP', 6, 0, NULL, 10011, 27, 15, 9),
(211, '2015-09-11 10:00:00', '2015-09-11 11:30:00', 0, 'TP', 6, 0, NULL, 10011, 27, 13, 9),
(212, '2015-09-08 16:15:00', '2015-09-08 17:45:00', 0, 'TP', 6, 0, NULL, 10011, 27, 16, 9),
(213, '2015-09-07 08:15:00', '2015-09-07 09:45:00', 0, 'CM', 6, 0, NULL, 10007, 1047, 2, 18),
(214, '2015-09-08 08:15:00', '2015-09-08 09:45:00', 0, 'TD', 6, 0, NULL, 10007, 1047, 6, 4),
(215, '2015-09-07 10:00:00', '2015-09-07 11:30:00', 0, 'TD', 6, 0, NULL, 10007, 1047, 7, 5),
(216, '2015-09-08 13:00:00', '2015-09-08 14:30:00', 0, 'TD', 6, 0, NULL, 10007, 2076, 8, 5),
(217, '2015-09-07 16:15:00', '2015-09-07 17:45:00', 0, 'TP', 6, 0, NULL, 10007, 1047, 11, 17),
(218, '2015-09-07 14:30:00', '2015-09-07 16:00:00', 0, 'TP', 6, 0, NULL, 10007, 1047, 14, 17),
(219, '2015-09-08 13:00:00', '2015-09-08 14:30:00', 0, 'TP', 6, 0, NULL, 10007, 1047, 12, 16),
(220, '2015-09-08 10:00:00', '2015-09-08 11:30:00', 0, 'TP', 6, 0, NULL, 10007, 1047, 15, 15),
(221, '2015-09-08 16:15:00', '2015-09-08 17:45:00', 0, 'TP', 6, 0, NULL, 10007, 2076, 13, 16),
(222, '2015-09-08 14:30:00', '2015-09-08 16:00:00', 0, 'TP', 6, 0, NULL, 10007, 2076, 16, 16),
(223, '2015-09-11 08:15:00', '2015-09-11 09:45:00', 0, 'TD', 6, 0, NULL, 10013, 34, 6, 12),
(224, '2015-09-09 14:30:00', '2015-09-09 16:00:00', 0, 'TD', 6, 0, NULL, 10013, 3235, 7, 7),
(225, '2015-09-09 13:00:00', '2015-09-09 14:30:00', 0, 'TD', 6, 0, NULL, 10013, 3235, 8, 7),
(226, '2015-09-07 16:15:00', '2015-09-07 17:45:00', 0, 'TD', 6, 0, NULL, 10202, 17, 9, 4),
(227, '2015-09-11 14:30:00', '2015-09-11 16:00:00', 0, 'TP', 6, 0, NULL, 10202, 17, 9, 12),
(228, '2015-09-07 16:15:00', '2015-09-07 17:45:00', 0, 'TP', 6, 0, NULL, 10202, 5, 10, 12),
(229, '2015-09-07 08:15:00', '2015-09-07 09:45:00', 0, 'TD', 6, 0, NULL, 10202, 5, 10, 4),
(230, '2015-09-10 08:15:00', '2015-09-10 09:45:00', 0, 'TP', 6, 0, NULL, 10202, 32, 26, 12),
(231, '2015-09-07 14:30:00', '2015-09-07 16:00:00', 0, 'TD', 6, 0, NULL, 10202, 32, 26, 7),
(232, '2015-09-08 08:15:00', '2015-09-08 09:45:00', 0, 'TD', 6, 0, NULL, 10205, 2, 9, 11),
(233, '2015-09-11 08:15:00', '2015-09-11 09:45:00', 0, 'TP', 6, 0, NULL, 10205, 2, 9, 8),
(234, '2015-09-10 11:30:00', '2015-09-10 13:00:00', 0, 'TD', 6, 0, NULL, 10205, 3280, 10, 12),
(235, '2015-09-08 08:15:00', '2015-09-08 09:45:00', 0, 'TP', 6, 0, NULL, 10205, 3280, 10, 13),
(236, '2015-09-09 10:00:00', '2015-09-09 11:30:00', 0, 'TD', 6, 0, NULL, 10205, 2, 26, 12),
(237, '2015-09-09 08:15:00', '2015-09-09 09:45:00', 0, 'TP', 6, 0, NULL, 10205, 2, 26, 12),
(238, '2015-09-07 08:15:00', '2015-09-07 09:45:00', 0, 'TD', 6, 0, NULL, 10204, 7, 9, 12),
(239, '2015-09-09 16:15:00', '2015-09-09 17:45:00', 0, 'TD', 6, 0, NULL, 10204, 1, 10, 10),
(240, '2015-09-09 16:15:00', '2015-09-09 17:45:00', 0, 'TD', 6, 0, NULL, 10204, 16, 26, 13),
(241, '2015-09-09 14:30:00', '2015-09-09 16:00:00', 0, 'TD', 6, 0, NULL, 10200, 16, 9, 12),
(242, '2015-09-09 14:30:00', '2015-09-09 16:00:00', 0, 'TD', 6, 0, NULL, 10200, 36, 10, 10),
(243, '2015-09-07 13:00:00', '2015-09-07 14:30:00', 0, 'TD', 6, 0, NULL, 10200, 17, 26, 12),
(244, '2015-09-09 10:00:00', '2015-09-09 11:30:00', 0, 'TD', 6, 0, NULL, 10203, 16, 9, 10),
(245, '2015-09-11 08:15:00', '2015-09-11 09:45:00', 0, 'TD', 6, 0, NULL, 10203, 17, 10, 10),
(246, '2015-09-11 08:15:00', '2015-09-11 09:45:00', 0, 'TD', 6, 0, NULL, 10203, 3353, 26, 13),
(247, '2015-09-07 13:00:00', '2015-09-07 14:30:00', 0, 'TD', 6, 0, NULL, 10211, 3271, 9, 8),
(248, '2015-09-08 13:00:00', '2015-09-08 14:30:00', 0, 'TP', 6, 0, NULL, 10211, 3056, 9, 8),
(249, '2015-09-07 14:30:00', '2015-09-07 16:00:00', 0, 'TD', 6, 0, NULL, 10211, 3271, 10, 8),
(250, '2015-09-08 14:30:00', '2015-09-08 16:00:00', 0, 'TP', 6, 0, NULL, 10211, 3056, 10, 8),
(251, '2015-09-07 16:15:00', '2015-09-07 17:45:00', 0, 'TD', 6, 0, NULL, 10211, 3271, 26, 8),
(252, '2015-09-10 11:30:00', '2015-09-10 13:00:00', 0, 'TP', 6, 0, NULL, 10211, 3056, 26, 8),
(253, '2015-09-07 10:00:00', '2015-09-07 11:30:00', 0, 'CM', 6, 0, NULL, 10208, 25, 3, 18),
(254, '2015-09-10 11:30:00', '2015-09-10 13:00:00', 0, 'TD', 6, 0, NULL, 10214, 27, 9, 9),
(255, '2015-09-09 08:15:00', '2015-09-09 09:45:00', 0, 'TD', 6, 0, NULL, 10210, 27, 10, 8),
(256, '2015-09-08 08:15:00', '2015-09-08 09:45:00', 0, 'TD', 6, 0, NULL, 10210, 27, 26, 9),
(257, '2015-09-08 14:30:00', '2015-09-08 16:00:00', 0, 'TP', 6, 0, NULL, 10207, 38, 9, 10),
(258, '2015-09-08 16:15:00', '2015-09-08 17:45:00', 0, 'TP', 6, 0, NULL, 10207, 38, 10, 10),
(259, '2015-09-08 13:00:00', '2015-09-08 14:30:00', 0, 'TP', 6, 0, NULL, 10207, 38, 26, 10),
(260, '2015-09-11 13:00:00', '2015-09-11 14:30:00', 0, 'CM', 6, 0, NULL, 10206, 14, 3, 18),
(261, '2015-09-10 08:15:00', '2015-09-10 09:45:00', 0, 'TD', 6, 0, NULL, 10206, 14, 9, 4),
(262, '2015-09-11 16:15:00', '2015-09-11 17:45:00', 0, 'TD', 6, 0, NULL, 10206, 14, 10, 5),
(263, '2015-09-11 14:30:00', '2015-09-11 16:00:00', 0, 'TD', 6, 0, NULL, 10206, 14, 26, 5),
(264, '2015-09-11 16:15:00', '2015-09-11 17:45:00', 0, 'TD', 6, 0, NULL, 10212, 3046, 9, 2015),
(265, '2015-09-11 14:30:00', '2015-09-11 16:00:00', 0, 'TD', 6, 0, NULL, 10212, 3226, 10, 7),
(266, '2015-09-11 16:15:00', '2015-09-11 17:45:00', 0, 'TD', 6, 0, NULL, 10212, 3226, 26, 7),
(267, '2015-09-09 16:15:00', '2015-09-09 17:45:00', 0, 'TD', 6, 0, NULL, 10209, 25, 9, 7),
(268, '2015-09-08 13:00:00', '2015-09-08 14:30:00', 0, 'TD', 6, 0, NULL, 10209, 25, 10, 7),
(269, '2015-09-08 14:30:00', '2015-09-08 16:00:00', 0, 'TD', 6, 0, NULL, 10209, 25, 26, 7),
(270, '2015-09-10 08:15:00', '2015-09-10 09:45:00', 0, 'TP', 6, 0, '#8CC6D7', 10012, 3056, 11, 8),
(271, '2015-09-10 10:00:00', '2015-09-10 11:30:00', 0, 'TP', 6, 0, '#8CC6D7', 10012, 3056, 12, 8),
(272, '2015-09-08 08:15:00', '2015-09-08 09:45:00', 0, 'TP', 6, 0, '#8CC6D7', 10012, 3056, 13, 8),
(273, '2015-09-07 14:30:00', '2015-09-07 16:00:00', 0, 'TD', 6, 0, NULL, 10208, 25, 9, 4),
(274, '2015-09-07 13:00:00', '2015-09-07 14:30:00', 0, 'TD', 6, 0, NULL, 10208, 25, 10, 4),
(275, '2015-09-08 10:00:00', '2015-09-08 11:30:00', 0, 'TD', 6, 0, NULL, 10208, 25, 26, 5),
(276, '2015-09-09 10:00:00', '2015-09-09 11:30:00', 0, 'TD', 6, 0, NULL, 10002, 5, 6, 4),
(277, '2015-09-08 13:00:00', '2015-09-08 14:30:00', 0, 'TP', 6, 0, NULL, 10002, 5, 11, 14),
(278, '2015-09-08 14:30:00', '2015-09-08 16:00:00', 0, 'TP', 6, 0, NULL, 10002, 5, 11, 14),
(279, '2015-09-08 14:30:00', '2015-09-08 16:00:00', 0, 'TP', 6, 0, NULL, 10002, 3280, 14, 11),
(280, '2015-09-08 16:15:00', '2015-09-08 17:45:00', 0, 'TP', 6, 0, NULL, 10002, 3280, 14, 11),
(281, '2015-09-07 16:15:00', '2015-09-07 17:45:00', 0, 'TD', 6, 0, NULL, 10002, 2091, 7, 5),
(282, '2015-09-11 14:30:00', '2015-09-11 16:00:00', 0, 'TP', 6, 0, NULL, 10002, 2091, 12, 16),
(283, '2015-09-11 16:15:00', '2015-09-11 17:45:00', 0, 'TP', 6, 0, NULL, 10002, 2091, 12, 16),
(284, '2015-09-11 13:00:00', '2015-09-11 14:30:00', 0, 'TP', 6, 0, NULL, 10002, 11, 15, 15),
(285, '2015-09-11 14:30:00', '2015-09-11 16:00:00', 0, 'TP', 6, 0, NULL, 10002, 11, 15, 15),
(286, '2015-09-11 14:30:00', '2015-09-11 16:00:00', 0, 'TP', 6, 0, NULL, 10002, 3280, 16, 17),
(287, '2015-09-11 16:15:00', '2015-09-11 17:45:00', 0, 'TP', 6, 0, NULL, 10002, 3280, 16, 17),
(288, '2015-09-11 13:00:00', '2015-09-11 14:30:00', 0, 'TP', 6, 0, NULL, 10002, 3084, 13, 14),
(289, '2015-09-11 14:30:00', '2015-09-11 16:00:00', 0, 'TP', 6, 0, NULL, 10002, 3084, 13, 14),
(290, '2015-09-10 08:15:00', '2015-09-10 09:45:00', 0, 'TD', 6, 0, NULL, 10002, 3084, 8, 7),
(291, '2015-09-09 16:15:00', '2015-09-09 17:45:00', 0, 'TD', 6, 0, NULL, 10002, 5, 6, 5),
(292, '2015-09-07 14:30:00', '2015-09-07 16:00:00', 0, 'TD', 6, 0, NULL, 10002, 2091, 7, 5),
(293, '2015-09-10 10:00:00', '2015-09-10 11:30:00', 0, 'TD', 6, 0, NULL, 10002, 3084, 8, 7),
(294, '2015-09-08 13:00:00', '2015-09-08 14:30:00', 0, 'CM', 6, 0, NULL, 31, 14, 4, 2015),
(295, '2015-09-08 14:30:00', '2015-09-08 16:00:00', 0, 'CM', 6, 0, NULL, 31, 14, 4, 2015),
(296, '2015-09-07 13:00:00', '2015-09-07 14:30:00', 0, 'CM', 6, 0, NULL, 25, 5, 4, 13),
(297, '2015-09-07 14:30:00', '2015-09-07 16:00:00', 0, 'CM', 6, 0, NULL, 25, 5, 4, 13),
(298, '2015-09-09 13:00:00', '2015-09-09 14:30:00', 0, 'TP', 6, 0, NULL, 25, 5, 4, 13),
(299, '2015-09-09 14:30:00', '2015-09-09 16:00:00', 0, 'TP', 6, 0, NULL, 25, 5, 4, 13),
(300, '2015-09-09 08:15:00', '2015-09-09 09:45:00', 0, 'CM', 6, 0, NULL, 27, 7, 4, 2015),
(301, '2015-09-09 10:00:00', '2015-09-09 11:30:00', 0, 'CM', 6, 0, NULL, 27, 7, 4, 2015),
(302, '2015-09-07 08:15:00', '2015-09-07 09:45:00', 0, 'CM', 6, 0, NULL, 2144, 2, 4, 10),
(303, '2015-09-07 10:00:00', '2015-09-07 11:30:00', 0, 'CM', 6, 0, NULL, 2144, 2, 4, 10),
(304, '2015-09-08 10:00:00', '2015-09-08 11:30:00', 0, 'TD', 6, 0, NULL, 10210, 27, 9, 9),
(305, '2015-09-10 08:15:00', '2015-09-10 09:45:00', 0, 'TD', 6, 0, NULL, 10214, 27, 10, 9),
(306, '2015-09-09 14:30:00', '2015-09-09 16:00:00', 0, 'TD', 6, 0, NULL, 10214, 27, 26, 9),
(307, '2015-09-08 16:15:00', '2015-09-08 17:45:00', 0, 'TP', 6, 0, NULL, 10004, 2092, 12, 14),
(308, '2015-09-08 16:15:00', '2015-09-08 17:45:00', 0, 'TP', 6, 0, NULL, 10004, 3088, 15, 17),
(309, '2015-09-07 16:15:00', '2015-09-07 17:45:00', 0, 'TP', 6, 0, NULL, 10004, 6, 13, 16),
(310, '2015-09-07 16:15:00', '2015-09-07 17:45:00', 0, 'TP', 6, 0, NULL, 10004, 3088, 16, 14),
(311, '2015-09-10 11:30:00', '2015-09-10 13:00:00', 0, 'CM', 6, 0, NULL, 10008, 14, 2, 18),
(313, '2015-09-09 13:00:00', '2015-09-09 14:30:00', 0, 'CM', 6, 0, NULL, 10209, 25, 3, 18),
(314, '2015-09-10 10:00:00', '2015-09-10 11:30:00', 0, 'CM', 6, 0, NULL, 10202, 32, 3, 18),
(315, '2015-09-11 10:00:00', '2015-09-11 11:30:00', 0, 'CM', 6, 0, NULL, 10205, 2, 3, 18),
(316, '2015-09-09 08:15:00', '2015-09-09 09:45:00', 0, 'TP', 6, 0, NULL, 10209, 25, 9, 10),
(317, '2015-09-09 10:00:00', '2015-09-09 11:30:00', 0, 'TP', 6, 0, NULL, 10209, 25, 10, 8),
(318, '2015-09-07 08:15:00', '2015-09-07 09:45:00', 0, 'TP', 6, 0, NULL, 10209, 25, 26, 13),
(319, '2015-09-08 08:15:00', '2015-09-08 09:45:00', 0, 'CM', 6, 0, NULL, 26, 17, 4, 12),
(320, '2015-09-08 10:00:00', '2015-09-08 11:30:00', 0, 'CM', 6, 0, NULL, 26, 17, 4, 12),
(321, '2015-09-17 08:15:00', '2015-09-17 09:45:00', 0, 'TD', 6, 0, NULL, 10001, 3280, 7, 5),
(322, '2015-09-18 08:15:00', '2015-09-18 09:45:00', 0, 'TD', 6, 0, NULL, 10001, 3084, 8, 5),
(323, '2015-09-18 14:30:00', '2015-09-18 16:00:00', 0, 'TP', 6, 0, NULL, 10001, 3282, 11, 11),
(324, '2015-09-18 10:00:00', '2015-09-18 11:30:00', 0, 'TP', 6, 0, NULL, 10001, 3279, 14, 17),
(325, '2015-09-18 13:00:00', '2015-09-18 14:30:00', 0, 'TP', 6, 0, NULL, 10001, 3280, 12, 16),
(326, '2015-09-18 08:15:00', '2015-09-18 09:45:00', 0, 'TP', 6, 0, NULL, 10001, 3279, 15, 17),
(327, '2015-09-18 16:15:00', '2015-09-18 17:45:00', 0, 'TP', 6, 0, NULL, 10001, 3084, 13, 14),
(328, '2015-09-18 10:00:00', '2015-09-18 11:30:00', 0, 'TP', 6, 0, NULL, 10001, 3280, 16, 15),
(329, '2015-09-14 13:00:00', '2015-09-14 14:30:00', 0, 'CM', 6, 0, NULL, 10002, 2091, 2, 18),
(330, '2015-09-18 16:15:00', '2015-09-18 17:45:00', 0, 'TD', 6, 0, NULL, 10004, 17, 6, 4),
(331, '2015-09-15 14:30:00', '2015-09-15 16:00:00', 0, 'TD', 6, 0, NULL, 10004, 2092, 7, 5),
(332, '2015-09-16 10:00:00', '2015-09-16 11:30:00', 0, 'TD', 6, 0, NULL, 10004, 6, 8, 5),
(333, '2015-09-18 10:00:00', '2015-09-18 11:30:00', 0, 'TP', 6, 0, NULL, 10004, 17, 11, 14),
(334, '2015-09-16 13:00:00', '2015-09-16 14:30:00', 0, 'TP', 6, 0, NULL, 10004, 6, 14, 17),
(335, '2015-09-14 10:00:00', '2015-09-14 11:30:00', 0, 'TD', 6, 0, NULL, 10005, 7, 6, 12),
(336, '2015-09-15 08:15:00', '2015-09-15 09:45:00', 0, 'TD', 6, 0, NULL, 10005, 5, 7, 10),
(337, '2015-09-14 10:00:00', '2015-09-14 11:30:00', 0, 'TD', 6, 0, NULL, 10005, 17, 8, 13),
(338, '2015-09-14 14:30:00', '2015-09-14 16:00:00', 0, 'TP', 6, 0, NULL, 10005, 7, 11, 14),
(339, '2015-09-18 14:30:00', '2015-09-18 16:00:00', 0, 'TP', 6, 0, NULL, 10005, 3345, 14, 10),
(340, '2015-09-15 10:00:00', '2015-09-15 11:30:00', 0, 'TP', 6, 0, NULL, 10005, 5, 12, 16),
(341, '2015-09-18 16:15:00', '2015-09-18 17:45:00', 0, 'TP', 6, 0, NULL, 10005, 3345, 15, 10),
(342, '2015-09-14 14:30:00', '2015-09-14 16:00:00', 0, 'TP', 6, 0, NULL, 10005, 17, 13, 16),
(343, '2015-09-18 13:00:00', '2015-09-18 14:30:00', 0, 'TP', 6, 0, NULL, 10005, 3353, 16, 17),
(345, '2015-09-16 16:15:00', '2015-09-16 17:45:00', 0, 'TD', 6, 0, NULL, 10012, 3354, 7, 8),
(346, '2015-09-16 14:30:00', '2015-09-16 16:00:00', 0, 'TD', 6, 0, NULL, 10012, 3354, 8, 8),
(347, '2015-09-17 10:00:00', '2015-09-17 11:30:00', 0, 'TD', 6, 0, NULL, 10008, 14, 6, 5),
(348, '2015-09-18 10:00:00', '2015-09-18 11:30:00', 0, 'TD', 6, 0, NULL, 10008, 14, 7, 7),
(349, '2015-09-15 10:00:00', '2015-09-15 11:30:00', 0, 'TD', 6, 0, NULL, 10008, 14, 8, 7),
(359, '2015-09-16 13:00:00', '2015-09-16 14:30:00', 0, 'TP', 6, 0, NULL, 10011, 27, 11, 9),
(360, '2015-09-15 13:00:00', '2015-09-15 14:30:00', 0, 'TP', 6, 0, NULL, 10011, 27, 14, 9),
(361, '2015-09-18 08:15:00', '2015-09-18 09:45:00', 0, 'TP', 6, 0, NULL, 10011, 27, 12, 9),
(363, '2015-09-18 10:00:00', '2015-09-18 11:30:00', 0, 'TP', 6, 0, NULL, 10011, 27, 13, 9),
(365, '2015-09-14 08:15:00', '2015-09-14 09:45:00', 0, 'CM', 6, 0, NULL, 10007, 1047, 2, 18),
(366, '2015-09-15 08:15:00', '2015-09-15 09:45:00', 0, 'TD', 6, 0, NULL, 10007, 1047, 6, 4),
(367, '2015-09-14 10:00:00', '2015-09-14 11:30:00', 0, 'TD', 6, 0, NULL, 10007, 1047, 7, 5),
(368, '2015-09-15 13:00:00', '2015-09-15 14:30:00', 0, 'TD', 6, 0, NULL, 10007, 2076, 8, 5),
(369, '2015-09-14 16:15:00', '2015-09-14 17:45:00', 0, 'TP', 6, 0, NULL, 10007, 1047, 11, 17),
(370, '2015-09-14 14:30:00', '2015-09-14 16:00:00', 0, 'TP', 6, 0, NULL, 10007, 1047, 14, 17),
(371, '2015-09-15 13:00:00', '2015-09-15 14:30:00', 0, 'TP', 6, 0, NULL, 10007, 1047, 12, 16),
(372, '2015-09-15 10:00:00', '2015-09-15 11:30:00', 0, 'TP', 6, 0, NULL, 10007, 1047, 15, 15),
(373, '2015-09-15 16:15:00', '2015-09-15 17:45:00', 0, 'TP', 6, 0, NULL, 10007, 2076, 13, 16),
(374, '2015-09-15 14:30:00', '2015-09-15 16:00:00', 0, 'TP', 6, 0, NULL, 10007, 2076, 16, 16),
(375, '2015-09-18 08:15:00', '2015-09-18 09:45:00', 0, 'TD', 6, 0, NULL, 10013, 34, 6, 7),
(376, '2015-09-16 14:30:00', '2015-09-16 16:00:00', 0, 'TD', 6, 0, NULL, 10013, 3235, 7, 14),
(377, '2015-09-16 13:00:00', '2015-09-16 14:30:00', 0, 'TD', 6, 0, NULL, 10013, 3235, 8, 10),
(378, '2015-09-14 16:15:00', '2015-09-14 17:45:00', 0, 'TD', 6, 0, NULL, 10202, 17, 9, 4),
(379, '2015-09-18 14:30:00', '2015-09-18 16:00:00', 0, 'TP', 6, 0, NULL, 10202, 17, 9, 12),
(380, '2015-09-14 08:15:00', '2015-09-14 09:45:00', 0, 'TD', 6, 0, NULL, 10202, 5, 10, 7),
(381, '2015-09-14 16:15:00', '2015-09-14 17:45:00', 0, 'TP', 6, 0, NULL, 10202, 5, 10, 11),
(382, '2015-09-14 14:30:00', '2015-09-14 16:00:00', 0, 'TD', 6, 0, NULL, 10202, 32, 26, 7),
(383, '2015-09-17 08:15:00', '2015-09-17 09:45:00', 0, 'TP', 6, 0, NULL, 10202, 32, 26, 12),
(384, '2015-09-15 08:15:00', '2015-09-15 09:45:00', 0, 'TD', 6, 0, NULL, 10205, 2, 9, 11),
(385, '2015-09-18 08:15:00', '2015-09-18 09:45:00', 0, 'TP', 6, 0, NULL, 10205, 2, 9, 12),
(386, '2015-09-17 11:30:00', '2015-09-17 13:00:00', 0, 'TD', 6, 0, NULL, 10205, 3280, 10, 12),
(387, '2015-09-15 08:15:00', '2015-09-15 09:45:00', 0, 'TP', 6, 0, NULL, 10205, 3280, 10, 13),
(388, '2015-09-16 10:00:00', '2015-09-16 11:30:00', 0, 'TD', 6, 0, NULL, 10205, 2, 26, 12),
(389, '2015-09-16 08:15:00', '2015-09-16 09:45:00', 0, 'TP', 6, 0, NULL, 10205, 2, 26, 12),
(390, '2015-09-14 08:15:00', '2015-09-14 09:45:00', 0, 'TD', 6, 0, NULL, 10204, 7, 9, 12),
(391, '2015-09-16 08:15:00', '2015-09-16 09:45:00', 0, 'TD', 6, 0, '#8CC6D7', 10204, 1, 10, 8),
(392, '2015-09-16 16:15:00', '2015-09-16 17:45:00', 0, 'TD', 6, 0, NULL, 10204, 16, 26, 13),
(393, '2015-09-16 14:30:00', '2015-09-16 16:00:00', 0, 'TD', 6, 0, NULL, 10200, 16, 9, 12),
(394, '2015-09-16 14:30:00', '2015-09-16 16:00:00', 0, 'TD', 6, 0, NULL, 10200, 36, 10, 10),
(395, '2015-09-14 13:00:00', '2015-09-14 14:30:00', 0, 'TD', 6, 0, NULL, 10200, 17, 26, 12),
(396, '2015-09-16 10:00:00', '2015-09-16 11:30:00', 0, 'TD', 6, 0, NULL, 10203, 16, 9, 10),
(397, '2015-09-18 08:15:00', '2015-09-18 09:45:00', 0, 'TD', 6, 0, NULL, 10203, 17, 10, 8),
(398, '2015-09-18 08:15:00', '2015-09-18 09:45:00', 0, 'TD', 6, 0, NULL, 10203, 3353, 26, 13),
(399, '2015-09-14 13:00:00', '2015-09-14 14:30:00', 0, 'TD', 6, 0, '#8CC6D7', 10211, 3056, 9, 8),
(401, '2015-09-14 14:30:00', '2015-09-14 16:00:00', 0, 'TD', 6, 0, '#8CC6D7', 10211, 3056, 10, 8),
(402, '2015-10-06 16:15:00', '2015-10-06 17:45:00', 0, 'TP', 6, 0, '#8CC6D7', 10211, 3056, 10, 8),
(403, '2015-09-14 16:15:00', '2015-09-14 17:45:00', 0, 'TD', 6, 0, '#8CC6D7', 10211, 3056, 26, 8),
(404, '2015-09-17 11:30:00', '2015-09-17 13:00:00', 0, 'TP', 6, 0, NULL, 10211, 3056, 26, 8),
(405, '2015-09-14 10:00:00', '2015-09-14 11:30:00', 0, 'CM', 6, 0, NULL, 10208, 25, 3, 18),
(406, '2015-09-17 11:30:00', '2015-09-17 13:00:00', 0, 'TD', 6, 0, NULL, 10214, 27, 9, 9),
(407, '2015-09-16 16:15:00', '2015-09-16 17:45:00', 0, 'TD', 6, 0, '#8CC6D7', 10210, 27, 10, 12),
(408, '2015-09-15 08:15:00', '2015-09-15 09:45:00', 0, 'TD', 6, 0, NULL, 10210, 27, 26, 9),
(409, '2015-09-15 14:30:00', '2015-09-15 16:00:00', 0, 'TP', 6, 0, NULL, 10207, 38, 9, 10),
(410, '2015-09-15 10:00:00', '2015-09-15 11:30:00', 0, 'TP', 6, 0, NULL, 10207, 38, 10, 10),
(411, '2015-09-15 13:00:00', '2015-09-15 14:30:00', 0, 'TP', 6, 0, NULL, 10207, 38, 26, 10),
(413, '2015-09-17 08:15:00', '2015-09-17 09:45:00', 0, 'TD', 6, 0, NULL, 10206, 14, 9, 6),
(414, '2015-09-18 16:15:00', '2015-09-18 17:45:00', 0, 'TD', 6, 0, NULL, 10206, 14, 10, 5),
(415, '2015-09-18 14:30:00', '2015-09-18 16:00:00', 0, 'TD', 6, 0, NULL, 10206, 14, 26, 5),
(416, '2015-09-18 16:15:00', '2015-09-18 17:45:00', 0, 'TD', 6, 0, NULL, 10212, 3046, 9, 2015),
(417, '2015-09-18 14:30:00', '2015-09-18 16:00:00', 0, 'TD', 6, 0, NULL, 10212, 3226, 10, 7),
(418, '2015-09-18 16:15:00', '2015-09-18 17:45:00', 0, 'TD', 6, 0, NULL, 10212, 3226, 26, 7),
(419, '2015-09-16 16:15:00', '2015-09-16 17:45:00', 0, 'TD', 6, 0, NULL, 10209, 25, 9, 7),
(420, '2015-09-15 13:00:00', '2015-09-15 14:30:00', 0, 'TD', 6, 0, NULL, 10209, 25, 10, 7),
(421, '2015-09-15 14:30:00', '2015-09-15 16:00:00', 0, 'TD', 6, 0, NULL, 10209, 25, 26, 7),
(422, '2015-09-17 08:15:00', '2015-09-17 09:45:00', 0, 'TP', 6, 0, '#8CC6D7', 10012, 3056, 14, 8),
(423, '2015-09-17 10:00:00', '2015-09-17 11:30:00', 0, 'TP', 6, 0, '#8CC6D7', 10012, 3056, 15, 8),
(424, '2015-09-15 08:15:00', '2015-09-15 09:45:00', 0, 'TP', 6, 0, '#8CC6D7', 10012, 3056, 16, 8),
(425, '2015-09-14 14:30:00', '2015-09-14 16:00:00', 0, 'TD', 6, 0, NULL, 10208, 25, 9, 4),
(426, '2015-09-14 13:00:00', '2015-09-14 14:30:00', 0, 'TD', 6, 0, NULL, 10208, 25, 10, 4),
(427, '2015-09-15 10:00:00', '2015-09-15 11:30:00', 0, 'TD', 6, 0, NULL, 10208, 25, 26, 5),
(428, '2015-09-16 10:00:00', '2015-09-16 11:30:00', 0, 'TD', 6, 0, NULL, 10002, 5, 6, 4),
(429, '2015-09-15 13:00:00', '2015-09-15 14:30:00', 0, 'TP', 6, 0, NULL, 10002, 5, 11, 14),
(430, '2015-09-15 14:30:00', '2015-09-15 16:00:00', 0, 'TP', 6, 0, NULL, 10002, 5, 11, 14),
(431, '2015-09-15 14:30:00', '2015-09-15 16:00:00', 0, 'TP', 6, 0, NULL, 10002, 3280, 14, 11),
(432, '2015-09-15 16:15:00', '2015-09-15 17:45:00', 0, 'TP', 6, 0, NULL, 10002, 3280, 14, 11),
(433, '2015-09-14 16:15:00', '2015-09-14 17:45:00', 0, 'TD', 6, 0, NULL, 10002, 2091, 7, 5),
(434, '2015-09-18 14:30:00', '2015-09-18 16:00:00', 0, 'TP', 6, 0, NULL, 10002, 2091, 12, 16),
(435, '2015-09-18 16:15:00', '2015-09-18 17:45:00', 0, 'TP', 6, 0, NULL, 10002, 2091, 12, 16),
(436, '2015-09-18 13:00:00', '2015-09-18 14:30:00', 0, 'TP', 6, 0, NULL, 10002, 11, 15, 15),
(437, '2015-09-18 14:30:00', '2015-09-18 16:00:00', 0, 'TP', 6, 0, NULL, 10002, 11, 15, 15),
(438, '2015-09-18 14:30:00', '2015-09-18 16:00:00', 0, 'TP', 6, 0, NULL, 10002, 3280, 16, 17),
(439, '2015-09-18 16:15:00', '2015-09-18 17:45:00', 0, 'TP', 6, 0, NULL, 10002, 3280, 16, 17),
(440, '2015-09-18 13:00:00', '2015-09-18 14:30:00', 0, 'TP', 6, 0, NULL, 10002, 3084, 13, 14),
(441, '2015-09-18 14:30:00', '2015-09-18 16:00:00', 0, 'TP', 6, 0, NULL, 10002, 3084, 13, 14),
(442, '2015-09-17 08:15:00', '2015-09-17 09:45:00', 0, 'TD', 6, 0, NULL, 10002, 3084, 8, 7),
(443, '2015-09-16 16:15:00', '2015-09-16 17:45:00', 0, 'TD', 6, 0, NULL, 10002, 5, 6, 5),
(444, '2015-09-14 14:30:00', '2015-09-14 16:00:00', 0, 'TD', 6, 0, NULL, 10002, 2091, 7, 5),
(445, '2015-09-17 10:00:00', '2015-09-17 11:30:00', 0, 'TD', 6, 0, NULL, 10002, 3084, 8, 7),
(446, '2015-09-15 13:00:00', '2015-09-15 14:30:00', 0, 'CM', 6, 0, NULL, 31, 14, 4, 2015),
(447, '2015-09-15 14:30:00', '2015-09-15 16:00:00', 0, 'CM', 6, 0, NULL, 31, 14, 4, 2015),
(448, '2015-09-14 13:00:00', '2015-09-14 14:30:00', 0, 'CM', 6, 0, NULL, 25, 5, 4, 13),
(449, '2015-09-14 14:30:00', '2015-09-14 16:00:00', 0, 'CM', 6, 0, NULL, 25, 5, 4, 13),
(450, '2015-09-16 13:00:00', '2015-09-16 14:30:00', 0, 'TP', 6, 0, NULL, 25, 5, 4, 13),
(451, '2015-09-16 14:30:00', '2015-09-16 16:00:00', 0, 'TP', 6, 0, NULL, 25, 5, 4, 13),
(452, '2015-09-16 08:15:00', '2015-09-16 09:45:00', 0, 'TD', 6, 0, NULL, 27, 7, 4, 13),
(453, '2015-09-16 10:00:00', '2015-09-16 11:30:00', 0, 'TD', 6, 0, NULL, 27, 7, 4, 13),
(454, '2015-09-14 08:15:00', '2015-09-14 09:45:00', 0, 'TD', 6, 0, NULL, 2144, 2, 4, 10),
(455, '2015-09-14 10:00:00', '2015-09-14 11:30:00', 0, 'TD', 6, 0, NULL, 2144, 2, 4, 10),
(456, '2015-09-15 10:00:00', '2015-09-15 11:30:00', 0, 'TD', 6, 0, NULL, 10210, 27, 9, 9),
(457, '2015-09-17 08:15:00', '2015-09-17 09:45:00', 0, 'TD', 6, 0, NULL, 10214, 27, 10, 9),
(458, '2015-09-16 14:30:00', '2015-09-16 16:00:00', 0, 'TD', 6, 0, NULL, 10214, 27, 26, 9),
(459, '2015-09-15 16:15:00', '2015-09-15 17:45:00', 0, 'TP', 6, 0, NULL, 10004, 2092, 12, 14),
(460, '2015-09-15 16:15:00', '2015-09-15 17:45:00', 0, 'TP', 6, 0, '#8CC6D7', 10004, 6, 15, 17),
(461, '2015-09-14 16:15:00', '2015-09-14 17:45:00', 0, 'TP', 6, 0, NULL, 10004, 6, 13, 16),
(462, '2015-09-14 16:15:00', '2015-09-14 17:45:00', 0, 'TP', 6, 0, '#8CC6D7', 10004, 2092, 16, 14),
(463, '2015-09-17 11:30:00', '2015-09-17 13:00:00', 0, 'CM', 6, 0, NULL, 10001, 3084, 2, 18),
(464, '2015-09-16 08:15:00', '2015-09-16 09:45:00', 0, 'CM', 6, 0, NULL, 10004, 6, 2, 18),
(465, '2015-09-16 13:00:00', '2015-09-16 14:30:00', 0, 'CM', 6, 0, NULL, 10204, 1, 3, 18),
(466, '2015-09-17 10:00:00', '2015-09-17 11:30:00', 0, 'CM', 6, 0, NULL, 10203, 16, 3, 18),
(467, '2015-09-18 10:00:00', '2015-09-18 11:30:00', 0, 'CM', 6, 0, '#8CC6D7', 10205, 2, 3, 18),
(468, '2015-09-16 08:15:00', '2015-09-16 09:45:00', 0, 'TP', 6, 0, NULL, 10200, 16, 9, 10),
(469, '2015-09-16 10:00:00', '2015-09-16 11:30:00', 0, 'TP', 6, 0, NULL, 10200, 36, 10, 8),
(470, '2015-09-14 08:15:00', '2015-09-14 09:45:00', 0, 'TP', 6, 0, NULL, 10200, 17, 26, 13),
(471, '2015-09-15 08:15:00', '2015-09-15 09:45:00', 0, 'TD', 6, 0, NULL, 26, 17, 4, 12),
(472, '2015-09-15 10:00:00', '2015-09-15 11:00:00', 0, 'TD', 4, 0, NULL, 26, 17, 4, 12),
(473, '2015-09-11 13:00:00', '2015-09-11 14:30:00', NULL, 'TD', 6, 0, NULL, 10001, 3282, 6, 4),
(474, '2015-09-18 13:00:00', '2015-09-18 14:30:00', NULL, 'TD', 6, 0, NULL, 10001, 3282, 6, 4),
(477, '2015-09-09 16:15:00', '2015-09-09 17:45:00', NULL, 'TD', 6, 0, NULL, 29, 3235, 4, 9),
(478, '2015-09-16 16:15:00', '2015-09-16 17:45:00', NULL, 'TD', 6, 0, NULL, 29, 3235, 4, 10),
(479, '2015-09-03 15:15:00', '2015-09-03 16:45:00', NULL, 'CM', 6, 0, NULL, 10200, 36, 3, 18),
(480, '2015-09-02 10:00:00', '2015-09-02 11:30:00', NULL, 'CM', 6, 0, NULL, 10204, 1, 3, 18),
(481, '2015-09-02 14:30:00', '2015-09-02 16:00:00', NULL, 'CM', 6, 0, NULL, 10203, 16, 3, 18),
(482, '2015-09-03 08:15:00', '2015-09-03 09:45:00', NULL, 'CM', 6, 0, NULL, 10001, 3084, 2, 18),
(483, '2015-09-03 10:00:00', '2015-09-03 11:30:00', NULL, 'CM', 6, 0, NULL, 10001, 3084, 2, 18),
(484, '2015-09-02 08:15:00', '2015-09-02 09:45:00', NULL, 'CM', 6, 0, NULL, 10209, 25, 3, 18),
(485, '2015-09-02 13:00:00', '2015-09-02 14:30:00', NULL, 'CM', 6, 0, NULL, 10208, 25, 3, 18),
(486, '2015-09-03 13:30:00', '2015-09-03 15:00:00', NULL, 'CM', 6, 0, NULL, 10202, 32, 3, 18),
(487, '2015-09-04 13:00:00', '2015-09-04 16:00:00', NULL, 'CM', 12, 0, NULL, 10004, 6, 2, 18),
(488, '2015-09-04 10:00:00', '2015-09-04 11:30:00', NULL, 'CM', 6, 0, NULL, 10008, 14, 2, 18),
(489, '2015-09-04 08:15:00', '2015-09-04 09:45:00', NULL, 'CM', 6, 0, NULL, 10206, 14, 3, 18),
(493, '2015-08-31 10:00:00', '2015-08-31 11:00:00', NULL, '', 4, 0, NULL, 2130, NULL, 4, 7),
(495, '2015-09-03 09:45:00', '2015-09-03 11:15:00', NULL, 'CM', 6, 0, NULL, 20056, 1, 1002, 1000),
(496, '2015-09-04 08:15:00', '2015-09-04 09:45:00', NULL, 'TP', 6, 0, NULL, 20057, 2, 1026, 1008),
(497, '2015-09-04 09:45:00', '2015-09-04 11:15:00', NULL, 'TP', 6, 0, NULL, 20057, 2, 1015, 1008),
(527, '2015-09-07 09:45:00', '2015-09-07 11:15:00', NULL, 'TP', 6, 0, NULL, 20011, 41, 1012, 1009),
(529, '2015-09-07 11:30:00', '2015-09-07 13:00:00', NULL, 'TP', 6, 0, NULL, 20011, 41, 1008, 1009),
(531, '2015-09-07 14:15:00', '2015-09-07 15:45:00', NULL, 'TP', 6, 0, NULL, 20011, 41, 1010, 1009),
(535, '2015-09-24 08:15:00', '2015-09-24 09:45:00', 0, 'TD', 6, 0, NULL, 10001, 3280, 7, 5),
(536, '2015-09-25 08:15:00', '2015-09-25 09:45:00', 0, 'TD', 6, 0, NULL, 10001, 3084, 8, 5),
(537, '2015-09-25 14:30:00', '2015-09-25 16:00:00', 0, 'TP', 6, 0, NULL, 10001, 3282, 11, 11),
(538, '2015-09-25 10:00:00', '2015-09-25 11:30:00', 0, 'TP', 6, 0, NULL, 10001, 3279, 14, 17),
(539, '2015-09-25 13:00:00', '2015-09-25 14:30:00', 0, 'TP', 6, 0, NULL, 10001, 3280, 12, 16),
(540, '2015-09-25 08:15:00', '2015-09-25 09:45:00', 0, 'TP', 6, 0, NULL, 10001, 3279, 15, 17),
(541, '2015-09-25 16:15:00', '2015-09-25 17:45:00', 0, 'TP', 6, 0, NULL, 10001, 3084, 13, 11),
(542, '2015-09-25 10:00:00', '2015-09-25 11:30:00', 0, 'TP', 6, 0, NULL, 10001, 3280, 16, 15),
(543, '2015-09-21 13:00:00', '2015-09-21 14:30:00', 0, 'CM', 6, 0, NULL, 10002, 2091, 2, 18),
(544, '2015-09-25 16:15:00', '2015-09-25 17:45:00', 0, 'TD', 6, 0, NULL, 10004, 17, 6, 4),
(545, '2015-09-22 14:30:00', '2015-09-22 16:00:00', 0, 'TD', 6, 0, NULL, 10004, 2092, 7, 5),
(546, '2015-09-23 10:00:00', '2015-09-23 11:30:00', 0, 'TD', 6, 0, NULL, 10004, 6, 8, 5),
(547, '2015-09-25 10:00:00', '2015-09-25 11:30:00', 0, 'TP', 6, 0, NULL, 10004, 17, 11, 14),
(548, '2015-09-23 13:00:00', '2015-09-23 14:30:00', 0, 'TP', 6, 0, NULL, 10004, 6, 14, 17),
(549, '2015-09-21 10:00:00', '2015-09-21 11:30:00', 0, 'TD', 6, 0, NULL, 10005, 7, 6, 12),
(550, '2015-09-22 08:15:00', '2015-09-22 09:45:00', 0, 'TD', 6, 0, NULL, 10005, 5, 7, 5),
(551, '2015-09-21 10:00:00', '2015-09-21 11:30:00', 0, 'TD', 6, 0, NULL, 10005, 17, 8, 13),
(552, '2015-09-21 14:30:00', '2015-09-21 16:00:00', 0, 'TP', 6, 0, NULL, 10005, 7, 11, 14),
(553, '2015-09-25 14:30:00', '2015-09-25 16:00:00', 0, 'TP', 6, 0, NULL, 10005, 3345, 14, 10),
(554, '2015-09-22 10:00:00', '2015-09-22 11:30:00', 0, 'TP', 6, 0, NULL, 10005, 5, 12, 16),
(555, '2015-09-25 16:15:00', '2015-09-25 17:45:00', 0, 'TP', 6, 0, NULL, 10005, 3345, 15, 10),
(556, '2015-09-21 14:30:00', '2015-09-21 16:00:00', 0, 'TP', 6, 0, NULL, 10005, 17, 13, 16),
(557, '2015-09-25 13:00:00', '2015-09-25 14:30:00', 0, 'TP', 6, 0, NULL, 10005, 3353, 16, 17),
(559, '2015-09-23 16:15:00', '2015-09-23 17:45:00', 0, 'TD', 6, 0, NULL, 10012, 3354, 7, 8),
(560, '2015-09-23 14:30:00', '2015-09-23 16:00:00', 0, 'TD', 6, 0, NULL, 10012, 3354, 8, 8),
(561, '2015-09-24 10:00:00', '2015-09-24 11:30:00', 0, 'TD', 6, 0, NULL, 10008, 14, 6, 5),
(562, '2015-09-25 10:00:00', '2015-09-25 11:30:00', 0, 'TD', 6, 0, NULL, 10008, 14, 7, 7),
(563, '2015-09-22 10:00:00', '2015-09-22 11:30:00', 0, 'TD', 6, 0, NULL, 10008, 14, 8, 7),
(573, '2015-09-23 13:00:00', '2015-09-23 14:30:00', 0, 'TP', 6, 0, NULL, 10011, 27, 11, 9),
(574, '2015-09-22 13:00:00', '2015-09-22 14:30:00', 0, 'TP', 6, 0, NULL, 10011, 27, 14, 9),
(575, '2015-09-25 08:15:00', '2015-09-25 09:45:00', 0, 'TP', 6, 0, NULL, 10011, 27, 12, 9),
(576, '2015-09-23 10:00:00', '2015-09-23 11:30:00', 0, 'TP', 6, 0, NULL, 10011, 27, 15, 9),
(577, '2015-09-25 10:00:00', '2015-09-25 11:30:00', 0, 'TP', 6, 0, NULL, 10011, 27, 13, 9),
(578, '2015-09-22 16:15:00', '2015-09-22 17:45:00', 0, 'TP', 6, 0, NULL, 10011, 27, 16, 9),
(579, '2015-09-21 08:15:00', '2015-09-21 09:45:00', 0, 'CM', 6, 0, NULL, 10007, 1047, 2, 18),
(580, '2015-09-22 08:15:00', '2015-09-22 09:45:00', 0, 'TD', 6, 0, NULL, 10007, 1047, 6, 4),
(581, '2015-09-21 10:00:00', '2015-09-21 11:30:00', 0, 'TD', 6, 0, NULL, 10007, 1047, 7, 5),
(582, '2015-09-22 13:00:00', '2015-09-22 14:30:00', 0, 'TD', 6, 0, NULL, 10007, 2076, 8, 5),
(583, '2015-09-21 16:15:00', '2015-09-21 17:45:00', 0, 'TP', 6, 0, NULL, 10007, 1047, 11, 17),
(584, '2015-09-21 14:30:00', '2015-09-21 16:00:00', 0, 'TP', 6, 0, NULL, 10007, 1047, 14, 17),
(585, '2015-09-22 13:00:00', '2015-09-22 14:30:00', 0, 'TP', 6, 0, NULL, 10007, 1047, 12, 16),
(586, '2015-09-22 10:00:00', '2015-09-22 11:30:00', 0, 'TP', 6, 0, NULL, 10007, 1047, 15, 15),
(587, '2015-09-22 16:15:00', '2015-09-22 17:45:00', 0, 'TP', 6, 0, NULL, 10007, 2076, 13, 16),
(588, '2015-09-22 14:30:00', '2015-09-22 16:00:00', 0, 'TP', 6, 0, NULL, 10007, 2076, 16, 16),
(589, '2015-09-25 08:15:00', '2015-09-25 09:45:00', 0, 'TD', 6, 0, NULL, 10013, 34, 6, 12),
(590, '2015-09-23 14:30:00', '2015-09-23 16:00:00', 0, 'TD', 6, 0, NULL, 10013, 3235, 7, 14),
(591, '2015-09-23 13:00:00', '2015-09-23 14:30:00', 0, 'TD', 6, 0, NULL, 10013, 3235, 8, 10),
(592, '2015-09-21 16:15:00', '2015-09-21 17:45:00', 0, 'TD', 6, 0, NULL, 10202, 17, 9, 4),
(593, '2015-09-25 14:30:00', '2015-09-25 16:00:00', 0, 'TP', 6, 0, NULL, 10202, 17, 9, 12),
(594, '2015-09-21 08:15:00', '2015-09-21 09:45:00', 0, 'TD', 6, 0, NULL, 10202, 5, 10, 7),
(595, '2015-09-21 16:15:00', '2015-09-21 17:45:00', 0, 'TP', 6, 0, NULL, 10202, 5, 10, 11),
(596, '2015-09-21 14:30:00', '2015-09-21 16:00:00', 0, 'TD', 6, 0, NULL, 10202, 32, 26, 7),
(597, '2015-09-24 08:15:00', '2015-09-24 09:45:00', 0, 'TP', 6, 0, NULL, 10202, 32, 26, 12),
(598, '2015-09-22 14:30:00', '2015-09-22 16:00:00', 0, 'TD', 6, 0, '#8CC6D7', 10205, 2, 9, 10),
(599, '2015-09-25 08:15:00', '2015-09-25 09:45:00', 0, 'TP', 6, 0, NULL, 10205, 2, 9, 13),
(600, '2015-09-24 11:30:00', '2015-09-24 13:00:00', 0, 'TD', 6, 0, NULL, 10205, 3280, 10, 12),
(601, '2015-09-22 08:15:00', '2015-09-22 09:45:00', 0, 'TP', 6, 0, NULL, 10205, 3280, 10, 13),
(602, '2015-09-23 10:00:00', '2015-09-23 11:30:00', 0, 'TD', 6, 0, NULL, 10205, 2, 26, 12),
(603, '2015-09-23 08:15:00', '2015-09-23 09:45:00', 0, 'TP', 6, 0, NULL, 10205, 2, 26, 12),
(604, '2015-09-21 08:15:00', '2015-09-21 09:45:00', 0, 'TD', 6, 0, NULL, 10204, 7, 9, 12),
(605, '2015-09-23 16:15:00', '2015-09-23 17:45:00', 0, 'TD', 6, 0, NULL, 10204, 1, 10, 10),
(606, '2015-09-23 16:15:00', '2015-09-23 17:45:00', 0, 'TD', 6, 0, NULL, 10204, 16, 26, 13),
(607, '2015-09-23 14:30:00', '2015-09-23 16:00:00', 0, 'TD', 6, 0, NULL, 10200, 16, 9, 12),
(608, '2015-09-23 14:30:00', '2015-09-23 16:00:00', 0, 'TD', 6, 0, NULL, 10200, 36, 10, 10),
(609, '2015-09-21 13:00:00', '2015-09-21 14:30:00', 0, 'TD', 6, 0, NULL, 10200, 17, 26, 12),
(610, '2015-09-23 10:00:00', '2015-09-23 11:30:00', 0, 'TD', 6, 0, NULL, 10203, 16, 9, 8),
(611, '2015-09-25 08:15:00', '2015-09-25 09:45:00', 0, 'TD', 6, 0, NULL, 10203, 17, 10, 8),
(612, '2015-09-25 08:15:00', '2015-09-25 09:45:00', 0, 'TD', 6, 0, NULL, 10203, 3353, 26, 10),
(613, '2015-09-21 13:00:00', '2015-09-21 14:30:00', 0, 'TD', 6, 0, NULL, 10211, 3271, 9, 8),
(614, '2015-09-22 13:00:00', '2015-09-22 14:30:00', 0, 'TP', 6, 0, NULL, 10211, 3056, 9, 8),
(615, '2015-09-21 14:30:00', '2015-09-21 16:00:00', 0, 'TD', 6, 0, NULL, 10211, 3271, 10, 8),
(616, '2015-09-22 14:30:00', '2015-09-22 16:00:00', 0, 'TP', 6, 0, NULL, 10211, 3056, 10, 8),
(617, '2015-09-21 16:15:00', '2015-09-21 17:45:00', 0, 'TD', 6, 0, NULL, 10211, 3271, 26, 8),
(618, '2015-09-24 11:30:00', '2015-09-24 13:00:00', 0, 'TP', 6, 0, NULL, 10211, 3056, 26, 8),
(619, '2015-09-21 10:00:00', '2015-09-21 11:30:00', 0, 'CM', 6, 0, NULL, 10208, 25, 3, 18),
(620, '2015-09-24 11:30:00', '2015-09-24 13:00:00', 0, 'TD', 6, 0, NULL, 10214, 27, 9, 10),
(621, '2015-09-23 08:15:00', '2015-09-23 09:45:00', 0, 'TD', 6, 0, NULL, 10210, 27, 10, 8),
(623, '2015-09-22 08:15:00', '2015-09-22 09:45:00', 0, 'TP', 6, 0, '#8CC6D7', 10207, 38, 9, 10),
(624, '2015-09-22 10:00:00', '2015-09-22 11:30:00', 0, 'TP', 6, 0, NULL, 10207, 38, 10, 10),
(625, '2015-10-06 16:15:00', '2015-10-06 17:45:00', 0, 'TP', 6, 0, '#8CC6D7', 10207, 38, 26, 10),
(626, '2015-09-25 13:00:00', '2015-09-25 14:30:00', 0, 'CM', 6, 0, NULL, 10206, 14, 3, 18),
(627, '2015-09-24 08:15:00', '2015-09-24 09:45:00', 0, 'TD', 6, 0, NULL, 10206, 14, 9, 4),
(628, '2015-09-25 16:15:00', '2015-09-25 17:45:00', 0, 'TD', 6, 0, NULL, 10206, 14, 10, 5),
(629, '2015-09-25 14:30:00', '2015-09-25 16:00:00', 0, 'TD', 6, 0, NULL, 10206, 14, 26, 5),
(630, '2015-09-25 16:15:00', '2015-09-25 17:45:00', 0, 'TD', 6, 0, NULL, 10212, 3046, 9, 2015),
(631, '2015-09-25 14:30:00', '2015-09-25 16:00:00', 0, 'TD', 6, 0, NULL, 10212, 3226, 10, 7),
(632, '2015-09-25 16:15:00', '2015-09-25 17:45:00', 0, 'TD', 6, 0, NULL, 10212, 3226, 26, 7),
(633, '2015-09-23 16:15:00', '2015-09-23 17:45:00', 0, 'TD', 6, 0, NULL, 10209, 25, 9, 7),
(634, '2015-09-22 13:00:00', '2015-09-22 14:30:00', 0, 'TD', 6, 0, NULL, 10209, 25, 10, 7),
(635, '2015-09-22 14:30:00', '2015-09-22 16:00:00', 0, 'TD', 6, 0, NULL, 10209, 25, 26, 7),
(636, '2015-09-24 08:15:00', '2015-09-24 09:45:00', 0, 'TP', 6, 0, NULL, 10012, 3056, 11, 8),
(637, '2015-09-24 10:00:00', '2015-09-24 11:30:00', 0, 'TP', 6, 0, NULL, 10012, 3056, 12, 8),
(638, '2015-09-22 08:15:00', '2015-09-22 09:45:00', 0, 'TP', 6, 0, NULL, 10012, 3056, 13, 8),
(639, '2015-09-21 14:30:00', '2015-09-21 16:00:00', 0, 'TD', 6, 0, NULL, 10208, 25, 9, 10),
(640, '2015-09-21 13:00:00', '2015-09-21 14:30:00', 0, 'TD', 6, 0, NULL, 10208, 25, 10, 10),
(641, '2015-09-22 10:00:00', '2015-09-22 11:30:00', 0, 'TD', 6, 0, NULL, 10208, 25, 26, 13),
(642, '2015-09-23 10:00:00', '2015-09-23 11:30:00', 0, 'TD', 6, 0, NULL, 10002, 5, 6, 4),
(643, '2015-09-22 13:00:00', '2015-09-22 14:30:00', 0, 'TP', 6, 0, NULL, 10002, 5, 11, 14),
(644, '2015-09-22 14:30:00', '2015-09-22 16:00:00', 0, 'TP', 6, 0, NULL, 10002, 5, 11, 14),
(645, '2015-09-22 14:30:00', '2015-09-22 16:00:00', 0, 'TP', 6, 0, NULL, 10002, 3280, 14, 11),
(646, '2015-09-22 16:15:00', '2015-09-22 17:45:00', 0, 'TP', 6, 0, NULL, 10002, 3280, 14, 11),
(647, '2015-09-21 16:15:00', '2015-09-21 17:45:00', 0, 'TD', 6, 0, NULL, 10002, 2091, 7, 5),
(648, '2015-09-25 14:30:00', '2015-09-25 16:00:00', 0, 'TP', 6, 0, NULL, 10002, 2091, 12, 16),
(649, '2015-09-25 16:15:00', '2015-09-25 17:45:00', 0, 'TP', 6, 0, NULL, 10002, 2091, 12, 16),
(650, '2015-09-25 13:00:00', '2015-09-25 14:30:00', 0, 'TP', 6, 0, NULL, 10002, 11, 15, 15),
(651, '2015-09-25 14:30:00', '2015-09-25 16:00:00', 0, 'TP', 6, 0, NULL, 10002, 11, 15, 15),
(652, '2015-09-25 14:30:00', '2015-09-25 16:00:00', 0, 'TP', 6, 0, NULL, 10002, 3280, 16, 17),
(653, '2015-09-25 16:15:00', '2015-09-25 17:45:00', 0, 'TP', 6, 0, NULL, 10002, 3280, 16, 17),
(654, '2015-09-25 13:00:00', '2015-09-25 14:30:00', 0, 'TP', 6, 0, NULL, 10002, 3084, 13, 14),
(655, '2015-09-25 14:30:00', '2015-09-25 16:00:00', 0, 'TP', 6, 0, NULL, 10002, 3084, 13, 14),
(656, '2015-09-24 08:15:00', '2015-09-24 09:45:00', 0, 'TD', 6, 0, NULL, 10002, 3084, 8, 7),
(657, '2015-09-23 16:15:00', '2015-09-23 17:45:00', 0, 'TD', 6, 0, NULL, 10002, 5, 6, 5),
(658, '2015-09-21 14:30:00', '2015-09-21 16:00:00', 0, 'TD', 6, 0, NULL, 10002, 2091, 7, 5),
(659, '2015-09-24 10:00:00', '2015-09-24 11:30:00', 0, 'TD', 6, 0, NULL, 10002, 3084, 8, 7),
(660, '2015-09-22 13:00:00', '2015-09-22 14:30:00', 0, 'TD', 6, 0, NULL, 31, 14, 4, 2015),
(661, '2015-09-22 14:30:00', '2015-09-22 16:00:00', 0, 'TD', 6, 0, NULL, 31, 14, 4, 2015),
(662, '2015-09-21 13:00:00', '2015-09-21 14:30:00', 0, 'TD', 6, 0, NULL, 25, 5, 4, 13),
(663, '2015-09-21 14:30:00', '2015-09-21 16:00:00', 0, 'TD', 6, 0, NULL, 25, 5, 4, 13),
(664, '2015-09-23 13:00:00', '2015-09-23 14:30:00', 0, 'TP', 6, 0, NULL, 25, 5, 4, 13),
(665, '2015-09-23 14:30:00', '2015-09-23 16:00:00', 0, 'TP', 6, 0, NULL, 25, 5, 4, 13),
(666, '2015-09-23 08:15:00', '2015-09-23 09:45:00', 0, 'TD', 6, 0, NULL, 27, 7, 4, 2015),
(667, '2015-09-23 10:00:00', '2015-09-23 11:30:00', 0, 'TD', 6, 0, NULL, 27, 7, 4, 13),
(668, '2015-09-21 08:15:00', '2015-09-21 09:45:00', 0, 'TD', 6, 0, NULL, 2144, 2, 4, 10),
(669, '2015-09-21 10:00:00', '2015-09-21 11:30:00', 0, 'TD', 6, 0, NULL, 2144, 2, 4, 10),
(670, '2015-09-22 10:00:00', '2015-09-22 11:30:00', 0, 'TD', 6, 0, NULL, 10210, 27, 9, 1),
(671, '2015-09-24 08:15:00', '2015-09-24 09:45:00', 0, 'TD', 6, 0, NULL, 10214, 27, 10, 10),
(672, '2015-09-23 14:30:00', '2015-09-23 16:00:00', 0, 'TD', 6, 0, NULL, 10214, 27, 26, 9),
(673, '2015-09-22 16:15:00', '2015-09-22 17:45:00', 0, 'TP', 6, 0, NULL, 10004, 2092, 12, 14),
(674, '2015-09-22 16:15:00', '2015-09-22 17:45:00', 0, 'TP', 6, 0, NULL, 10004, 3088, 15, 17),
(675, '2015-09-21 16:15:00', '2015-09-21 17:45:00', 0, 'TP', 6, 0, NULL, 10004, 6, 13, 16),
(676, '2015-09-21 16:15:00', '2015-09-21 17:45:00', 0, 'TP', 6, 0, NULL, 10004, 3088, 16, 14),
(677, '2015-09-24 11:30:00', '2015-09-24 13:00:00', 0, 'CM', 6, 0, NULL, 10008, 14, 2, 18),
(679, '2015-09-23 13:00:00', '2015-09-23 14:30:00', 0, 'CM', 6, 0, NULL, 10209, 25, 3, 18),
(680, '2015-09-24 10:00:00', '2015-09-24 11:30:00', 0, 'CM', 6, 0, NULL, 10202, 32, 3, 18),
(681, '2015-09-25 10:00:00', '2015-09-25 11:30:00', 0, 'CM', 6, 0, '#8CC6D7', 10200, 36, 3, 18),
(682, '2015-09-23 08:15:00', '2015-09-23 09:45:00', 0, 'TP', 6, 0, NULL, 10209, 25, 9, 10),
(683, '2015-09-23 10:00:00', '2015-09-23 11:30:00', 0, 'TP', 6, 0, NULL, 10209, 25, 10, 10),
(684, '2015-09-21 08:15:00', '2015-09-21 09:45:00', 0, 'TP', 6, 0, NULL, 10209, 25, 26, 13),
(685, '2015-09-22 08:30:00', '2015-09-22 10:00:00', 0, 'TD', 6, 0, '#8CC6D7', 26, 17, 4, 12),
(686, '2015-09-22 10:00:00', '2015-09-22 11:30:00', 0, 'TD', 6, 0, NULL, 26, 17, 4, 12),
(687, '2015-09-25 13:00:00', '2015-09-25 14:30:00', 0, 'TD', 6, 0, NULL, 10001, 3282, 6, 4),
(688, '2015-09-23 16:15:00', '2015-09-23 17:45:00', 0, 'TD', 6, 0, NULL, 29, 3235, 4, 12),
(689, '2015-10-01 08:15:00', '2015-10-01 09:45:00', 0, 'TD', 6, 0, NULL, 10001, 3280, 7, 5),
(690, '2015-10-02 08:15:00', '2015-10-02 09:45:00', 0, 'TD', 6, 0, NULL, 10001, 3084, 8, 5),
(691, '2015-10-02 14:30:00', '2015-10-02 16:00:00', 0, 'TP', 6, 0, NULL, 10001, 3282, 11, 11),
(692, '2015-10-02 10:00:00', '2015-10-02 11:30:00', 0, 'TP', 6, 0, NULL, 10001, 3279, 14, 17),
(693, '2015-10-02 13:00:00', '2015-10-02 14:30:00', 0, 'TP', 6, 0, NULL, 10001, 3280, 12, 16),
(694, '2015-10-02 08:15:00', '2015-10-02 09:45:00', 0, 'TP', 6, 0, NULL, 10001, 3279, 15, 17),
(695, '2015-10-02 16:15:00', '2015-10-02 17:45:00', 0, 'TP', 6, 0, NULL, 10001, 3084, 13, 14),
(696, '2015-10-02 10:00:00', '2015-10-02 11:30:00', 0, 'TP', 6, 0, NULL, 10001, 3280, 16, 15),
(697, '2015-09-28 13:00:00', '2015-09-28 14:30:00', 0, 'CM', 6, 0, NULL, 10002, 2091, 2, 18),
(698, '2015-10-02 16:15:00', '2015-10-02 17:45:00', 0, 'TD', 6, 0, NULL, 10004, 17, 6, 4),
(699, '2015-09-29 14:30:00', '2015-09-29 16:00:00', 0, 'TD', 6, 0, NULL, 10004, 2092, 7, 5),
(700, '2015-09-30 10:00:00', '2015-09-30 11:30:00', 0, 'TD', 6, 0, NULL, 10004, 6, 8, 5),
(701, '2015-10-02 10:00:00', '2015-10-02 11:30:00', 0, 'TP', 6, 0, NULL, 10004, 17, 11, 14),
(702, '2015-09-30 13:00:00', '2015-09-30 14:30:00', 0, 'TP', 6, 0, NULL, 10004, 6, 14, 17),
(703, '2015-09-28 10:00:00', '2015-09-28 11:30:00', 0, 'TD', 6, 0, NULL, 10005, 7, 6, 12),
(704, '2015-09-29 08:15:00', '2015-09-29 09:45:00', 0, 'TD', 6, 0, NULL, 10005, 5, 7, 13),
(705, '2015-09-28 10:00:00', '2015-09-28 11:30:00', 0, 'TD', 6, 0, NULL, 10005, 17, 8, 13),
(706, '2015-09-28 14:30:00', '2015-09-28 16:00:00', 0, 'TP', 6, 0, NULL, 10005, 7, 11, 14),
(707, '2015-10-02 14:30:00', '2015-10-02 16:00:00', 0, 'TP', 6, 0, NULL, 10005, 3345, 14, 10),
(708, '2015-09-29 10:00:00', '2015-09-29 11:30:00', 0, 'TP', 6, 0, NULL, 10005, 5, 12, 16),
(709, '2015-10-02 16:15:00', '2015-10-02 17:45:00', 0, 'TP', 6, 0, NULL, 10005, 3345, 15, 10),
(710, '2015-09-28 14:30:00', '2015-09-28 16:00:00', 0, 'TP', 6, 0, NULL, 10005, 17, 13, 16),
(711, '2015-10-02 13:00:00', '2015-10-02 14:30:00', 0, 'TP', 6, 0, NULL, 10005, 3353, 16, 17),
(713, '2015-09-30 16:15:00', '2015-09-30 17:45:00', 0, 'TD', 6, 0, NULL, 10012, 3354, 7, 8),
(714, '2015-09-30 14:30:00', '2015-09-30 16:00:00', 0, 'TD', 6, 0, NULL, 10012, 3354, 8, 8),
(715, '2015-10-01 10:00:00', '2015-10-01 11:30:00', 0, 'TD', 6, 0, NULL, 10008, 14, 6, 5),
(716, '2015-10-02 10:00:00', '2015-10-02 11:30:00', 0, 'TD', 6, 0, NULL, 10008, 14, 7, 7),
(717, '2015-09-29 10:00:00', '2015-09-29 11:30:00', 0, 'TD', 6, 0, NULL, 10008, 14, 8, 7),
(727, '2015-09-30 13:00:00', '2015-09-30 14:30:00', 0, 'TP', 6, 0, NULL, 10011, 27, 11, 9),
(728, '2015-09-29 13:00:00', '2015-09-29 14:30:00', 0, 'TP', 6, 0, NULL, 10011, 27, 14, 9),
(729, '2015-10-02 08:15:00', '2015-10-02 09:45:00', 0, 'TP', 6, 0, NULL, 10011, 27, 12, 9),
(730, '2015-09-30 10:00:00', '2015-09-30 11:30:00', 0, 'TP', 6, 0, NULL, 10011, 27, 15, 9),
(731, '2015-10-02 10:00:00', '2015-10-02 11:30:00', 0, 'TP', 6, 0, NULL, 10011, 27, 13, 9),
(732, '2015-09-29 16:15:00', '2015-09-29 17:45:00', 0, 'TP', 6, 0, NULL, 10011, 27, 16, 9),
(733, '2015-09-28 08:15:00', '2015-09-28 09:45:00', 0, 'CM', 6, 0, NULL, 10007, 1047, 2, 18),
(734, '2015-09-29 08:15:00', '2015-09-29 09:45:00', 0, 'TD', 6, 0, NULL, 10007, 1047, 6, 4),
(735, '2015-09-28 10:00:00', '2015-09-28 11:30:00', 0, 'TD', 6, 0, NULL, 10007, 1047, 7, 5),
(736, '2015-09-29 13:00:00', '2015-09-29 14:30:00', 0, 'TD', 6, 0, NULL, 10007, 2076, 8, 5),
(737, '2015-09-28 16:15:00', '2015-09-28 17:45:00', 0, 'TP', 6, 0, NULL, 10007, 1047, 11, 17),
(738, '2015-09-28 14:30:00', '2015-09-28 16:00:00', 0, 'TP', 6, 0, NULL, 10007, 1047, 14, 17),
(739, '2015-09-29 13:00:00', '2015-09-29 14:30:00', 0, 'TP', 6, 0, NULL, 10007, 1047, 12, 16),
(740, '2015-09-29 10:00:00', '2015-09-29 11:30:00', 0, 'TP', 6, 0, NULL, 10007, 1047, 15, 15),
(741, '2015-09-29 16:15:00', '2015-09-29 17:45:00', 0, 'TP', 6, 0, NULL, 10007, 2076, 13, 16),
(742, '2015-09-29 14:30:00', '2015-09-29 16:00:00', 0, 'TP', 6, 0, NULL, 10007, 2076, 16, 16),
(743, '2015-09-30 10:00:00', '2015-09-30 11:30:00', 0, 'TD', 6, 0, '#8CC6D7', 10013, 34, 6, 13),
(744, '2015-09-30 14:30:00', '2015-09-30 16:00:00', 0, 'TD', 6, 0, NULL, 10013, 3235, 7, 13),
(745, '2015-09-30 13:00:00', '2015-09-30 14:30:00', 0, 'TD', 6, 0, NULL, 10013, 3235, 8, 13),
(746, '2015-09-28 08:15:00', '2015-09-28 09:45:00', 0, 'TD', 6, 0, '#8CC6D7', 10202, 17, 9, 4),
(747, '2015-10-02 14:30:00', '2015-10-02 16:00:00', 0, 'TP', 6, 0, NULL, 10202, 17, 9, 12),
(748, '2015-09-28 08:15:00', '2015-09-28 09:45:00', 0, 'TD', 6, 0, NULL, 10202, 5, 10, 7),
(749, '2015-09-28 16:15:00', '2015-09-28 17:45:00', 0, 'TP', 6, 0, NULL, 10202, 5, 10, 11),
(750, '2015-09-28 08:15:00', '2015-09-28 09:45:00', 0, 'TD', 6, 0, '#8CC6D7', 10202, 32, 26, 5),
(751, '2015-09-28 14:30:00', '2015-09-28 16:00:00', 0, 'TP', 6, 0, NULL, 10202, 32, 26, 12),
(752, '2015-09-29 08:15:00', '2015-09-29 09:45:00', 0, 'TD', 6, 0, NULL, 10205, 2, 9, 10),
(753, '2015-10-02 08:15:00', '2015-10-02 09:45:00', 0, 'TP', 6, 0, NULL, 10205, 2, 9, 12),
(754, '2015-10-01 11:30:00', '2015-10-01 13:00:00', 0, 'TD', 6, 0, NULL, 10205, 3280, 10, 12),
(755, '2015-09-29 08:15:00', '2015-09-29 09:45:00', 0, 'TP', 6, 0, NULL, 10205, 3280, 10, 11),
(756, '2015-09-30 10:00:00', '2015-09-30 11:30:00', 0, 'TD', 6, 0, NULL, 10205, 2, 26, 12),
(757, '2015-09-30 08:15:00', '2015-09-30 09:45:00', 0, 'TP', 6, 0, NULL, 10205, 2, 26, 12),
(758, '2015-09-28 16:15:00', '2015-09-28 17:45:00', 0, 'TD', 6, 0, '#8CC6D7', 10204, 7, 9, 12),
(759, '2015-09-30 16:15:00', '2015-09-30 17:45:00', 0, 'TD', 6, 0, NULL, 10204, 1, 10, 10),
(760, '2015-09-30 13:00:00', '2015-09-30 14:30:00', 0, 'TD', 6, 0, '#8CC6D7', 10204, 16, 26, 12),
(761, '2015-09-30 14:30:00', '2015-09-30 16:00:00', 0, 'TD', 6, 0, NULL, 10200, 16, 9, 12),
(762, '2015-09-30 14:30:00', '2015-09-30 16:00:00', 0, 'TD', 6, 0, NULL, 10200, 36, 10, 10),
(763, '2015-09-28 13:00:00', '2015-09-28 14:30:00', 0, 'TD', 6, 0, NULL, 10200, 17, 26, 12),
(764, '2015-09-30 10:00:00', '2015-09-30 11:30:00', 0, 'TD', 6, 0, NULL, 10203, 16, 9, 10),
(765, '2015-10-02 08:15:00', '2015-10-02 09:45:00', 0, 'TD', 6, 0, NULL, 10203, 17, 10, 8),
(766, '2015-10-02 08:15:00', '2015-10-02 09:45:00', 0, 'TD', 6, 0, NULL, 10203, 3353, 26, 13),
(767, '2015-09-28 13:00:00', '2015-09-28 14:30:00', 0, 'TD', 6, 0, NULL, 10211, 3271, 9, 8),
(768, '2015-09-29 13:00:00', '2015-09-29 14:30:00', 0, 'TP', 6, 0, NULL, 10211, 3056, 9, 8),
(769, '2015-09-28 14:30:00', '2015-09-28 16:00:00', 0, 'TD', 6, 0, NULL, 10211, 3271, 10, 8),
(770, '2015-09-29 14:30:00', '2015-09-29 16:00:00', 0, 'TP', 6, 0, NULL, 10211, 3056, 10, 8),
(771, '2015-09-28 16:15:00', '2015-09-28 17:45:00', 0, 'TD', 6, 0, NULL, 10211, 3271, 26, 8),
(772, '2015-10-01 11:30:00', '2015-10-01 13:00:00', 0, 'TP', 6, 0, NULL, 10211, 3056, 26, 8),
(773, '2015-09-28 10:00:00', '2015-09-28 11:30:00', 0, 'CM', 6, 0, NULL, 10208, 25, 3, 18),
(774, '2015-10-01 11:30:00', '2015-10-01 13:00:00', 0, 'TD', 6, 0, NULL, 10214, 27, 9, 9),
(775, '2015-09-30 08:15:00', '2015-09-30 09:45:00', 0, 'TD', 6, 0, NULL, 10210, 27, 10, 8),
(776, '2015-09-29 08:15:00', '2015-09-29 09:45:00', 0, 'TD', 6, 0, NULL, 10210, 27, 26, 9),
(777, '2015-09-29 14:30:00', '2015-09-29 16:00:00', 0, 'TP', 6, 0, NULL, 10207, 38, 9, 10),
(778, '2015-09-29 10:00:00', '2015-09-29 11:30:00', 0, 'TP', 6, 0, NULL, 10207, 38, 10, 10),
(779, '2015-09-29 13:00:00', '2015-09-29 14:30:00', 0, 'TP', 6, 0, NULL, 10207, 38, 26, 10),
(780, '2015-10-02 13:00:00', '2015-10-02 14:30:00', 0, 'CM', 6, 0, NULL, 10206, 14, 3, 18),
(781, '2015-10-01 08:15:00', '2015-10-01 09:45:00', 0, 'TD', 6, 0, NULL, 10206, 14, 9, 6),
(782, '2015-10-02 16:15:00', '2015-10-02 17:45:00', 0, 'TD', 6, 0, NULL, 10206, 14, 10, 5);
INSERT INTO `lesson` (`id`, `start`, `end`, `num`, `type`, `duration`, `manual`, `color`, `course_id`, `teacher_id`, `groupe_id`, `room_id`) VALUES
(783, '2015-10-02 14:30:00', '2015-10-02 16:00:00', 0, 'TD', 6, 0, NULL, 10206, 14, 26, 5),
(784, '2015-10-02 16:15:00', '2015-10-02 17:45:00', 0, 'TD', 6, 0, NULL, 10212, 3046, 9, 2015),
(785, '2015-10-02 14:30:00', '2015-10-02 16:00:00', 0, 'TD', 6, 0, NULL, 10212, 3226, 10, 7),
(786, '2015-10-02 16:15:00', '2015-10-02 17:45:00', 0, 'TD', 6, 0, NULL, 10212, 3226, 26, 7),
(787, '2015-09-30 13:00:00', '2015-09-30 14:30:00', 0, 'TD', 6, 0, '#8CC6D7', 10209, 25, 9, 7),
(788, '2015-09-29 13:00:00', '2015-09-29 14:30:00', 0, 'TD', 6, 0, NULL, 10209, 25, 10, 7),
(789, '2015-09-29 14:30:00', '2015-09-29 16:00:00', 0, 'TD', 6, 0, NULL, 10209, 25, 26, 7),
(790, '2015-10-01 08:15:00', '2015-10-01 09:45:00', 0, 'TP', 6, 0, NULL, 10012, 3056, 14, 8),
(791, '2015-10-01 10:00:00', '2015-10-01 11:30:00', 0, 'TP', 6, 0, NULL, 10012, 3056, 15, 8),
(792, '2015-09-29 08:15:00', '2015-09-29 09:45:00', 0, 'TP', 6, 0, NULL, 10012, 3056, 16, 8),
(793, '2015-09-28 14:30:00', '2015-09-28 16:00:00', 0, 'TD', 6, 0, NULL, 10208, 25, 9, 4),
(794, '2015-09-28 13:00:00', '2015-09-28 14:30:00', 0, 'TD', 6, 0, NULL, 10208, 25, 10, 4),
(795, '2015-09-29 10:00:00', '2015-09-29 11:30:00', 0, 'TD', 6, 0, NULL, 10208, 25, 26, 5),
(796, '2015-10-02 08:15:00', '2015-10-02 09:45:00', 0, 'TD', 6, 0, '#8CC6D7', 10002, 5, 6, 4),
(797, '2015-09-29 13:00:00', '2015-09-29 14:30:00', 0, 'TP', 6, 0, NULL, 10002, 5, 11, 14),
(798, '2015-09-29 14:30:00', '2015-09-29 16:00:00', 0, 'TP', 6, 0, NULL, 10002, 5, 11, 14),
(799, '2015-09-29 14:30:00', '2015-09-29 16:00:00', 0, 'TP', 6, 0, NULL, 10002, 3280, 14, 11),
(800, '2015-09-29 16:15:00', '2015-09-29 17:45:00', 0, 'TP', 6, 0, NULL, 10002, 3280, 14, 11),
(801, '2015-09-28 16:15:00', '2015-09-28 17:45:00', 0, 'TD', 6, 0, NULL, 10002, 2091, 7, 5),
(802, '2015-10-02 14:30:00', '2015-10-02 16:00:00', 0, 'TP', 6, 0, NULL, 10002, 2091, 12, 16),
(803, '2015-10-02 16:15:00', '2015-10-02 17:45:00', 0, 'TP', 6, 0, NULL, 10002, 2091, 12, 16),
(804, '2015-10-02 13:00:00', '2015-10-02 14:30:00', 0, 'TP', 6, 0, NULL, 10002, 11, 15, 15),
(805, '2015-10-02 14:30:00', '2015-10-02 16:00:00', 0, 'TP', 6, 0, NULL, 10002, 11, 15, 15),
(806, '2015-10-02 14:30:00', '2015-10-02 16:00:00', 0, 'TP', 6, 0, NULL, 10002, 3280, 16, 17),
(807, '2015-10-02 16:15:00', '2015-10-02 17:45:00', 0, 'TP', 6, 0, NULL, 10002, 3280, 16, 17),
(808, '2015-10-02 13:00:00', '2015-10-02 14:30:00', 0, 'TP', 6, 0, NULL, 10002, 3084, 13, 14),
(809, '2015-10-02 14:30:00', '2015-10-02 16:00:00', 0, 'TP', 6, 0, NULL, 10002, 3084, 13, 14),
(810, '2015-10-01 08:15:00', '2015-10-01 09:45:00', 0, 'TD', 6, 0, NULL, 10002, 3084, 8, 7),
(811, '2015-09-30 16:15:00', '2015-09-30 17:45:00', 0, 'TD', 6, 0, NULL, 10002, 5, 6, 5),
(812, '2015-09-28 14:30:00', '2015-09-28 16:00:00', 0, 'TD', 6, 0, NULL, 10002, 2091, 7, 5),
(813, '2015-10-01 10:00:00', '2015-10-01 11:30:00', 0, 'TD', 6, 0, NULL, 10002, 3084, 8, 7),
(814, '2015-09-29 13:00:00', '2015-09-29 14:45:00', 0, 'TD', 7, 0, NULL, 31, 14, 4, 12),
(815, '2015-09-29 15:00:00', '2015-09-29 16:45:00', 0, 'TD', 7, 0, NULL, 31, 14, 4, 12),
(823, '2015-09-28 08:45:00', '2015-09-28 09:45:00', 0, 'CM', 4, 0, NULL, 2144, 2, 4, 2015),
(824, '2015-09-29 10:00:00', '2015-09-29 11:30:00', 0, 'TD', 6, 0, NULL, 10210, 27, 9, 9),
(825, '2015-10-01 08:15:00', '2015-10-01 09:45:00', 0, 'TD', 6, 0, NULL, 10214, 27, 10, 9),
(826, '2015-09-30 14:30:00', '2015-09-30 16:00:00', 0, 'TD', 6, 0, NULL, 10214, 27, 26, 9),
(827, '2015-09-29 16:15:00', '2015-09-29 17:45:00', 0, 'TP', 6, 0, NULL, 10004, 2092, 12, 14),
(828, '2015-09-29 16:15:00', '2015-09-29 17:45:00', 0, 'TP', 6, 0, NULL, 10004, 3088, 15, 17),
(829, '2015-09-28 16:15:00', '2015-09-28 17:45:00', 0, 'TP', 6, 0, NULL, 10004, 6, 13, 16),
(830, '2015-09-28 16:15:00', '2015-09-28 17:45:00', 0, 'TP', 6, 0, NULL, 10004, 3088, 16, 14),
(831, '2015-10-01 11:30:00', '2015-10-01 13:00:00', 0, 'CM', 6, 0, NULL, 10001, 3084, 2, 18),
(832, '2015-09-30 08:15:00', '2015-09-30 09:45:00', 0, 'CM', 6, 0, NULL, 10004, 6, 2, 18),
(834, '2015-10-01 10:00:00', '2015-10-01 11:30:00', 0, 'CM', 6, 0, NULL, 10203, 16, 3, 18),
(835, '2015-10-02 10:00:00', '2015-10-02 11:30:00', 0, 'CM', 6, 0, NULL, 10200, 36, 3, 18),
(836, '2015-09-30 08:15:00', '2015-09-30 09:45:00', 0, 'TP', 6, 0, NULL, 10200, 16, 9, 10),
(837, '2015-09-30 10:00:00', '2015-09-30 11:30:00', 0, 'TP', 6, 0, NULL, 10200, 36, 10, 8),
(838, '2015-10-01 08:15:00', '2015-10-01 09:45:00', 0, 'TP', 6, 0, '#8CC6D7', 10200, 17, 26, 12),
(841, '2015-10-02 13:00:00', '2015-10-02 14:30:00', 0, 'TD', 6, 0, NULL, 10001, 3282, 6, 4),
(842, '2015-09-30 16:15:00', '2015-09-30 17:45:00', 0, 'TD', 6, 0, NULL, 29, 3235, 4, 13),
(843, '2015-10-08 08:15:00', '2015-10-08 09:45:00', 0, 'TD', 6, 0, NULL, 10001, 3280, 7, 5),
(844, '2015-10-09 08:15:00', '2015-10-09 09:45:00', 0, 'TD', 6, 0, NULL, 10001, 3084, 8, 5),
(845, '2015-10-09 14:30:00', '2015-10-09 16:00:00', 0, 'TP', 6, 0, NULL, 10001, 3282, 11, 11),
(846, '2015-10-09 10:00:00', '2015-10-09 11:30:00', 0, 'TP', 6, 0, NULL, 10001, 3279, 14, 17),
(847, '2015-10-09 13:00:00', '2015-10-09 14:30:00', 0, 'TP', 6, 0, NULL, 10001, 3280, 12, 16),
(848, '2015-10-09 08:15:00', '2015-10-09 09:45:00', 0, 'TP', 6, 0, NULL, 10001, 3279, 15, 17),
(849, '2015-10-09 16:15:00', '2015-10-09 17:45:00', 0, 'TP', 6, 0, NULL, 10001, 3084, 13, 11),
(850, '2015-10-09 10:00:00', '2015-10-09 11:30:00', 0, 'TP', 6, 0, NULL, 10001, 3280, 16, 15),
(851, '2015-10-05 13:00:00', '2015-10-05 14:30:00', 0, 'CM', 6, 0, NULL, 10002, 2091, 2, 18),
(852, '2015-10-09 16:15:00', '2015-10-09 17:45:00', 0, 'TD', 6, 0, NULL, 10004, 17, 6, 4),
(853, '2015-10-06 14:30:00', '2015-10-06 16:00:00', 0, 'TD', 6, 0, NULL, 10004, 2092, 7, 5),
(854, '2015-10-07 10:00:00', '2015-10-07 11:30:00', 0, 'TD', 6, 0, NULL, 10004, 6, 8, 5),
(855, '2015-10-09 10:00:00', '2015-10-09 11:30:00', 0, 'TP', 6, 0, NULL, 10004, 17, 11, 14),
(856, '2015-10-07 13:00:00', '2015-10-07 14:30:00', 0, 'TP', 6, 0, NULL, 10004, 6, 14, 17),
(857, '2015-10-07 10:00:00', '2015-10-07 11:30:00', 0, 'TD', 6, 0, '#8CC6D7', 10005, 7, 6, 8),
(858, '2015-10-06 08:15:00', '2015-10-06 09:45:00', 0, 'TD', 6, 0, NULL, 10005, 5, 7, 13),
(859, '2015-10-05 10:00:00', '2015-10-05 11:30:00', 0, 'TD', 6, 0, NULL, 10005, 17, 8, 10),
(860, '2015-10-05 14:30:00', '2015-10-05 16:00:00', 0, 'TP', 6, 0, NULL, 10005, 7, 11, 14),
(861, '2015-10-09 14:30:00', '2015-10-09 16:00:00', 0, 'TP', 6, 0, NULL, 10005, 3345, 14, 10),
(862, '2015-10-06 10:00:00', '2015-10-06 11:30:00', 0, 'TP', 6, 0, NULL, 10005, 5, 12, 16),
(863, '2015-10-09 16:15:00', '2015-10-09 17:45:00', 0, 'TP', 6, 0, NULL, 10005, 3345, 15, 10),
(864, '2015-10-05 14:30:00', '2015-10-05 16:00:00', 0, 'TP', 6, 0, NULL, 10005, 17, 13, 16),
(865, '2015-10-09 13:00:00', '2015-10-09 14:30:00', 0, 'TP', 6, 0, NULL, 10005, 3353, 16, 17),
(867, '2015-10-07 16:15:00', '2015-10-07 17:45:00', 0, 'TD', 6, 0, NULL, 10012, 3354, 7, 8),
(868, '2015-10-07 14:30:00', '2015-10-07 16:00:00', 0, 'TD', 6, 0, NULL, 10012, 3354, 8, 8),
(869, '2015-10-08 10:00:00', '2015-10-08 11:30:00', 0, 'TD', 6, 0, NULL, 10008, 14, 6, 5),
(870, '2015-10-09 10:00:00', '2015-10-09 11:30:00', 0, 'TD', 6, 0, NULL, 10008, 14, 7, 7),
(871, '2015-10-06 10:00:00', '2015-10-06 11:30:00', 0, 'TD', 6, 0, NULL, 10008, 14, 8, 4),
(881, '2015-10-07 13:00:00', '2015-10-07 14:30:00', 0, 'TP', 6, 0, '#8CC6D7', 10011, 34, 11, 1),
(882, '2015-10-06 13:00:00', '2015-10-06 14:30:00', 0, 'TP', 6, 0, '#8CC6D7', 10011, 34, 14, 1),
(883, '2015-10-09 08:15:00', '2015-10-09 09:45:00', 0, 'TP', 6, 0, '#8CC6D7', 10011, 34, 12, 1),
(884, '2015-10-07 10:00:00', '2015-10-07 11:30:00', 0, 'TP', 6, 0, '#8CC6D7', 10011, 34, 15, 1),
(885, '2015-10-09 10:00:00', '2015-10-09 11:30:00', 0, 'TP', 6, 0, '#8CC6D7', 10011, 34, 13, 1),
(886, '2015-10-06 16:15:00', '2015-10-06 17:45:00', 0, 'TP', 6, 0, '#8CC6D7', 10011, 34, 16, 1),
(887, '2015-10-05 08:15:00', '2015-10-05 09:45:00', 0, 'CM', 6, 0, NULL, 10007, 1047, 2, 18),
(888, '2015-10-06 08:15:00', '2015-10-06 09:45:00', 0, 'TD', 6, 0, NULL, 10007, 1047, 6, 4),
(889, '2015-10-05 10:00:00', '2015-10-05 11:30:00', 0, 'TD', 6, 0, NULL, 10007, 1047, 7, 5),
(890, '2015-10-06 13:00:00', '2015-10-06 14:30:00', 0, 'TD', 6, 0, NULL, 10007, 2076, 8, 5),
(891, '2015-10-05 16:15:00', '2015-10-05 17:45:00', 0, 'TP', 6, 0, NULL, 10007, 1047, 11, 17),
(892, '2015-10-05 14:30:00', '2015-10-05 16:00:00', 0, 'TP', 6, 0, NULL, 10007, 1047, 14, 17),
(893, '2015-10-06 13:00:00', '2015-10-06 14:30:00', 0, 'TP', 6, 0, NULL, 10007, 1047, 12, 16),
(894, '2015-10-06 10:00:00', '2015-10-06 11:30:00', 0, 'TP', 6, 0, NULL, 10007, 1047, 15, 15),
(895, '2015-10-06 16:15:00', '2015-10-06 17:45:00', 0, 'TP', 6, 0, NULL, 10007, 2076, 13, 16),
(896, '2015-10-06 14:30:00', '2015-10-06 16:00:00', 0, 'TP', 6, 0, NULL, 10007, 2076, 16, 16),
(897, '2015-10-05 10:00:00', '2015-10-05 11:30:00', 0, 'TD', 6, 0, '#8CC6D7', 10013, 34, 6, 4),
(898, '2015-10-07 14:30:00', '2015-10-07 16:00:00', 0, 'TD', 6, 0, NULL, 10013, 3235, 7, 7),
(899, '2015-10-07 13:00:00', '2015-10-07 14:30:00', 0, 'TD', 6, 0, NULL, 10013, 3235, 8, 7),
(900, '2015-10-05 16:15:00', '2015-10-05 17:45:00', 0, 'TD', 6, 0, NULL, 10202, 17, 9, 4),
(901, '2015-10-09 14:30:00', '2015-10-09 16:00:00', 0, 'TP', 6, 0, NULL, 10202, 17, 9, 12),
(902, '2015-10-13 16:15:00', '2015-10-13 17:45:00', 0, 'TD', 6, 0, '#8CC6D7', 10202, 5, 10, 7),
(903, '2015-10-05 16:15:00', '2015-10-05 17:45:00', 0, 'TP', 6, 0, NULL, 10202, 5, 10, 11),
(904, '2015-10-05 14:30:00', '2015-10-05 16:00:00', 0, 'TD', 6, 0, NULL, 10202, 32, 26, 7),
(905, '2015-10-08 08:15:00', '2015-10-08 09:45:00', 0, 'TP', 6, 0, NULL, 10202, 32, 26, 12),
(906, '2015-10-06 08:15:00', '2015-10-06 09:45:00', 0, 'TD', 6, 0, NULL, 10205, 2, 9, 10),
(907, '2015-10-09 08:15:00', '2015-10-09 09:45:00', 0, 'TP', 6, 0, NULL, 10205, 2, 9, 12),
(908, '2015-10-08 11:30:00', '2015-10-08 13:00:00', 0, 'TD', 6, 0, NULL, 10205, 3280, 10, 12),
(909, '2015-10-06 08:15:00', '2015-10-06 09:45:00', 0, 'TP', 6, 0, NULL, 10205, 3280, 10, 11),
(910, '2015-10-07 10:00:00', '2015-10-07 11:30:00', 0, 'TD', 6, 0, NULL, 10205, 2, 26, 12),
(911, '2015-10-07 08:15:00', '2015-10-07 09:45:00', 0, 'TP', 6, 0, NULL, 10205, 2, 26, 12),
(912, '2015-10-07 14:30:00', '2015-10-07 16:00:00', 0, 'TD', 6, 0, '#8CC6D7', 10204, 7, 9, 12),
(913, '2015-10-07 14:30:00', '2015-10-07 16:00:00', 0, 'TD', 6, 0, '#8CC6D7', 10204, 1, 10, 10),
(914, '2015-10-13 16:15:00', '2015-10-13 17:45:00', 0, 'TD', 6, 0, '#8CC6D7', 10204, 16, 26, 10),
(915, '2015-10-06 16:15:00', '2015-10-06 17:45:00', 0, 'TD', 6, 0, '#8CC6D7', 10200, 16, 9, 13),
(916, '2015-09-30 13:00:00', '2015-09-30 14:30:00', 0, 'TD', 6, 0, '#8CC6D7', 10200, 36, 10, 10),
(917, '2015-10-05 13:00:00', '2015-10-05 14:30:00', 0, 'TD', 6, 0, NULL, 10200, 17, 26, 12),
(918, '2015-10-07 10:00:00', '2015-10-07 11:30:00', 0, 'TD', 6, 0, NULL, 10203, 16, 9, 10),
(919, '2015-10-09 08:15:00', '2015-10-09 09:45:00', 0, 'TD', 6, 0, NULL, 10203, 17, 10, 8),
(920, '2015-10-09 08:15:00', '2015-10-09 09:45:00', 0, 'TD', 6, 0, NULL, 10203, 3353, 26, 13),
(921, '2015-10-05 13:00:00', '2015-10-05 14:30:00', 0, 'TD', 6, 0, '#8CC6D7', 10211, 3056, 9, 8),
(922, '2015-10-06 13:00:00', '2015-10-06 14:30:00', 0, 'TP', 6, 0, NULL, 10211, 3056, 9, 8),
(923, '2015-10-05 14:30:00', '2015-10-05 16:00:00', 0, 'TD', 6, 0, '#8CC6D7', 10211, 3056, 10, 8),
(924, '2015-10-06 14:30:00', '2015-10-06 16:00:00', 0, 'TP', 6, 0, NULL, 10211, 3056, 10, 8),
(925, '2015-10-05 16:15:00', '2015-10-05 17:45:00', 0, 'TD', 6, 0, '#8CC6D7', 10211, 3056, 26, 8),
(926, '2015-10-08 11:30:00', '2015-10-08 13:00:00', 0, 'TP', 6, 0, NULL, 10211, 3056, 26, 8),
(927, '2015-10-05 10:00:00', '2015-10-05 11:30:00', 0, 'CM', 6, 0, NULL, 10208, 25, 3, 18),
(928, '2015-10-08 11:30:00', '2015-10-08 13:00:00', 0, 'TD', 6, 0, NULL, 10214, 27, 9, 9),
(929, '2015-10-07 08:15:00', '2015-10-07 09:45:00', 0, 'TD', 6, 0, NULL, 10210, 27, 10, 8),
(930, '2015-10-06 08:15:00', '2015-10-06 09:45:00', 0, 'TD', 6, 0, NULL, 10210, 27, 26, 9),
(931, '2015-10-06 14:30:00', '2015-10-06 16:00:00', 0, 'TP', 6, 0, NULL, 10207, 38, 9, 10),
(932, '2015-10-06 10:00:00', '2015-10-06 11:30:00', 0, 'TP', 6, 0, NULL, 10207, 38, 10, 10),
(933, '2015-10-06 13:00:00', '2015-10-06 14:30:00', 0, 'TP', 6, 0, NULL, 10207, 38, 26, 10),
(934, '2015-10-09 13:00:00', '2015-10-09 14:30:00', 0, 'CM', 6, 0, NULL, 10206, 14, 3, 18),
(935, '2015-10-08 08:15:00', '2015-10-08 09:45:00', 0, 'TD', 6, 0, NULL, 10206, 14, 9, 4),
(936, '2015-10-09 16:15:00', '2015-10-09 17:45:00', 0, 'TD', 6, 0, NULL, 10206, 14, 10, 5),
(937, '2015-10-09 14:30:00', '2015-10-09 16:00:00', 0, 'TD', 6, 0, NULL, 10206, 14, 26, 5),
(938, '2015-10-09 16:15:00', '2015-10-09 17:45:00', 0, 'TD', 6, 0, NULL, 10212, 3046, 9, 2015),
(939, '2015-10-09 14:30:00', '2015-10-09 16:00:00', 0, 'TD', 6, 0, NULL, 10212, 3226, 10, 7),
(940, '2015-10-09 16:15:00', '2015-10-09 17:45:00', 0, 'TD', 6, 0, NULL, 10212, 3226, 26, 7),
(941, '2015-10-07 16:15:00', '2015-10-07 17:45:00', 0, 'TD', 6, 0, NULL, 10209, 25, 9, 7),
(942, '2015-10-06 13:00:00', '2015-10-06 14:30:00', 0, 'TD', 6, 0, NULL, 10209, 25, 10, 7),
(943, '2015-10-06 14:30:00', '2015-10-06 16:00:00', 0, 'TD', 6, 0, NULL, 10209, 25, 26, 7),
(944, '2015-10-08 08:15:00', '2015-10-08 09:45:00', 0, 'TP', 6, 0, NULL, 10012, 3056, 11, 8),
(945, '2015-10-08 10:00:00', '2015-10-08 11:30:00', 0, 'TP', 6, 0, NULL, 10012, 3056, 12, 8),
(946, '2015-10-06 08:15:00', '2015-10-06 09:45:00', 0, 'TP', 6, 0, NULL, 10012, 3056, 13, 8),
(947, '2015-10-05 14:30:00', '2015-10-05 16:00:00', 0, 'TD', 6, 0, NULL, 10208, 25, 9, 10),
(948, '2015-10-05 13:00:00', '2015-10-05 14:30:00', 0, 'TD', 6, 0, NULL, 10208, 25, 10, 10),
(949, '2015-10-06 10:00:00', '2015-10-06 11:30:00', 0, 'TD', 6, 0, NULL, 10208, 25, 26, 13),
(950, '2015-10-07 16:15:00', '2015-10-07 17:45:00', 0, 'TD', 6, 0, '#8CC6D7', 10002, 5, 6, 5),
(951, '2015-10-06 13:00:00', '2015-10-06 14:30:00', 0, 'TP', 6, 0, NULL, 10002, 5, 11, 14),
(952, '2015-10-06 14:30:00', '2015-10-06 16:00:00', 0, 'TP', 6, 0, NULL, 10002, 5, 11, 14),
(953, '2015-10-06 14:30:00', '2015-10-06 16:00:00', 0, 'TP', 6, 0, NULL, 10002, 3280, 14, 11),
(954, '2015-10-06 16:15:00', '2015-10-06 17:45:00', 0, 'TP', 6, 0, NULL, 10002, 3280, 14, 11),
(955, '2015-10-05 16:15:00', '2015-10-05 17:45:00', 0, 'TD', 6, 0, NULL, 10002, 2091, 7, 5),
(956, '2015-10-09 14:30:00', '2015-10-09 16:00:00', 0, 'TP', 6, 0, NULL, 10002, 2091, 12, 16),
(957, '2015-10-09 16:15:00', '2015-10-09 17:45:00', 0, 'TP', 6, 0, NULL, 10002, 2091, 12, 16),
(958, '2015-10-09 13:00:00', '2015-10-09 14:30:00', 0, 'TP', 6, 0, NULL, 10002, 11, 15, 15),
(959, '2015-10-09 14:30:00', '2015-10-09 16:00:00', 0, 'TP', 6, 0, NULL, 10002, 11, 15, 15),
(960, '2015-10-09 14:30:00', '2015-10-09 16:00:00', 0, 'TP', 6, 0, NULL, 10002, 3280, 16, 17),
(961, '2015-10-09 16:15:00', '2015-10-09 17:45:00', 0, 'TP', 6, 0, NULL, 10002, 3280, 16, 17),
(962, '2015-10-09 13:00:00', '2015-10-09 14:30:00', 0, 'TP', 6, 0, NULL, 10002, 3084, 13, 14),
(963, '2015-10-09 14:30:00', '2015-10-09 16:00:00', 0, 'TP', 6, 0, NULL, 10002, 3084, 13, 14),
(964, '2015-10-08 08:15:00', '2015-10-08 09:45:00', 0, 'TD', 6, 0, NULL, 10002, 3084, 8, 7),
(965, '2015-10-09 08:15:00', '2015-10-09 09:45:00', 0, 'TD', 6, 0, '#8CC6D7', 10002, 5, 6, 7),
(966, '2015-10-05 14:30:00', '2015-10-05 16:00:00', 0, 'TD', 6, 0, NULL, 10002, 2091, 7, 5),
(967, '2015-10-08 10:00:00', '2015-10-08 11:30:00', 0, 'TD', 6, 0, NULL, 10002, 3084, 8, 7),
(968, '2015-10-06 13:00:00', '2015-10-06 14:30:00', 0, 'TD', 6, 0, NULL, 31, 14, 4, 2015),
(969, '2015-10-06 14:30:00', '2015-10-06 16:00:00', 0, 'TD', 6, 0, NULL, 31, 14, 4, 2015),
(974, '2015-10-07 08:15:00', '2015-10-07 09:15:00', 0, 'TD', 4, 0, NULL, 27, 7, 4, 7),
(978, '2015-10-06 10:00:00', '2015-10-06 11:30:00', 0, 'TD', 6, 0, NULL, 10210, 27, 9, 9),
(979, '2015-10-08 08:15:00', '2015-10-08 09:45:00', 0, 'TD', 6, 0, NULL, 10214, 27, 10, 9),
(980, '2015-10-07 14:30:00', '2015-10-07 16:00:00', 0, 'TD', 6, 0, NULL, 10214, 27, 26, 9),
(981, '2015-10-06 16:15:00', '2015-10-06 17:45:00', 0, 'TP', 6, 0, NULL, 10004, 2092, 12, 14),
(982, '2015-10-06 16:15:00', '2015-10-06 17:45:00', 0, 'TP', 6, 0, NULL, 10004, 3088, 15, 17),
(983, '2015-10-05 16:15:00', '2015-10-05 17:45:00', 0, 'TP', 6, 0, NULL, 10004, 6, 13, 16),
(984, '2015-10-05 16:15:00', '2015-10-05 17:45:00', 0, 'TP', 6, 0, NULL, 10004, 3088, 16, 14),
(985, '2015-10-08 11:30:00', '2015-10-08 13:00:00', 0, 'CM', 6, 0, '#B0CC99', 10008, 14, 2, 18),
(987, '2015-10-07 13:00:00', '2015-10-07 14:30:00', 0, 'CM', 6, 0, NULL, 10209, 25, 3, 18),
(988, '2015-10-08 10:00:00', '2015-10-08 11:30:00', 0, 'CM', 6, 0, NULL, 10202, 32, 3, 18),
(989, '2015-10-09 10:00:00', '2015-10-09 11:30:00', 0, 'CM', 6, 0, NULL, 10205, 2, 3, 18),
(990, '2015-10-07 08:15:00', '2015-10-07 09:45:00', 0, 'TP', 6, 0, NULL, 10209, 25, 9, 13),
(991, '2015-10-07 10:00:00', '2015-10-07 11:30:00', 0, 'TP', 6, 0, NULL, 10209, 25, 10, 13),
(992, '2015-10-05 08:15:00', '2015-10-05 09:45:00', 0, 'TP', 6, 0, NULL, 10209, 25, 26, 13),
(993, '2015-10-06 10:00:00', '2015-10-06 11:30:00', 0, 'DS', 6, 0, '#FFF168', 26, 17, 4, 7),
(995, '2015-10-09 13:00:00', '2015-10-09 14:30:00', 0, 'TD', 6, 0, NULL, 10001, 3282, 6, 4),
(997, '2015-10-15 08:15:00', '2015-10-15 09:45:00', 0, 'TD', 6, 0, NULL, 10001, 3280, 7, 5),
(998, '2015-10-16 08:15:00', '2015-10-16 09:45:00', 0, 'TD', 6, 0, NULL, 10001, 3084, 8, 5),
(999, '2015-10-16 14:30:00', '2015-10-16 16:00:00', 0, 'TP', 6, 0, NULL, 10001, 3282, 11, 11),
(1000, '2015-10-16 10:00:00', '2015-10-16 11:30:00', 0, 'TP', 6, 0, NULL, 10001, 3279, 14, 17),
(1001, '2015-10-16 13:00:00', '2015-10-16 14:30:00', 0, 'TP', 6, 0, NULL, 10001, 3280, 12, 16),
(1002, '2015-10-16 08:15:00', '2015-10-16 09:45:00', 0, 'TP', 6, 0, NULL, 10001, 3279, 15, 17),
(1003, '2015-10-16 16:15:00', '2015-10-16 17:45:00', 0, 'TP', 6, 0, NULL, 10001, 3084, 13, 14),
(1004, '2015-10-16 10:00:00', '2015-10-16 11:30:00', 0, 'TP', 6, 0, NULL, 10001, 3280, 16, 15),
(1005, '2015-10-12 13:00:00', '2015-10-12 14:30:00', 0, 'CM', 6, 0, NULL, 10002, 2091, 2, 18),
(1006, '2015-10-16 16:15:00', '2015-10-16 17:45:00', 0, 'TD', 6, 0, NULL, 10004, 17, 6, 4),
(1007, '2015-10-13 14:30:00', '2015-10-13 16:00:00', 0, 'TD', 6, 0, NULL, 10004, 2092, 7, 5),
(1008, '2015-10-14 10:00:00', '2015-10-14 11:30:00', 0, 'TD', 6, 0, NULL, 10004, 6, 8, 5),
(1009, '2015-10-16 10:00:00', '2015-10-16 11:30:00', 0, 'TP', 6, 0, NULL, 10004, 17, 11, 14),
(1010, '2015-10-14 13:00:00', '2015-10-14 14:30:00', 0, 'TP', 6, 0, NULL, 10004, 6, 14, 17),
(1011, '2015-10-12 10:00:00', '2015-10-12 11:30:00', 0, 'TD', 6, 0, NULL, 10005, 7, 6, 12),
(1012, '2015-10-13 08:15:00', '2015-10-13 09:45:00', 0, 'TD', 6, 0, NULL, 10005, 5, 7, 13),
(1013, '2015-10-12 10:00:00', '2015-10-12 11:30:00', 0, 'TD', 6, 0, NULL, 10005, 17, 8, 13),
(1014, '2015-10-15 08:15:00', '2015-10-15 09:45:00', 0, 'TP', 6, 0, '#8CC6D7', 10005, 7, 11, 14),
(1015, '2015-10-16 14:30:00', '2015-10-16 16:00:00', 0, 'TP', 6, 0, NULL, 10005, 3345, 14, 10),
(1016, '2015-10-13 10:00:00', '2015-10-13 11:30:00', 0, 'TP', 6, 0, NULL, 10005, 5, 12, 16),
(1017, '2015-10-16 16:15:00', '2015-10-16 17:45:00', 0, 'TP', 6, 0, NULL, 10005, 3345, 15, 10),
(1018, '2015-10-12 14:30:00', '2015-10-12 16:00:00', 0, 'TP', 6, 0, NULL, 10005, 17, 13, 16),
(1019, '2015-10-16 13:00:00', '2015-10-16 14:30:00', 0, 'TP', 6, 0, NULL, 10005, 3353, 16, 17),
(1021, '2015-10-14 16:15:00', '2015-10-14 17:45:00', 0, 'TD', 6, 0, NULL, 10012, 3354, 7, 8),
(1022, '2015-10-14 14:30:00', '2015-10-14 16:00:00', 0, 'TD', 6, 0, NULL, 10012, 3354, 8, 8),
(1023, '2015-10-15 10:00:00', '2015-10-15 11:30:00', 0, 'TD', 6, 0, NULL, 10008, 14, 6, 5),
(1024, '2015-10-16 10:00:00', '2015-10-16 11:30:00', 0, 'TD', 6, 0, NULL, 10008, 14, 7, 7),
(1025, '2015-10-13 10:00:00', '2015-10-13 11:30:00', 0, 'TD', 6, 0, NULL, 10008, 14, 8, 7),
(1035, '2015-10-14 13:00:00', '2015-10-14 14:30:00', 0, 'TP', 6, 0, '#8CC6D7', 10011, 34, 11, 1),
(1036, '2015-10-13 13:00:00', '2015-10-13 14:30:00', 0, 'TP', 6, 0, '#8CC6D7', 10011, 34, 14, 1),
(1037, '2015-10-16 08:15:00', '2015-10-16 09:45:00', 0, 'TP', 6, 0, '#8CC6D7', 10011, 34, 12, 1),
(1038, '2015-10-14 10:00:00', '2015-10-14 11:30:00', 0, 'TP', 6, 0, '#8CC6D7', 10011, 34, 15, 1),
(1039, '2015-10-16 10:00:00', '2015-10-16 11:30:00', 0, 'TP', 6, 0, '#8CC6D7', 10011, 34, 13, 1),
(1040, '2015-10-13 16:15:00', '2015-10-13 17:45:00', 0, 'TP', 6, 0, '#8CC6D7', 10011, 34, 16, 1),
(1041, '2015-10-12 08:15:00', '2015-10-12 09:45:00', 0, 'CM', 6, 0, NULL, 10007, 1047, 2, 18),
(1042, '2015-10-13 08:15:00', '2015-10-13 09:45:00', 0, 'TD', 6, 0, NULL, 10007, 1047, 6, 4),
(1043, '2015-10-12 10:00:00', '2015-10-12 11:30:00', 0, 'TD', 6, 0, NULL, 10007, 1047, 7, 5),
(1044, '2015-10-13 13:00:00', '2015-10-13 14:30:00', 0, 'TD', 6, 0, NULL, 10007, 2076, 8, 5),
(1045, '2015-10-12 16:15:00', '2015-10-12 17:45:00', 0, 'TP', 6, 0, NULL, 10007, 1047, 11, 17),
(1046, '2015-10-12 14:30:00', '2015-10-12 16:00:00', 0, 'TP', 6, 0, NULL, 10007, 1047, 14, 17),
(1047, '2015-10-13 13:00:00', '2015-10-13 14:30:00', 0, 'TP', 6, 0, NULL, 10007, 1047, 12, 16),
(1048, '2015-10-13 10:00:00', '2015-10-13 11:30:00', 0, 'TP', 6, 0, NULL, 10007, 1047, 15, 15),
(1049, '2015-10-13 16:15:00', '2015-10-13 17:45:00', 0, 'TP', 6, 0, NULL, 10007, 2076, 13, 16),
(1050, '2015-10-13 14:30:00', '2015-10-13 16:00:00', 0, 'TP', 6, 0, NULL, 10007, 2076, 16, 16),
(1051, '2015-10-14 16:15:00', '2015-10-14 17:45:00', 0, 'TD', 6, 0, '#8CC6D7', 10013, 34, 6, 12),
(1052, '2015-10-14 14:30:00', '2015-10-14 16:00:00', 0, 'TD', 6, 0, NULL, 10013, 3235, 7, 13),
(1053, '2015-10-14 13:00:00', '2015-10-14 14:30:00', 0, 'TD', 6, 0, NULL, 10013, 3235, 8, 13),
(1054, '2015-10-12 16:15:00', '2015-10-12 17:45:00', 0, 'TD', 6, 0, NULL, 10202, 17, 9, 4),
(1055, '2015-10-16 14:30:00', '2015-10-16 16:00:00', 0, 'TP', 6, 0, NULL, 10202, 17, 9, 12),
(1056, '2015-10-12 08:15:00', '2015-10-12 09:45:00', 0, 'TD', 6, 0, NULL, 10202, 5, 10, 7),
(1057, '2015-10-12 16:15:00', '2015-10-12 17:45:00', 0, 'TP', 6, 0, NULL, 10202, 5, 10, 11),
(1058, '2015-10-12 14:30:00', '2015-10-12 16:00:00', 0, 'TD', 6, 0, NULL, 10202, 32, 26, 7),
(1059, '2015-10-15 08:15:00', '2015-10-15 09:45:00', 0, 'TP', 6, 0, NULL, 10202, 32, 26, 12),
(1060, '2015-10-13 08:15:00', '2015-10-13 09:45:00', 0, 'TD', 6, 0, NULL, 10205, 2, 9, 10),
(1061, '2015-10-16 08:15:00', '2015-10-16 09:45:00', 0, 'TP', 6, 0, NULL, 10205, 2, 9, 12),
(1062, '2015-10-15 11:30:00', '2015-10-15 13:00:00', 0, 'TD', 6, 0, NULL, 10205, 3280, 10, 12),
(1063, '2015-10-13 08:15:00', '2015-10-13 09:45:00', 0, 'TP', 6, 0, NULL, 10205, 3280, 10, 11),
(1064, '2015-10-14 10:00:00', '2015-10-14 11:30:00', 0, 'TD', 6, 0, NULL, 10205, 2, 26, 12),
(1065, '2015-10-14 08:15:00', '2015-10-14 09:45:00', 0, 'TP', 6, 0, NULL, 10205, 2, 26, 12),
(1066, '2015-10-12 08:15:00', '2015-10-12 09:45:00', 0, 'TD', 6, 0, NULL, 10204, 7, 9, 12),
(1067, '2015-10-14 16:15:00', '2015-10-14 17:45:00', 0, 'TD', 6, 0, NULL, 10204, 1, 10, 10),
(1068, '2015-10-14 16:15:00', '2015-10-14 17:45:00', 0, 'TD', 6, 0, NULL, 10204, 16, 26, 13),
(1069, '2015-10-14 14:30:00', '2015-10-14 16:00:00', 0, 'TD', 6, 0, NULL, 10200, 16, 9, 12),
(1070, '2015-10-14 14:30:00', '2015-10-14 16:00:00', 0, 'TD', 6, 0, NULL, 10200, 36, 10, 10),
(1071, '2015-10-12 13:00:00', '2015-10-12 14:30:00', 0, 'TD', 6, 0, NULL, 10200, 17, 26, 12),
(1072, '2015-10-14 10:00:00', '2015-10-14 11:30:00', 0, 'TD', 6, 0, NULL, 10203, 16, 9, 10),
(1073, '2015-10-16 08:15:00', '2015-10-16 09:45:00', 0, 'TD', 6, 0, NULL, 10203, 17, 10, 8),
(1074, '2015-10-16 08:15:00', '2015-10-16 09:45:00', 0, 'TD', 6, 0, NULL, 10203, 3353, 26, 13),
(1075, '2015-10-12 13:00:00', '2015-10-12 14:30:00', 0, 'TD', 6, 0, NULL, 10211, 3271, 9, 8),
(1076, '2015-10-13 13:00:00', '2015-10-13 14:30:00', 0, 'TP', 6, 0, NULL, 10211, 3056, 9, 8),
(1077, '2015-10-12 14:30:00', '2015-10-12 16:00:00', 0, 'TD', 6, 0, NULL, 10211, 3271, 10, 8),
(1078, '2015-10-13 14:30:00', '2015-10-13 16:00:00', 0, 'TP', 6, 0, NULL, 10211, 3056, 10, 8),
(1079, '2015-10-12 16:15:00', '2015-10-12 17:45:00', 0, 'TD', 6, 0, NULL, 10211, 3271, 26, 8),
(1080, '2015-10-15 11:30:00', '2015-10-15 13:00:00', 0, 'TP', 6, 0, NULL, 10211, 3056, 26, 8),
(1081, '2015-10-12 10:00:00', '2015-10-12 11:30:00', 0, 'CM', 6, 0, NULL, 10208, 25, 3, 18),
(1082, '2015-10-15 11:30:00', '2015-10-15 13:00:00', 0, 'TD', 6, 0, NULL, 10214, 27, 9, 9),
(1083, '2015-10-14 10:00:00', '2015-10-14 11:30:00', 0, 'TD', 6, 0, '#8CC6D7', 10210, 27, 10, 8),
(1084, '2015-10-13 08:15:00', '2015-10-13 09:45:00', 0, 'TD', 6, 0, NULL, 10210, 27, 26, 9),
(1085, '2015-10-13 14:30:00', '2015-10-13 16:00:00', 0, 'TP', 6, 0, NULL, 10207, 38, 9, 10),
(1086, '2015-10-13 10:00:00', '2015-10-13 11:30:00', 0, 'TP', 6, 0, NULL, 10207, 38, 10, 10),
(1087, '2015-10-13 13:00:00', '2015-10-13 14:30:00', 0, 'TP', 6, 0, NULL, 10207, 38, 26, 10),
(1088, '2015-10-16 13:00:00', '2015-10-16 14:30:00', 0, 'CM', 6, 0, NULL, 10206, 14, 3, 18),
(1089, '2015-10-15 08:15:00', '2015-10-15 09:45:00', 0, 'TD', 6, 0, NULL, 10206, 14, 9, 6),
(1090, '2015-10-16 16:15:00', '2015-10-16 17:45:00', 0, 'TD', 6, 0, NULL, 10206, 14, 10, 5),
(1091, '2015-10-16 14:30:00', '2015-10-16 16:00:00', 0, 'TD', 6, 0, NULL, 10206, 14, 26, 5),
(1092, '2015-10-16 16:15:00', '2015-10-16 17:45:00', 0, 'TD', 6, 0, NULL, 10212, 3046, 9, 2015),
(1093, '2015-10-16 14:30:00', '2015-10-16 16:00:00', 0, 'TD', 6, 0, NULL, 10212, 3226, 10, 7),
(1094, '2015-10-16 16:15:00', '2015-10-16 17:45:00', 0, 'TD', 6, 0, NULL, 10212, 3226, 26, 7),
(1098, '2015-10-15 08:15:00', '2015-10-15 09:45:00', 0, 'TP', 6, 0, NULL, 10012, 3056, 14, 8),
(1099, '2015-10-15 10:00:00', '2015-10-15 11:30:00', 0, 'TP', 6, 0, NULL, 10012, 3056, 15, 8),
(1100, '2015-10-13 08:15:00', '2015-10-13 09:45:00', 0, 'TP', 6, 0, NULL, 10012, 3056, 16, 8),
(1101, '2015-10-12 14:30:00', '2015-10-12 16:00:00', 0, 'TD', 6, 0, NULL, 10208, 25, 9, 4),
(1102, '2015-10-12 13:00:00', '2015-10-12 14:30:00', 0, 'TD', 6, 0, NULL, 10208, 25, 10, 4),
(1103, '2015-10-13 10:00:00', '2015-10-13 11:30:00', 0, 'TD', 6, 0, NULL, 10208, 25, 26, 5),
(1104, '2015-10-14 10:00:00', '2015-10-14 11:30:00', 0, 'TD', 6, 0, NULL, 10002, 5, 6, 4),
(1105, '2015-10-13 13:00:00', '2015-10-13 14:30:00', 0, 'TP', 6, 0, '#8CC6D7', 10002, 3280, 11, 14),
(1106, '2015-10-13 14:30:00', '2015-10-13 16:00:00', 0, 'TP', 6, 0, NULL, 10002, 5, 11, 14),
(1107, '2015-10-13 14:30:00', '2015-10-13 16:00:00', 0, 'TP', 6, 0, NULL, 10002, 3280, 14, 11),
(1108, '2015-10-13 16:15:00', '2015-10-13 17:45:00', 0, 'TP', 6, 0, NULL, 10002, 3280, 14, 11),
(1109, '2015-10-12 16:15:00', '2015-10-12 17:45:00', 0, 'TD', 6, 0, NULL, 10002, 2091, 7, 5),
(1110, '2015-10-16 14:30:00', '2015-10-16 16:00:00', 0, 'TP', 6, 0, NULL, 10002, 2091, 12, 16),
(1111, '2015-10-16 16:15:00', '2015-10-16 17:45:00', 0, 'TP', 6, 0, NULL, 10002, 2091, 12, 16),
(1112, '2015-10-16 13:00:00', '2015-10-16 14:30:00', 0, 'TP', 6, 0, NULL, 10002, 11, 15, 15),
(1113, '2015-10-16 14:30:00', '2015-10-16 16:00:00', 0, 'TP', 6, 0, NULL, 10002, 11, 15, 15),
(1114, '2015-10-16 14:30:00', '2015-10-16 16:00:00', 0, 'TP', 6, 0, NULL, 10002, 3280, 16, 17),
(1115, '2015-10-16 16:15:00', '2015-10-16 17:45:00', 0, 'TP', 6, 0, NULL, 10002, 3280, 16, 17),
(1116, '2015-10-16 13:00:00', '2015-10-16 14:30:00', 0, 'TP', 6, 0, NULL, 10002, 3084, 13, 14),
(1117, '2015-10-16 14:30:00', '2015-10-16 16:00:00', 0, 'TP', 6, 0, NULL, 10002, 3084, 13, 14),
(1118, '2015-10-15 08:15:00', '2015-10-15 09:45:00', 0, 'TD', 6, 0, NULL, 10002, 3084, 8, 7),
(1119, '2015-10-16 08:15:00', '2015-10-16 09:45:00', 0, 'TD', 6, 0, '#8CC6D7', 10002, 5, 6, 4),
(1120, '2015-10-12 14:30:00', '2015-10-12 16:00:00', 0, 'TD', 6, 0, NULL, 10002, 2091, 7, 5),
(1121, '2015-10-15 10:00:00', '2015-10-15 11:30:00', 0, 'TD', 6, 0, NULL, 10002, 3084, 8, 7),
(1122, '2015-10-13 13:00:00', '2015-10-13 14:30:00', 0, 'TD', 6, 0, NULL, 31, 14, 4, 2015),
(1123, '2015-10-13 14:30:00', '2015-10-13 16:00:00', 0, 'TD', 6, 0, NULL, 31, 14, 4, 13),
(1132, '2015-10-13 10:00:00', '2015-10-13 11:30:00', 0, 'TD', 6, 0, NULL, 10210, 27, 9, 9),
(1133, '2015-10-15 08:15:00', '2015-10-15 09:45:00', 0, 'TD', 6, 0, NULL, 10214, 27, 10, 9),
(1134, '2015-10-14 14:30:00', '2015-10-14 16:00:00', 0, 'TD', 6, 0, NULL, 10214, 27, 26, 9),
(1135, '2015-10-13 16:15:00', '2015-10-13 17:45:00', 0, 'TP', 6, 0, NULL, 10004, 2092, 12, 14),
(1136, '2015-10-13 16:15:00', '2015-10-13 17:45:00', 0, 'TP', 6, 0, NULL, 10004, 3088, 15, 17),
(1137, '2015-10-12 16:15:00', '2015-10-12 17:45:00', 0, 'TP', 6, 0, NULL, 10004, 6, 13, 16),
(1138, '2015-10-12 16:15:00', '2015-10-12 17:45:00', 0, 'TP', 6, 0, NULL, 10004, 3088, 16, 14),
(1139, '2015-10-15 11:30:00', '2015-10-15 13:00:00', 0, 'CM', 6, 0, NULL, 10001, 3084, 2, 18),
(1140, '2015-10-14 08:15:00', '2015-10-14 09:45:00', 0, 'DS', 6, 0, '#F6E8B1', 10004, 6, 2, 18),
(1141, '2015-10-14 13:00:00', '2015-10-14 14:30:00', 0, 'CM', 6, 0, NULL, 10204, 1, 3, 18),
(1142, '2015-10-15 10:00:00', '2015-10-15 11:30:00', 0, 'CM', 6, 0, NULL, 10203, 16, 3, 18),
(1143, '2015-10-16 10:00:00', '2015-10-16 11:30:00', 0, 'CM', 6, 0, NULL, 10200, 36, 3, 18),
(1144, '2015-10-14 08:15:00', '2015-10-14 09:45:00', 0, 'TP', 6, 0, NULL, 10200, 16, 9, 10),
(1145, '2015-10-14 08:15:00', '2015-10-14 09:45:00', 0, 'TP', 6, 0, '#8CC6D7', 10200, 36, 10, 8),
(1146, '2015-10-12 08:15:00', '2015-10-12 09:45:00', 0, 'TP', 6, 0, NULL, 10200, 17, 26, 13),
(1147, '2015-10-13 08:30:00', '2015-10-13 10:00:00', 0, 'TD', 6, 0, NULL, 36, 17, 4, 12),
(1148, '2015-10-13 10:00:00', '2015-10-13 12:00:00', 0, 'TD', 8, 0, NULL, 36, 17, 4, 12),
(1149, '2015-10-16 13:00:00', '2015-10-16 14:30:00', 0, 'TD', 6, 0, NULL, 10001, 3282, 6, 4),
(1150, '2015-10-14 16:15:00', '2015-10-14 17:45:00', 0, 'TD', 6, 0, NULL, 29, 3235, 4, 9),
(1151, '2015-10-22 10:00:00', '2015-10-22 11:30:00', 0, 'TD', 6, 0, '#8CC6D7', 10001, 3280, 7, 5),
(1152, '2015-10-23 08:15:00', '2015-10-23 09:45:00', 0, 'TD', 6, 0, NULL, 10001, 3084, 8, 5),
(1153, '2015-10-23 14:30:00', '2015-10-23 16:00:00', 0, 'TP', 6, 0, NULL, 10001, 3282, 11, 11),
(1154, '2015-10-23 10:00:00', '2015-10-23 11:30:00', 0, 'TP', 6, 0, NULL, 10001, 3279, 14, 17),
(1155, '2015-10-23 13:00:00', '2015-10-23 14:30:00', 0, 'TP', 6, 0, NULL, 10001, 3280, 12, 16),
(1156, '2015-10-23 08:15:00', '2015-10-23 09:45:00', 0, 'TP', 6, 0, NULL, 10001, 3279, 15, 17),
(1157, '2015-10-23 16:15:00', '2015-10-23 17:45:00', 0, 'TP', 6, 0, NULL, 10001, 3084, 13, 11),
(1158, '2015-10-23 10:00:00', '2015-10-23 11:30:00', 0, 'TP', 6, 0, NULL, 10001, 3084, 16, 15),
(1159, '2015-10-19 13:00:00', '2015-10-19 14:30:00', 0, 'CM', 6, 0, NULL, 10002, 2091, 2, 18),
(1160, '2015-10-23 16:15:00', '2015-10-23 17:45:00', 0, 'TD', 6, 0, NULL, 10004, 17, 6, 4),
(1161, '2015-10-20 14:30:00', '2015-10-20 16:00:00', 0, 'TD', 6, 0, '#8CC6D7', 10004, 6, 7, 5),
(1162, '2015-10-21 10:00:00', '2015-10-21 11:30:00', 0, 'TD', 6, 0, NULL, 10004, 6, 8, 5),
(1163, '2015-10-23 10:00:00', '2015-10-23 11:30:00', 0, 'TP', 6, 0, NULL, 10004, 17, 11, 14),
(1164, '2015-10-21 13:00:00', '2015-10-21 14:30:00', 0, 'TP', 6, 0, NULL, 10004, 6, 14, 17),
(1165, '2015-10-19 08:15:00', '2015-10-19 09:45:00', 0, 'TD', 6, 0, '#8CC6D7', 10006, 27, 6, 12),
(1166, '2015-10-20 08:15:00', '2015-10-20 09:45:00', 0, 'TD', 6, 0, '#8CC6D7', 10006, 27, 7, 13),
(1167, '2015-10-21 16:15:00', '2015-10-21 17:45:00', 0, 'TD', 6, 0, '#8CC6D7', 10006, 27, 8, 8),
(1168, '2015-10-19 14:30:00', '2015-10-19 16:00:00', 0, 'TP', 6, 0, NULL, 10005, 7, 11, 14),
(1169, '2015-10-23 14:30:00', '2015-10-23 16:00:00', 0, 'TP', 6, 0, NULL, 10005, 3345, 14, 10),
(1170, '2015-10-20 10:00:00', '2015-10-20 11:30:00', 0, 'TP', 6, 0, NULL, 10005, 5, 12, 16),
(1171, '2015-10-23 16:15:00', '2015-10-23 17:45:00', 0, 'TP', 6, 0, NULL, 10005, 3345, 15, 10),
(1172, '2015-10-19 08:15:00', '2015-10-19 09:45:00', 0, 'TP', 6, 0, '#8CC6D7', 10005, 17, 13, 16),
(1173, '2015-10-23 13:00:00', '2015-10-23 14:30:00', 0, 'TP', 6, 0, NULL, 10005, 3353, 16, 17),
(1177, '2015-10-22 08:15:00', '2015-10-22 09:45:00', 0, 'TD', 6, 0, NULL, 10008, 14, 6, 5),
(1178, '2015-10-23 10:00:00', '2015-10-23 11:30:00', 0, 'TD', 6, 0, NULL, 10008, 14, 7, 7),
(1179, '2015-10-20 10:00:00', '2015-10-20 11:30:00', 0, 'TD', 6, 0, NULL, 10008, 14, 8, 7),
(1189, '2015-10-21 13:00:00', '2015-10-21 14:30:00', 0, 'TP', 6, 0, '#8CC6D7', 10011, 34, 11, 1),
(1190, '2015-10-20 13:00:00', '2015-10-20 14:30:00', 0, 'TP', 6, 0, '#8CC6D7', 10011, 34, 14, 1),
(1191, '2015-10-23 08:15:00', '2015-10-23 09:45:00', 0, 'TP', 6, 0, '#8CC6D7', 10011, 34, 12, 1),
(1192, '2015-10-21 10:00:00', '2015-10-21 11:30:00', 0, 'TP', 6, 0, '#8CC6D7', 10011, 34, 15, 1),
(1193, '2015-10-23 10:00:00', '2015-10-23 11:30:00', 0, 'TP', 6, 0, '#8CC6D7', 10011, 34, 13, 1),
(1194, '2015-10-20 16:15:00', '2015-10-20 17:45:00', 0, 'TP', 6, 0, '#8CC6D7', 10011, 34, 16, 1),
(1195, '2015-10-19 10:00:00', '2015-10-19 11:30:00', 0, 'CM', 6, 0, '#8CC6D7', 10007, 1047, 2, 18),
(1196, '2015-10-20 08:15:00', '2015-10-20 09:45:00', 0, 'TD', 6, 0, NULL, 10007, 1047, 6, 4),
(1197, '2015-10-19 08:15:00', '2015-10-19 09:45:00', 0, 'TD', 6, 0, '#8CC6D7', 10007, 1047, 7, 5),
(1198, '2015-10-20 13:00:00', '2015-10-20 14:30:00', 0, 'TD', 6, 0, NULL, 10007, 2076, 8, 5),
(1199, '2015-10-19 16:15:00', '2015-10-19 17:45:00', 0, 'TP', 6, 0, NULL, 10007, 1047, 11, 17),
(1200, '2015-10-19 14:30:00', '2015-10-19 16:00:00', 0, 'TP', 6, 0, NULL, 10007, 1047, 14, 17),
(1201, '2015-10-20 13:00:00', '2015-10-20 14:30:00', 0, 'TP', 6, 0, NULL, 10007, 1047, 12, 16),
(1202, '2015-10-20 10:00:00', '2015-10-20 11:30:00', 0, 'TP', 6, 0, NULL, 10007, 1047, 15, 15),
(1203, '2015-10-20 16:15:00', '2015-10-20 17:45:00', 0, 'TP', 6, 0, NULL, 10007, 2076, 13, 16),
(1204, '2015-10-20 14:30:00', '2015-10-20 16:00:00', 0, 'TP', 6, 0, NULL, 10007, 2076, 16, 16),
(1205, '2015-10-21 16:15:00', '2015-10-21 17:45:00', 0, 'TD', 6, 0, '#8CC6D7', 10013, 34, 6, 5),
(1206, '2015-10-21 13:00:00', '2015-10-21 14:30:00', 0, 'TD', 6, 0, '#8CC6D7', 10013, 3235, 7, 7),
(1207, '2015-10-21 14:30:00', '2015-10-21 16:00:00', 0, 'TD', 6, 0, NULL, 10013, 3235, 8, 7),
(1208, '2015-10-22 08:15:00', '2015-10-22 09:45:00', 0, 'TD', 6, 0, '#8CC6D7', 10202, 17, 9, 4),
(1209, '2015-10-23 14:30:00', '2015-10-23 16:00:00', 0, 'TP', 6, 0, NULL, 10202, 17, 9, 12),
(1210, '2015-10-19 13:00:00', '2015-10-19 14:30:00', 0, 'TD', 6, 0, '#8CC6D7', 10202, 5, 10, 7),
(1211, '2015-10-19 16:15:00', '2015-10-19 17:45:00', 0, 'TP', 6, 0, NULL, 10202, 5, 10, 11),
(1212, '2015-10-19 14:30:00', '2015-10-19 16:00:00', 0, 'TD', 6, 0, NULL, 10202, 32, 26, 7),
(1213, '2015-10-22 10:00:00', '2015-10-22 11:30:00', 0, 'TP', 6, 0, '#8CC6D7', 10202, 32, 26, 13),
(1214, '2015-10-20 08:15:00', '2015-10-20 09:45:00', 0, 'TD', 6, 0, NULL, 10205, 2, 9, 10),
(1215, '2015-10-23 10:00:00', '2015-10-23 11:30:00', 0, 'TP', 6, 0, '#8CC6D7', 10205, 2, 9, 12),
(1216, '2015-10-22 11:30:00', '2015-10-22 13:00:00', 0, 'TD', 6, 0, NULL, 10205, 3280, 10, 12),
(1217, '2015-10-20 08:15:00', '2015-10-20 09:45:00', 0, 'TP', 6, 0, NULL, 10205, 3280, 10, 11),
(1218, '2015-10-21 10:00:00', '2015-10-21 11:30:00', 0, 'TD', 6, 0, NULL, 10205, 2, 26, 12),
(1219, '2015-10-21 08:15:00', '2015-10-21 09:45:00', 0, 'TP', 6, 0, NULL, 10205, 2, 26, 12),
(1220, '2015-10-19 10:00:00', '2015-10-19 11:30:00', 0, 'TD', 6, 0, '#8CC6D7', 10204, 7, 9, 12),
(1221, '2015-10-21 16:15:00', '2015-10-21 17:45:00', 0, 'TD', 6, 0, NULL, 10204, 1, 10, 10),
(1222, '2015-10-21 16:15:00', '2015-10-21 17:45:00', 0, 'TD', 6, 0, NULL, 10204, 16, 26, 13),
(1223, '2015-10-21 14:30:00', '2015-10-21 16:00:00', 0, 'TD', 6, 0, NULL, 10200, 16, 9, 12),
(1224, '2015-10-21 14:30:00', '2015-10-21 16:00:00', 0, 'TD', 6, 0, NULL, 10200, 36, 10, 10),
(1225, '2015-10-13 14:30:00', '2015-10-13 16:00:00', 0, 'TD', 6, 0, '#8CC6D7', 10200, 17, 26, 12),
(1226, '2015-10-21 10:00:00', '2015-10-21 11:30:00', 0, 'TD', 6, 0, NULL, 10203, 16, 9, 10),
(1227, '2015-10-22 10:00:00', '2015-10-22 11:30:00', 0, 'TD', 6, 0, '#8CC6D7', 10203, 17, 10, 12),
(1228, '2015-10-23 10:00:00', '2015-10-23 11:30:00', 0, 'TD', 6, 0, '#8CC6D7', 10203, 3353, 26, 13),
(1229, '2015-10-19 13:00:00', '2015-10-19 14:30:00', 0, 'TD', 6, 0, NULL, 10211, 3271, 9, 8),
(1230, '2015-10-20 13:00:00', '2015-10-20 14:30:00', 0, 'TP', 6, 0, NULL, 10211, 3056, 9, 8),
(1231, '2015-10-19 14:30:00', '2015-10-19 16:00:00', 0, 'TD', 6, 0, NULL, 10211, 3271, 10, 8),
(1232, '2015-10-20 14:30:00', '2015-10-20 16:00:00', 0, 'TP', 6, 0, NULL, 10211, 3056, 10, 8),
(1233, '2015-10-19 16:15:00', '2015-10-19 17:45:00', 0, 'TD', 6, 0, NULL, 10211, 3271, 26, 8),
(1234, '2015-10-22 11:30:00', '2015-10-22 13:00:00', 0, 'TP', 6, 0, NULL, 10211, 3056, 26, 8),
(1236, '2015-10-22 11:30:00', '2015-10-22 13:00:00', 0, 'TD', 6, 0, NULL, 10214, 27, 9, 5),
(1237, '2015-10-20 13:00:00', '2015-10-20 14:30:00', 0, 'TD', 6, 0, '#8CC6D7', 10210, 27, 10, 13),
(1239, '2015-10-20 14:30:00', '2015-10-20 16:00:00', 0, 'TP', 6, 0, NULL, 10207, 38, 9, 10),
(1240, '2015-10-20 10:00:00', '2015-10-20 11:30:00', 0, 'TP', 6, 0, NULL, 10207, 38, 10, 10),
(1241, '2015-10-20 13:00:00', '2015-10-20 14:30:00', 0, 'TP', 6, 0, NULL, 10207, 38, 26, 10),
(1242, '2015-10-23 13:00:00', '2015-10-23 14:30:00', 0, 'CM', 6, 0, NULL, 10206, 14, 3, 18),
(1243, '2015-10-22 10:00:00', '2015-10-22 11:30:00', 0, 'TD', 6, 0, NULL, 10206, 14, 9, 4),
(1244, '2015-10-23 16:15:00', '2015-10-23 17:45:00', 0, 'TD', 6, 0, NULL, 10206, 14, 10, 5),
(1245, '2015-10-23 14:30:00', '2015-10-23 16:00:00', 0, 'TD', 6, 0, NULL, 10206, 14, 26, 5),
(1246, '2015-10-23 16:15:00', '2015-10-23 17:45:00', 0, 'TD', 6, 0, NULL, 10212, 3046, 9, 2015),
(1247, '2015-10-23 14:30:00', '2015-10-23 16:00:00', 0, 'TD', 6, 0, NULL, 10212, 3226, 10, 7),
(1248, '2015-10-23 16:15:00', '2015-10-23 17:45:00', 0, 'TD', 6, 0, NULL, 10212, 3226, 26, 7),
(1252, '2015-10-22 10:00:00', '2015-10-22 11:30:00', 0, 'TP', 6, 0, NULL, 10012, 3056, 11, 8),
(1253, '2015-10-22 08:15:00', '2015-10-22 09:45:00', 0, 'TP', 6, 0, NULL, 10012, 3056, 12, 8),
(1254, '2015-10-20 08:15:00', '2015-10-20 09:45:00', 0, 'TP', 6, 0, NULL, 10012, 3056, 13, 8),
(1255, '2015-10-19 14:30:00', '2015-10-19 16:00:00', 0, 'TD', 6, 0, NULL, 10208, 25, 9, 10),
(1256, '2015-10-19 10:00:00', '2015-10-19 11:30:00', 0, 'TD', 6, 0, '#8CC6D7', 10208, 25, 10, 10),
(1257, '2015-10-20 10:00:00', '2015-10-20 11:30:00', 0, 'TD', 6, 0, NULL, 10208, 25, 26, 5),
(1258, '2015-10-21 10:00:00', '2015-10-21 11:30:00', 0, 'TD', 6, 0, NULL, 10002, 5, 6, 4),
(1259, '2015-10-20 13:00:00', '2015-10-20 14:30:00', 0, 'TP', 6, 0, NULL, 10002, 5, 11, 14),
(1260, '2015-10-20 14:30:00', '2015-10-20 16:00:00', 0, 'TP', 6, 0, NULL, 10002, 5, 11, 14),
(1261, '2015-10-20 14:30:00', '2015-10-20 16:00:00', 0, 'TP', 6, 0, NULL, 10002, 3280, 14, 11),
(1262, '2015-10-20 16:15:00', '2015-10-20 17:45:00', 0, 'TP', 6, 0, '#8CC6D7', 10002, 5, 14, 11),
(1263, '2015-10-19 16:15:00', '2015-10-19 17:45:00', 0, 'TD', 6, 0, NULL, 10002, 2091, 7, 5),
(1264, '2015-10-23 14:30:00', '2015-10-23 16:00:00', 0, 'TP', 6, 0, NULL, 10002, 2091, 12, 16),
(1265, '2015-10-23 16:15:00', '2015-10-23 17:45:00', 0, 'TP', 6, 0, NULL, 10002, 2091, 12, 16),
(1266, '2015-10-23 13:00:00', '2015-10-23 14:30:00', 0, 'TP', 6, 0, NULL, 10002, 11, 15, 15),
(1267, '2015-10-23 14:30:00', '2015-10-23 16:00:00', 0, 'TP', 6, 0, NULL, 10002, 11, 15, 15),
(1268, '2015-10-23 14:30:00', '2015-10-23 16:00:00', 0, 'TP', 6, 0, NULL, 10002, 3280, 16, 17),
(1269, '2015-10-23 16:15:00', '2015-10-23 17:45:00', 0, 'TP', 6, 0, NULL, 10002, 3280, 16, 17),
(1270, '2015-10-23 13:00:00', '2015-10-23 14:30:00', 0, 'TP', 6, 0, NULL, 10002, 3084, 13, 14),
(1271, '2015-10-23 14:30:00', '2015-10-23 16:00:00', 0, 'TP', 6, 0, NULL, 10002, 3084, 13, 14),
(1272, '2015-10-22 08:15:00', '2015-10-22 09:45:00', 0, 'TD', 6, 0, NULL, 10002, 3084, 8, 7),
(1273, '2015-10-23 08:15:00', '2015-10-23 09:45:00', 0, 'TD', 6, 0, '#8CC6D7', 10002, 5, 6, 4),
(1274, '2015-10-19 14:30:00', '2015-10-19 16:00:00', 0, 'TD', 6, 0, NULL, 10002, 2091, 7, 5),
(1275, '2015-10-22 10:00:00', '2015-10-22 11:30:00', 0, 'TD', 6, 0, NULL, 10002, 3084, 8, 7),
(1276, '2015-10-20 13:00:00', '2015-10-20 14:30:00', 0, 'TD', 6, 0, NULL, 31, 14, 4, 2015),
(1277, '2015-10-20 14:30:00', '2015-10-20 16:00:00', 0, 'TD', 6, 0, NULL, 31, 14, 4, 2015),
(1286, '2015-10-20 10:00:00', '2015-10-20 11:30:00', 0, 'TD', 6, 0, NULL, 10210, 27, 9, 1),
(1287, '2015-10-22 08:15:00', '2015-10-22 09:45:00', 0, 'TD', 6, 0, NULL, 10214, 27, 10, 2015),
(1289, '2015-10-20 16:15:00', '2015-10-20 17:45:00', 0, 'TP', 6, 0, '#8CC6D7', 10004, 6, 12, 14),
(1290, '2015-10-20 16:15:00', '2015-10-20 17:45:00', 0, 'TP', 6, 0, NULL, 10004, 3088, 15, 17),
(1291, '2015-10-19 16:15:00', '2015-10-19 17:45:00', 0, 'TP', 6, 0, NULL, 10004, 6, 13, 16),
(1292, '2015-10-19 16:15:00', '2015-10-19 17:45:00', 0, 'TP', 6, 0, NULL, 10004, 3088, 16, 14),
(1293, '2015-10-22 11:30:00', '2015-10-22 13:00:00', 0, 'DS', 6, 0, '#FFF168', 10008, 14, 2, 18),
(1295, '2015-10-21 13:00:00', '2015-10-21 14:30:00', 0, 'CM', 6, 0, NULL, 10209, 25, 3, 18),
(1298, '2015-10-21 08:15:00', '2015-10-21 09:45:00', 0, 'TP', 6, 0, NULL, 10209, 25, 9, 13),
(1299, '2015-10-21 10:00:00', '2015-10-21 11:30:00', 0, 'TP', 6, 0, NULL, 10209, 25, 10, 13),
(1300, '2015-10-19 13:00:00', '2015-10-19 14:30:00', 0, 'TP', 6, 0, '#8CC6D7', 10209, 25, 26, 13),
(1301, '2015-10-20 08:15:00', '2015-10-20 09:45:00', 0, 'TD', 6, 0, '#8CC6D7', 36, 17, 4, 12),
(1302, '2015-10-20 09:45:00', '2015-10-20 11:45:00', 0, 'TD', 8, 0, NULL, 36, 17, 4, 12),
(1303, '2015-10-23 13:00:00', '2015-10-23 14:30:00', 0, 'TD', 6, 0, NULL, 10001, 3282, 6, 4),
(1304, '2015-10-21 16:15:00', '2015-10-21 17:45:00', 0, 'TD', 6, 0, NULL, 29, 3235, 4, 12),
(1482, '2015-10-01 08:30:00', '2015-10-01 11:30:00', 0, 'TD', 12, 0, NULL, 51007, 2, 1017, 1009),
(1483, '2015-10-08 08:30:00', '2015-10-08 11:30:00', 0, 'TD', 12, 0, NULL, 51007, 2, 1017, 1009),
(1484, '2015-10-15 08:30:00', '2015-10-15 11:30:00', 0, 'TD', 12, 0, NULL, 51007, 2, 1017, 1009),
(1485, '2015-10-22 10:30:00', '2015-10-22 11:30:00', 0, 'TD', 4, 0, NULL, 51007, 2, 1017, 1009),
(1522, '2015-10-19 08:30:00', '2015-10-19 12:30:00', 0, 'CM', 16, 0, NULL, 51009, 41, 1017, 3033),
(1525, '2015-10-20 09:00:00', '2015-10-20 13:00:00', 0, 'CM', 16, 0, NULL, 51009, 41, 1017, 3033),
(1542, '2015-08-31 13:00:00', '2015-08-31 16:00:00', NULL, 'CM', 12, 0, NULL, 25, 5, 4, 7),
(1543, '2015-09-01 08:15:00', '2015-09-01 09:45:00', NULL, 'CM', 6, 0, NULL, 31, 14, 4, 7),
(1544, '2015-09-01 10:00:00', '2015-09-01 11:30:00', NULL, 'CM', 6, 0, NULL, 26, 17, 4, 12),
(1545, '2015-09-01 13:00:00', '2015-09-01 15:00:00', NULL, 'CM', 8, 0, NULL, 31, 14, 4, 7),
(1547, '2015-09-02 09:30:00', '2015-09-02 11:30:00', NULL, 'CM', 8, 0, NULL, 27, 7, 4, 2015),
(1548, '2015-09-02 13:00:00', '2015-09-02 16:00:00', NULL, 'TD', 12, 0, NULL, 25, 5, 4, 7),
(1549, '2015-09-17 09:00:00', '2015-09-17 11:00:00', NULL, '', 8, 0, NULL, NULL, NULL, 1017, 1002),
(1554, '2015-09-03 11:30:00', '2015-09-03 13:00:00', NULL, 'CM', 6, 0, NULL, 20057, 1, 1002, 1000),
(1595, '2015-09-16 08:15:00', '2015-09-16 09:45:00', NULL, 'CM', 6, 0, NULL, 20015, 41, 1001, 1000),
(1596, '2015-09-16 09:45:00', '2015-09-16 11:15:00', NULL, 'TD', 6, 0, NULL, 20015, 41, 1003, 1001),
(1603, '2015-09-16 11:30:00', '2015-09-16 13:00:00', NULL, 'TP', 6, 0, NULL, 20015, 41, 1009, 1008),
(1604, '2015-09-16 14:15:00', '2015-09-16 15:45:00', NULL, 'TD', 6, 0, NULL, 20015, 41, 1004, 1001),
(1612, '2015-09-17 08:15:00', '2015-09-17 09:45:00', NULL, 'TP', 6, 0, NULL, 20015, 41, 1011, 1008),
(1652, '2015-09-18 09:45:00', '2015-09-18 11:15:00', NULL, 'TP', 6, 0, NULL, 20056, 3276, 1014, 1005),
(1654, '2015-09-18 08:15:00', '2015-09-18 09:45:00', NULL, 'TP', 6, 0, NULL, 20056, 3276, 1014, 1005),
(1665, '2015-09-15 09:45:00', '2015-09-15 11:15:00', NULL, 'TD', 6, 0, NULL, 20056, 1, 1025, 1008),
(1672, '2015-09-15 11:30:00', '2015-09-15 13:00:00', NULL, 'TP', 6, 0, NULL, 20057, 1, 1014, 1005),
(1676, '2015-09-15 14:15:00', '2015-09-15 15:45:00', NULL, 'TP', 6, 0, NULL, 20056, 1, 1026, 1005),
(1677, '2015-09-15 16:00:00', '2015-09-15 17:30:00', NULL, 'TP', 6, 0, NULL, 20056, 1, 1026, 1005),
(1680, '2015-09-15 16:00:00', '2015-09-15 17:30:00', NULL, 'TP', 6, 0, NULL, 20057, 2, 1015, 3033),
(1701, '2015-09-17 09:45:00', '2015-09-17 11:15:00', NULL, 'TD', 6, 0, NULL, 20058, 41, 1006, 1000),
(1744, '2015-09-23 09:45:00', '2015-09-23 11:15:00', NULL, 'TD', 6, 0, NULL, 20015, 41, 1003, 1001),
(1751, '2015-09-23 11:30:00', '2015-09-23 13:00:00', NULL, 'TP', 6, 0, NULL, 20015, 41, 1009, 1008),
(1752, '2015-09-23 14:15:00', '2015-09-23 15:45:00', NULL, 'TD', 6, 0, NULL, 20015, 41, 1004, 1001),
(1759, '2015-09-24 08:15:00', '2015-09-24 09:45:00', NULL, 'TP', 6, 0, NULL, 20015, 41, 1011, 1008),
(1798, '2015-09-21 09:45:00', '2015-09-21 11:15:00', NULL, 'TP', 6, 0, NULL, 20056, 3276, 1014, 1008),
(1802, '2015-09-21 11:30:00', '2015-09-21 13:00:00', NULL, 'TP', 6, 0, NULL, 20056, 3353, 1016, 1007),
(1805, '2015-09-21 11:30:00', '2015-09-21 13:00:00', NULL, 'TP', 6, 0, NULL, 20056, 3276, 1014, 1008),
(1806, '2015-09-21 14:15:00', '2015-09-21 15:45:00', NULL, 'TP', 6, 0, NULL, 20056, 3353, 1016, 1007),
(1811, '2015-09-22 08:15:00', '2015-09-22 09:45:00', NULL, 'CM', 6, 0, NULL, 20057, 1, 1002, 1000),
(1812, '2015-09-22 09:45:00', '2015-09-22 11:15:00', NULL, 'TD', 6, 0, NULL, 20056, 1, 1025, 1008),
(1817, '2015-09-22 11:30:00', '2015-09-22 13:00:00', NULL, 'TP', 6, 0, NULL, 20057, 1, 1014, 1005),
(1823, '2015-09-22 14:15:00', '2015-09-22 15:45:00', NULL, 'TP', 6, 0, NULL, 20056, 1, 1026, 1005),
(1825, '2015-09-23 16:00:00', '2015-09-23 17:30:00', NULL, 'TP', 6, 0, NULL, 20057, 2, 1015, 1007),
(1826, '2015-09-22 16:00:00', '2015-09-22 17:30:00', NULL, 'TP', 6, 0, NULL, 20056, 1, 1026, 1005),
(1848, '2015-09-24 09:45:00', '2015-09-24 11:15:00', NULL, 'CM', 6, 0, NULL, 20058, 41, 1002, 1000),
(1849, '2015-09-24 11:30:00', '2015-09-24 13:00:00', NULL, 'TD', 6, 0, NULL, 20058, 41, 1006, 1002),
(1850, '2015-09-25 08:15:00', '2015-09-25 09:45:00', NULL, 'TP', 6, 0, NULL, 20057, 1, 1026, 1007),
(1853, '2015-09-25 09:45:00', '2015-09-25 11:15:00', NULL, 'TP', 6, 0, NULL, 20057, 1, 1016, 1007),
(1867, '2015-09-28 09:45:00', '2015-09-28 11:15:00', NULL, 'TP', 6, 0, NULL, 20056, 3276, 1014, 1008),
(1871, '2015-09-28 11:30:00', '2015-09-28 13:00:00', NULL, 'TP', 6, 0, NULL, 20056, 3353, 1016, 1007),
(1874, '2015-09-28 11:30:00', '2015-09-28 13:00:00', NULL, 'TP', 6, 0, NULL, 20056, 3276, 1014, 1008),
(1875, '2015-09-28 14:15:00', '2015-09-28 15:45:00', NULL, 'TP', 6, 0, NULL, 20056, 3353, 1016, 1007),
(1881, '2015-09-29 09:45:00', '2015-09-29 11:15:00', NULL, 'TD', 6, 0, NULL, 20056, 1, 1025, 1008),
(1886, '2015-09-29 11:30:00', '2015-09-29 13:00:00', NULL, 'TP', 6, 0, NULL, 20057, 1, 1014, 1005),
(1892, '2015-09-29 14:15:00', '2015-09-29 15:45:00', NULL, 'TP', 6, 0, NULL, 20056, 1, 1026, 1005),
(1894, '2015-10-02 09:45:00', '2015-10-02 11:15:00', NULL, 'TP', 6, 0, NULL, 20057, 2, 1015, 3033),
(1895, '2015-09-29 16:00:00', '2015-09-29 17:30:00', NULL, 'TP', 6, 0, NULL, 20056, 1, 1026, 1005),
(1918, '2015-10-01 09:45:00', '2015-10-01 11:15:00', NULL, 'TD', 6, 0, NULL, 20058, 41, 1006, 1002),
(1919, '2015-10-08 11:30:00', '2015-10-08 13:00:00', NULL, 'TP', 6, 0, NULL, 20057, 3266, 1026, 1007),
(1922, '2015-10-06 16:00:00', '2015-10-06 17:30:00', NULL, 'TP', 6, 0, NULL, 20057, 3266, 1016, 3033),
(1960, '2015-09-30 08:15:00', '2015-09-30 09:45:00', NULL, 'CM', 6, 0, NULL, 20015, 41, 1001, 1000),
(1961, '2015-09-30 09:45:00', '2015-09-30 11:15:00', NULL, 'TD', 6, 0, NULL, 20015, 41, 1003, 1001),
(1968, '2015-09-30 11:30:00', '2015-09-30 13:00:00', NULL, 'TP', 6, 0, NULL, 20015, 41, 1009, 1008),
(1969, '2015-09-30 14:15:00', '2015-09-30 15:45:00', NULL, 'TD', 6, 0, NULL, 20015, 41, 1004, 1001),
(1976, '2015-10-01 11:30:00', '2015-10-01 13:00:00', NULL, 'TP', 6, 0, NULL, 20015, 41, 1011, 1009),
(2040, '2015-10-05 11:30:00', '2015-10-05 13:00:00', NULL, 'TD', 6, 0, NULL, 20015, 41, 1003, 1000),
(2047, '2015-10-09 11:30:00', '2015-10-09 13:00:00', NULL, 'TP', 6, 0, NULL, 20015, 41, 1009, 1007),
(2048, '2015-10-05 14:15:00', '2015-10-05 15:45:00', NULL, 'TD', 6, 0, NULL, 20015, 41, 1004, 1000),
(2055, '2015-10-08 08:15:00', '2015-10-08 09:45:00', NULL, 'TP', 6, 0, NULL, 20015, 41, 1011, 1008),
(2094, '2015-10-05 09:45:00', '2015-10-05 11:15:00', NULL, 'TP', 6, 0, NULL, 20056, 3276, 1014, 1008),
(2098, '2015-10-05 11:30:00', '2015-10-05 13:00:00', NULL, 'TP', 6, 0, NULL, 20056, 3353, 1016, 1007),
(2101, '2015-10-05 11:30:00', '2015-10-05 13:00:00', NULL, 'TP', 6, 0, NULL, 20056, 3276, 1014, 1008),
(2102, '2015-10-05 14:15:00', '2015-10-05 15:45:00', NULL, 'TP', 6, 0, NULL, 20056, 3353, 1016, 1007),
(2107, '2015-10-06 08:15:00', '2015-10-06 09:45:00', NULL, 'CM', 6, 0, NULL, 20056, 1, 1002, 1000),
(2108, '2015-10-06 09:45:00', '2015-10-06 11:15:00', NULL, 'TD', 6, 0, NULL, 20056, 1, 1025, 1008),
(2113, '2015-10-06 11:30:00', '2015-10-06 13:00:00', NULL, 'TP', 6, 0, NULL, 20057, 1, 1014, 1005),
(2119, '2015-10-06 14:15:00', '2015-10-06 15:45:00', NULL, 'TP', 6, 0, NULL, 20056, 1, 1026, 1005),
(2121, '2015-10-07 16:00:00', '2015-10-07 17:30:00', NULL, 'TP', 6, 0, NULL, 20057, 2, 1015, 1007),
(2122, '2015-10-06 16:00:00', '2015-10-06 17:30:00', NULL, 'TP', 6, 0, NULL, 20056, 1, 1026, 1005),
(2144, '2015-10-08 09:45:00', '2015-10-08 11:15:00', NULL, 'CM', 6, 0, NULL, 20058, 41, 1002, 1000),
(2145, '2015-10-08 11:30:00', '2015-10-08 13:00:00', NULL, 'TD', 6, 0, NULL, 20058, 41, 1006, 1002),
(2146, '2015-10-05 14:15:00', '2015-10-05 15:45:00', NULL, 'TP', 6, 0, NULL, 20057, 3266, 1026, 1009),
(2149, '2015-10-05 16:00:00', '2015-10-05 17:30:00', NULL, 'TP', 6, 0, NULL, 20057, 3266, 1016, 1007),
(2187, '2015-10-14 08:15:00', '2015-10-14 09:45:00', NULL, 'CM', 6, 0, NULL, 20015, 41, 1001, 1000),
(2188, '2015-10-14 09:45:00', '2015-10-14 11:15:00', NULL, 'TD', 6, 0, NULL, 20015, 41, 1003, 1001),
(2194, '2015-10-14 11:30:00', '2015-10-14 13:00:00', NULL, 'TP', 6, 0, NULL, 20015, 41, 1009, 1008),
(2196, '2015-10-14 14:15:00', '2015-10-14 15:45:00', NULL, 'TD', 6, 0, NULL, 20015, 41, 1004, 1001),
(2203, '2015-10-15 08:15:00', '2015-10-15 09:45:00', NULL, 'TP', 6, 0, NULL, 20015, 41, 1011, 1008),
(2242, '2015-10-12 09:45:00', '2015-10-12 11:15:00', NULL, 'TP', 6, 0, NULL, 20056, 3276, 1014, 1008),
(2246, '2015-10-12 11:30:00', '2015-10-12 13:00:00', NULL, 'TP', 6, 0, NULL, 20056, 3353, 1016, 1007),
(2249, '2015-10-12 11:30:00', '2015-10-12 13:00:00', NULL, 'TP', 6, 0, NULL, 20056, 3276, 1014, 1008),
(2250, '2015-10-12 14:15:00', '2015-10-12 15:45:00', NULL, 'TP', 6, 0, NULL, 20056, 3353, 1016, 1007),
(2256, '2015-10-13 09:45:00', '2015-10-13 11:15:00', NULL, 'TD', 6, 0, NULL, 20056, 1, 1025, 1008),
(2261, '2015-10-13 11:30:00', '2015-10-13 13:00:00', NULL, 'TP', 6, 0, NULL, 20057, 1, 1014, 1005),
(2267, '2015-10-13 14:15:00', '2015-10-13 15:45:00', NULL, 'TP', 6, 0, NULL, 20056, 1, 1026, 1005);
INSERT INTO `lesson` (`id`, `start`, `end`, `num`, `type`, `duration`, `manual`, `color`, `course_id`, `teacher_id`, `groupe_id`, `room_id`) VALUES
(2269, '2015-10-19 14:15:00', '2015-10-19 15:45:00', NULL, 'TP', 6, 0, NULL, 20057, 2, 1015, 3033),
(2270, '2015-10-13 16:00:00', '2015-10-13 17:30:00', NULL, 'TP', 6, 0, NULL, 20056, 1, 1026, 1005),
(2293, '2015-10-15 09:45:00', '2015-10-15 11:15:00', NULL, 'TD', 6, 0, NULL, 20058, 41, 1006, 1002),
(2294, '2015-10-12 14:15:00', '2015-10-12 15:45:00', NULL, 'TP', 6, 0, NULL, 20057, 3266, 1026, 1009),
(2297, '2015-10-12 16:00:00', '2015-10-12 17:30:00', NULL, 'TP', 6, 0, NULL, 20057, 3266, 1016, 1007),
(2336, '2015-10-21 09:45:00', '2015-10-21 11:15:00', NULL, 'TD', 6, 0, NULL, 20015, 41, 1003, 1001),
(2343, '2015-10-21 11:30:00', '2015-10-21 13:00:00', NULL, 'TP', 6, 0, NULL, 20015, 41, 1009, 1008),
(2344, '2015-10-22 09:45:00', '2015-10-22 11:15:00', NULL, 'TD', 6, 0, NULL, 20015, 41, 1004, 1001),
(2351, '2015-10-22 11:30:00', '2015-10-22 13:00:00', NULL, 'TP', 6, 0, NULL, 20015, 41, 1011, 1009),
(2392, '2015-10-19 09:45:00', '2015-10-19 11:15:00', NULL, 'TP', 6, 0, NULL, 20056, 3276, 1014, 1008),
(2394, '2015-10-19 11:30:00', '2015-10-19 13:00:00', NULL, 'TP', 6, 0, NULL, 20056, 3276, 1014, 1008),
(2397, '2015-10-19 11:30:00', '2015-10-19 13:00:00', NULL, 'TP', 6, 0, NULL, 20056, 3353, 1016, 1007),
(2398, '2015-10-19 14:15:00', '2015-10-19 15:45:00', NULL, 'TP', 6, 0, NULL, 20056, 3353, 1016, 1007),
(2403, '2015-10-20 08:15:00', '2015-10-20 09:45:00', NULL, 'CM', 6, 0, NULL, 20056, 1, 1002, 1000),
(2404, '2015-10-20 09:45:00', '2015-10-20 11:15:00', NULL, 'TD', 6, 0, NULL, 20056, 1, 1025, 3033),
(2412, '2015-10-20 11:30:00', '2015-10-20 13:00:00', NULL, 'TP', 6, 0, NULL, 20057, 1, 1014, 3033),
(2415, '2015-10-20 14:15:00', '2015-10-20 15:45:00', NULL, 'TP', 6, 0, NULL, 20056, 1, 1026, 1005),
(2417, '2015-10-21 16:00:00', '2015-10-21 17:30:00', NULL, 'TP', 6, 0, NULL, 20057, 2, 1015, 1005),
(2418, '2015-10-20 16:00:00', '2015-10-20 17:30:00', NULL, 'TP', 6, 0, NULL, 20056, 1, 1026, 1005),
(2481, '2015-09-08 08:30:00', '2015-09-08 10:30:00', NULL, 'TD', 8, 0, NULL, 30013, 2029, 2003, 2004),
(2486, '2015-09-08 10:30:00', '2015-09-08 12:30:00', NULL, 'TD', 8, 0, NULL, 30013, 2029, 2005, 2004),
(2493, '2015-09-09 11:00:00', '2015-09-09 13:00:00', NULL, 'TD', 8, 0, NULL, 30013, 2029, 2003, 2005),
(2499, '2015-09-09 09:00:00', '2015-09-09 11:00:00', NULL, 'TD', 8, 0, NULL, 30013, 2029, 2005, 2005),
(2518, '2015-09-11 13:30:00', '2015-09-11 15:00:00', NULL, 'TD', 6, 0, NULL, 30013, 2029, 2003, 2000),
(2529, '2015-09-11 15:00:00', '2015-09-11 16:30:00', NULL, 'TD', 6, 0, NULL, 30013, 2029, 2005, 2000),
(2559, '2015-09-08 14:30:00', '2015-09-08 16:00:00', NULL, 'TD', 6, 0, NULL, 30312, 2029, 3053, 2007),
(2562, '2015-09-08 14:30:00', '2015-09-08 16:00:00', NULL, '', 6, 0, NULL, 30312, 2029, 3062, 2007),
(2575, '2015-09-11 10:00:00', '2015-09-11 12:00:00', NULL, 'TD', 8, 0, NULL, 30338, 2080, 3051, 2000),
(2579, '2015-09-11 08:00:00', '2015-09-11 10:00:00', NULL, 'TD', 8, 0, NULL, 30338, 2080, 3050, 2000),
(2590, '2015-09-11 11:00:00', '2015-09-11 13:00:00', NULL, 'TD', 8, 0, NULL, 30328, 2029, 3056, 2008),
(2606, '2015-09-03 09:00:00', '2015-09-03 18:00:00', NULL, 'PR', 36, 1, NULL, NULL, NULL, 5000, 2005),
(2607, '2015-09-03 09:00:00', '2015-09-03 18:00:00', NULL, 'PR', 36, 1, NULL, NULL, NULL, 5000, 2002),
(2615, '2015-09-22 16:15:00', '2015-09-22 17:45:00', NULL, 'DS', 6, 0, '#F6E8B1', 10205, 2, 3, 18),
(2627, '2015-09-04 10:00:00', '2015-09-04 11:30:00', NULL, 'TD', 6, 0, NULL, 10200, 16, 9, 12),
(2628, '2015-09-04 10:00:00', '2015-09-04 11:30:00', NULL, 'TD', 6, 0, NULL, 10200, 36, 10, 13),
(2629, '2015-09-04 10:00:00', '2015-09-04 11:30:00', NULL, 'TD', 6, 0, NULL, 10200, 17, 26, 10),
(2640, '2015-09-03 10:00:00', '2015-09-03 12:00:00', NULL, 'TD', 8, 0, NULL, 30328, 2029, 3056, 2004),
(2699, '2015-09-15 08:30:00', '2015-09-15 10:30:00', NULL, 'TD', 8, 0, NULL, 30013, 2029, 2003, 2004),
(2709, '2015-09-15 10:30:00', '2015-09-15 12:30:00', NULL, 'TD', 8, 0, NULL, 30013, 2029, 2005, 2004),
(2716, '2015-09-15 14:30:00', '2015-09-15 16:00:00', NULL, '', 6, 0, NULL, 30312, 2029, 3062, 2007),
(2718, '2015-09-15 14:30:00', '2015-09-15 16:00:00', NULL, 'TD', 6, 0, NULL, 30312, 2029, 3053, 2007),
(2730, '2015-09-16 09:00:00', '2015-09-16 11:00:00', NULL, 'TD', 8, 0, NULL, 30013, 2029, 2005, 2005),
(2736, '2015-09-16 11:00:00', '2015-09-16 13:00:00', NULL, 'TD', 8, 0, NULL, 30013, 2029, 2003, 2005),
(2762, '2015-09-18 08:00:00', '2015-09-18 10:00:00', NULL, 'TD', 8, 0, NULL, 30338, 2080, 3050, 2000),
(2765, '2015-09-18 08:00:00', '2015-09-18 10:00:00', NULL, 'TD', 8, 0, NULL, 30328, 2029, 3056, 2008),
(2772, '2015-09-18 10:00:00', '2015-09-18 12:00:00', NULL, 'TD', 8, 0, NULL, 30338, 2080, 3051, 2000),
(2783, '2015-09-18 13:30:00', '2015-09-18 15:00:00', NULL, 'TD', 6, 0, NULL, 30013, 2029, 2003, 2000),
(2793, '2015-09-18 15:00:00', '2015-09-18 16:30:00', NULL, 'TD', 6, 0, NULL, 30013, 2029, 2005, 2000),
(2795, '2015-09-02 09:00:00', '2015-09-02 13:00:00', NULL, '', 16, 0, NULL, 30042, NULL, 2001, 2009),
(2799, '2015-09-12 08:00:00', '2015-09-12 12:00:00', NULL, 'PR', 16, 1, NULL, NULL, NULL, 2000, 1000),
(2800, '2015-09-19 08:00:00', '2015-09-19 12:00:00', NULL, 'PR', 16, 1, NULL, NULL, NULL, 2000, 1000),
(2801, '2015-09-26 08:00:00', '2015-09-26 12:00:00', NULL, 'PR', 16, 1, NULL, NULL, NULL, 2000, 1000),
(2802, '2015-10-03 08:00:00', '2015-10-03 12:00:00', NULL, 'PR', 16, 1, NULL, NULL, NULL, 2000, 1000),
(2803, '2015-10-17 08:00:00', '2015-10-17 12:00:00', NULL, 'PR', 16, 1, NULL, NULL, NULL, 2000, 1000),
(2958, '2015-09-10 09:00:00', '2015-09-10 12:00:00', NULL, 'TD', 12, 0, NULL, 30332, 2029, 3056, 2005),
(2962, '2015-09-17 10:00:00', '2015-09-17 13:00:00', NULL, 'TD', 12, 0, NULL, 30328, 2029, 3056, 2004),
(3002, '2015-09-22 08:30:00', '2015-09-22 10:30:00', NULL, 'TD', 8, 0, NULL, 30013, 2029, 2003, 2004),
(3012, '2015-09-22 10:30:00', '2015-09-22 12:30:00', NULL, 'TD', 8, 0, NULL, 30013, 2029, 2005, 2004),
(3019, '2015-09-22 14:30:00', '2015-09-22 16:00:00', NULL, 'TD', 6, 0, NULL, 30312, 2029, 3053, 2007),
(3022, '2015-09-22 14:30:00', '2015-09-22 16:00:00', NULL, '', 6, 0, NULL, 30312, 2029, 3062, 2007),
(3030, '2015-09-23 09:00:00', '2015-09-23 11:00:00', NULL, 'TD', 8, 0, NULL, 30013, 2029, 2005, 2008),
(3038, '2015-09-23 11:00:00', '2015-09-23 13:00:00', NULL, 'TD', 8, 0, NULL, 30013, 2029, 2003, 2008),
(3068, '2015-09-25 08:00:00', '2015-09-25 10:00:00', NULL, 'TD', 8, 0, NULL, 30338, 2080, 3050, 2000),
(3072, '2015-09-25 08:00:00', '2015-09-25 10:00:00', NULL, 'TD', 8, 0, NULL, 30328, 2029, 3056, 2008),
(3078, '2015-09-25 10:00:00', '2015-09-25 12:00:00', NULL, 'TD', 8, 0, NULL, 30338, 2080, 3051, 2000),
(3088, '2015-09-25 13:30:00', '2015-09-25 15:00:00', NULL, 'TD', 6, 0, NULL, 30013, 2029, 2003, 2000),
(3097, '2015-09-25 15:00:00', '2015-09-25 16:30:00', NULL, 'TD', 6, 0, NULL, 30013, 2029, 2005, 2000),
(3137, '2015-09-29 08:30:00', '2015-09-29 10:30:00', NULL, 'TD', 8, 0, NULL, 30013, 2029, 2003, 2004),
(3144, '2015-09-29 10:30:00', '2015-09-29 12:30:00', NULL, 'TD', 8, 0, NULL, 30013, 2029, 2005, 2004),
(3154, '2015-09-29 14:30:00', '2015-09-29 16:00:00', NULL, 'TD', 6, 0, NULL, 30312, 2029, 3053, 2007),
(3157, '2015-09-29 14:30:00', '2015-09-29 16:00:00', NULL, '', 6, 0, NULL, 30312, 2029, 3062, 2007),
(3166, '2015-09-30 09:00:00', '2015-09-30 11:00:00', NULL, 'TD', 8, 0, NULL, 30013, 2029, 2005, 2005),
(3172, '2015-09-30 11:00:00', '2015-09-30 13:00:00', NULL, 'TD', 8, 0, NULL, 30013, 2029, 2003, 2005),
(3196, '2015-10-01 10:00:00', '2015-10-01 13:00:00', NULL, 'TD', 12, 0, NULL, 30328, 2029, 3056, 2005),
(3203, '2015-10-02 08:00:00', '2015-10-02 10:00:00', NULL, 'TD', 8, 0, NULL, 30338, 2080, 3050, 2000),
(3207, '2015-10-02 08:00:00', '2015-10-02 10:00:00', NULL, 'TD', 8, 0, NULL, 30328, 2029, 3056, 2005),
(3208, '2015-10-02 09:00:00', '2015-10-02 11:00:00', NULL, 'TD', 8, 0, NULL, 30005, 3266, 2002, 2006),
(3213, '2015-10-02 10:00:00', '2015-10-02 12:00:00', NULL, 'TD', 8, 0, NULL, 30338, 2080, 3051, 2000),
(3217, '2015-10-02 11:00:00', '2015-10-02 13:00:00', NULL, 'TD', 8, 0, NULL, 30005, 3266, 2003, 2006),
(3223, '2015-10-02 13:30:00', '2015-10-02 15:00:00', NULL, 'TD', 6, 0, NULL, 30013, 2029, 2003, 2005),
(3232, '2015-10-02 15:00:00', '2015-10-02 16:30:00', NULL, 'TD', 6, 0, NULL, 30013, 2029, 2005, 2005),
(3421, '2015-09-28 10:00:00', '2015-09-28 11:00:00', NULL, 'CM', 4, 0, NULL, 25, 5, 4, 2015),
(3444, '2015-09-03 14:00:00', '2015-09-03 16:00:00', NULL, 'TD', 8, 0, NULL, 30013, 2029, 2003, 2004),
(3450, '2015-09-03 16:00:00', '2015-09-03 18:00:00', NULL, 'TD', 8, 0, NULL, 30013, 2029, 2005, 2004),
(3477, '2015-09-15 16:15:00', '2015-09-15 17:45:00', NULL, 'TD', 6, 0, NULL, 31, 14, 4, 2015),
(3479, '2015-10-13 16:15:00', '2015-10-13 17:45:00', NULL, 'TD', 6, 0, NULL, 31, 14, 4, 13),
(3484, '2015-09-28 16:15:00', '2015-09-28 18:15:00', NULL, 'TD', 8, 0, NULL, 38, 15, 4, 2015),
(3485, '2015-09-28 13:00:00', '2015-09-28 14:30:00', NULL, 'CM', 6, 0, NULL, 34, 36, 4, 2015),
(3486, '2015-09-28 14:30:00', '2015-09-28 16:00:00', NULL, 'TD', 6, 0, NULL, 34, 36, 4, 2015),
(3487, '2015-10-12 08:15:00', '2015-10-12 09:45:00', NULL, 'CM', 6, 0, NULL, 30, 3228, 4, 2015),
(3488, '2015-10-12 10:00:00', '2015-10-12 11:30:00', NULL, 'CM', 6, 0, NULL, 30, 3228, 4, 2015),
(3489, '2015-10-19 08:15:00', '2015-10-19 09:45:00', NULL, 'TD', 6, 0, NULL, 30, 3228, 4, 2015),
(3490, '2015-10-19 10:00:00', '2015-10-19 11:30:00', NULL, 'TD', 6, 0, NULL, 30, 3228, 4, 2015),
(3491, '2015-10-05 16:15:00', '2015-10-05 18:15:00', NULL, 'CM', 8, 0, NULL, 38, 15, 4, 2015),
(3492, '2015-10-12 16:15:00', '2015-10-12 17:15:00', NULL, 'CM', 4, 0, NULL, 38, 15, 4, 2015),
(3493, '2015-10-19 16:15:00', '2015-10-19 18:15:00', NULL, 'TD', 8, 0, NULL, 38, 15, 4, 2015),
(3496, '2015-10-14 10:00:00', '2015-10-14 11:00:00', NULL, 'CM', 4, 0, NULL, 30, 3228, 4, 2015),
(3497, '2015-10-07 14:00:00', '2015-10-07 17:00:00', NULL, 'TD', 12, 0, '#C79F4B', 2130, NULL, 4, NULL),
(3506, '2015-10-07 09:30:00', '2015-10-07 11:30:00', NULL, 'TD', 8, 0, NULL, 30, 3228, 4, 2015),
(3507, '2015-09-30 13:30:00', '2015-09-30 16:00:00', NULL, 'TD', 10, 0, NULL, 33, 30, 4, 2015),
(3508, '2015-10-12 13:00:00', '2015-10-12 16:00:00', NULL, 'TD', 12, 0, NULL, 34, 36, 4, 2015),
(3509, '2015-10-14 13:30:00', '2015-10-14 16:00:00', NULL, 'CM', 10, 0, NULL, 33, 30, 4, 2015),
(3510, '2015-09-17 13:00:00', '2015-09-17 17:00:00', NULL, 'PR', 16, 1, NULL, NULL, NULL, 3000, 2006),
(3511, '2015-09-24 13:00:00', '2015-09-24 17:00:00', NULL, 'PR', 16, 1, NULL, NULL, NULL, 3000, 2006),
(3512, '2015-10-01 13:00:00', '2015-10-01 17:00:00', NULL, 'PR', 16, 1, NULL, NULL, NULL, 3000, 2006),
(3513, '2015-10-08 13:00:00', '2015-10-08 17:00:00', NULL, 'PR', 16, 1, NULL, NULL, NULL, 3000, 2006),
(3515, '2015-10-15 13:30:00', '2015-10-15 17:30:00', NULL, 'PR', 16, 1, NULL, NULL, NULL, 3000, 2006),
(3520, '2015-10-21 13:30:00', '2015-10-21 16:00:00', NULL, 'CM', 10, 0, NULL, 33, 30, 4, 2015),
(3521, '2015-09-18 14:00:00', '2015-09-18 17:00:00', NULL, 'PR', 12, 1, NULL, NULL, NULL, 3000, 2006),
(3523, '2015-09-25 14:00:00', '2015-09-25 17:00:00', NULL, 'PR', 12, 1, NULL, NULL, NULL, 3000, 2006),
(3524, '2015-10-02 14:00:00', '2015-10-02 17:00:00', NULL, 'PR', 12, 1, NULL, NULL, NULL, 3000, 2006),
(3525, '2015-10-09 14:00:00', '2015-10-09 17:00:00', NULL, 'PR', 12, 1, NULL, NULL, NULL, 3000, 2006),
(3526, '2015-10-16 14:00:00', '2015-10-16 17:00:00', NULL, 'PR', 12, 1, NULL, NULL, NULL, 3000, 2006),
(3527, '2015-10-23 14:00:00', '2015-10-23 17:00:00', NULL, 'PR', 12, 1, NULL, NULL, NULL, 3000, 2006),
(3528, '2015-10-30 14:00:00', '2015-10-30 17:00:00', NULL, 'PR', 12, 1, NULL, NULL, NULL, 3000, 2006),
(3539, '2015-09-22 16:00:00', '2015-09-22 17:00:00', NULL, '', 4, 0, '#C79F4B', 30305, NULL, 3051, 2008),
(3541, '2015-09-22 17:00:00', '2015-09-22 18:00:00', NULL, '', 4, 0, '#C79F4B', 30305, NULL, 5021, 2008),
(3542, '2015-09-29 14:00:00', '2015-09-29 15:00:00', NULL, '', 4, 0, '#C79F4B', 30008, NULL, 2003, 2008),
(3544, '2015-09-29 15:00:00', '2015-09-29 16:00:00', NULL, 'DS', 4, 0, '#C79F4B', 30008, NULL, 2005, 2008),
(3701, '2015-09-15 16:00:00', '2015-09-15 18:00:00', NULL, 'PR', 8, 1, NULL, NULL, NULL, 1000, 12),
(3702, '2015-09-22 16:00:00', '2015-09-22 18:00:00', NULL, 'PR', 8, 1, NULL, NULL, NULL, 1000, 12),
(3704, '2015-10-06 16:00:00', '2015-10-06 18:00:00', NULL, 'PR', 8, 1, NULL, NULL, NULL, 1000, 12),
(3705, '2015-10-13 16:00:00', '2015-10-13 18:00:00', NULL, 'PR', 8, 1, NULL, NULL, NULL, 1000, 12),
(3706, '2015-10-20 16:00:00', '2015-10-20 18:00:00', NULL, 'PR', 8, 1, NULL, NULL, NULL, 1000, 12),
(3707, '2015-09-10 10:00:00', '2015-09-10 11:00:00', NULL, '', 4, 0, NULL, 51026, NULL, 1017, 1002),
(3708, '2015-09-29 16:15:00', '2015-09-29 17:45:00', NULL, 'DS', 6, 0, '#F6E8B1', 10202, 32, 3, 18),
(3711, '2015-09-24 08:00:00', '2015-09-24 12:00:00', NULL, 'PR', 16, 1, NULL, NULL, NULL, 5000, 2008),
(3712, '2015-10-19 13:00:00', '2015-10-19 16:00:00', NULL, 'TD', 12, 0, NULL, 34, 36, 4, 12),
(3716, '2015-10-05 13:00:00', '2015-10-05 16:00:00', NULL, 'CM', 12, 0, NULL, 38, 1040, 4, 2015),
(3717, '2015-10-06 16:15:00', '2015-10-06 18:15:00', NULL, 'TD', 8, 0, NULL, 38, 1040, 4, 2015),
(3718, '2015-10-20 16:15:00', '2015-10-20 18:15:00', NULL, 'TD', 8, 0, NULL, 38, 1040, 4, 2015),
(3719, '2015-10-21 08:15:00', '2015-10-21 09:45:00', NULL, 'TD', 6, 0, NULL, 38, 1040, 4, 7),
(3720, '2015-10-21 10:00:00', '2015-10-21 11:30:00', NULL, 'TD', 6, 0, NULL, 38, 1040, 4, 7),
(3880, '2015-09-18 14:00:00', '2015-09-18 17:00:00', 0, 'TD', 12, 0, NULL, 52017, 6, 5020, 3039),
(3883, '2015-09-21 14:00:00', '2015-09-21 16:00:00', 0, 'TD', 8, 0, NULL, 52017, 6, 5020, 2019),
(3890, '2015-10-05 14:00:00', '2015-10-05 16:00:00', 0, 'TD', 8, 0, NULL, 52017, 6, 5020, 2019),
(3895, '2015-10-08 14:00:00', '2015-10-08 18:00:00', 0, 'TD', 16, 0, NULL, 52019, NULL, 5020, NULL),
(3899, '2015-10-19 14:00:00', '2015-10-19 16:00:00', 0, 'TD', 8, 0, NULL, 52017, 6, 5020, 2019),
(3902, '2015-10-22 14:00:00', '2015-10-22 18:00:00', 0, 'TD', 16, 0, NULL, 52019, NULL, 5020, NULL),
(3957, '2015-09-07 09:00:00', '2015-09-07 11:00:00', 0, 'TD', 8, 0, NULL, 40011, 26, 3103, 3003),
(3965, '2015-09-08 15:00:00', '2015-09-08 16:00:00', 0, 'TD', 4, 0, NULL, 40006, 26, 3103, 3002),
(3970, '2015-09-09 11:00:00', '2015-09-09 13:00:00', 0, 'TD', 8, 0, NULL, 40519, 26, 3103, 3005),
(3982, '2015-09-07 14:00:00', '2015-09-07 16:00:00', 0, 'TD', 8, 0, NULL, 40011, 26, 3104, 3003),
(3985, '2015-09-08 12:00:00', '2015-09-08 13:00:00', 0, 'TD', 4, 0, NULL, 40006, 26, 3104, 3002),
(3992, '2015-09-09 14:00:00', '2015-09-09 15:00:00', 0, 'CM', 4, 0, NULL, 40002, NULL, 3104, 3000),
(4001, '2015-09-11 14:00:00', '2015-09-11 16:00:00', 0, 'TD', 8, 0, NULL, 40519, 26, 3104, 3005),
(4003, '2015-09-07 11:00:00', '2015-09-07 13:00:00', 0, 'TD', 8, 0, NULL, 40011, 26, 3105, 3003),
(4006, '2015-09-08 09:00:00', '2015-09-08 10:00:00', 0, 'TD', 4, 0, NULL, 40006, 26, 3105, 3002),
(4007, '2015-09-09 08:00:00', '2015-09-09 09:00:00', 0, 'CM', 4, 0, NULL, 40002, NULL, 3105, 3000),
(4009, '2015-09-09 12:00:00', '2015-09-09 13:00:00', 0, 'CM', 4, 0, NULL, 40002, NULL, 3105, 3000),
(4012, '2015-09-10 09:00:00', '2015-09-10 11:00:00', 0, 'TD', 8, 0, NULL, 40519, 26, 3105, 3005),
(4016, '2015-09-11 10:00:00', '2015-09-11 11:00:00', 0, 'CM', 4, 0, NULL, 40007, NULL, 3105, 3000),
(4019, '2015-09-11 14:30:00', '2015-09-11 15:30:00', 0, 'CM', 4, 0, NULL, 40004, NULL, 3105, 3000),
(4026, '2015-09-08 10:00:00', '2015-09-08 11:00:00', 0, 'TD', 4, 0, NULL, 40006, 26, 3106, 3002),
(4027, '2015-09-08 11:00:00', '2015-09-08 12:00:00', 0, 'CM', 4, 0, NULL, 40001, NULL, 3106, 3000),
(4039, '2015-09-11 09:00:00', '2015-09-11 11:00:00', 0, 'TD', 8, 0, NULL, 40519, 26, 3106, 3005),
(4040, '2015-09-11 11:00:00', '2015-09-11 12:00:00', 0, 'CM', 4, 0, NULL, 40007, NULL, 3106, 3000),
(4041, '2015-09-11 12:00:00', '2015-09-11 13:00:00', 0, 'CM', 4, 0, NULL, 40004, NULL, 3106, 3000),
(4048, '2015-09-08 11:00:00', '2015-09-08 12:00:00', 0, 'CM', 4, 0, NULL, 40001, NULL, 3107, 3000),
(4049, '2015-09-08 14:00:00', '2015-09-08 15:00:00', 0, 'TD', 4, 0, NULL, 40006, 26, 3107, 3002),
(4051, '2015-09-09 08:00:00', '2015-09-09 09:00:00', 0, 'CM', 4, 0, NULL, 40002, NULL, 3107, 3000),
(4053, '2015-09-09 09:00:00', '2015-09-09 11:00:00', 0, 'TD', 8, 0, NULL, 40519, 26, 3107, 3005),
(4055, '2015-09-09 12:00:00', '2015-09-09 13:00:00', 0, 'CM', 4, 0, NULL, 40002, NULL, 3107, 3000),
(4061, '2015-09-11 11:00:00', '2015-09-11 12:00:00', 0, 'CM', 4, 0, NULL, 40007, NULL, 3107, 3000),
(4062, '2015-09-11 12:00:00', '2015-09-11 13:00:00', 0, 'CM', 4, 0, NULL, 40004, NULL, 3107, 3000),
(4069, '2015-09-08 10:00:00', '2015-09-08 11:00:00', 0, 'CM', 4, 0, NULL, 40001, NULL, 3108, 3000),
(4074, '2015-09-09 12:00:00', '2015-09-09 13:00:00', 0, 'CM', 4, 0, NULL, 40002, NULL, 3108, 3000),
(4075, '2015-09-09 14:00:00', '2015-09-09 15:00:00', 0, 'CM', 4, 0, NULL, 40002, NULL, 3108, 3000),
(4080, '2015-09-10 11:00:00', '2015-09-10 13:00:00', 0, 'TD', 8, 0, NULL, 40519, 26, 3108, 3005),
(4083, '2015-09-11 10:00:00', '2015-09-11 11:00:00', 0, 'CM', 4, 0, NULL, 40007, NULL, 3108, 3000),
(4085, '2015-09-11 13:00:00', '2015-09-11 14:00:00', 0, 'TD', 4, 0, NULL, 40006, 26, 3108, 3002),
(4086, '2015-09-11 14:30:00', '2015-09-11 15:30:00', 0, 'CM', 4, 0, NULL, 40004, NULL, 3108, 3000),
(4087, '2015-09-08 10:00:00', '2015-09-08 11:00:00', NULL, 'CM', 4, 0, NULL, 40001, NULL, 3105, 3000),
(4096, '2015-09-07 14:00:00', '2015-09-07 16:00:00', 0, 'TD', 8, 0, NULL, 40048, 2080, 5018, 3010),
(4097, '2015-09-07 16:00:00', '2015-09-07 18:00:00', 0, 'TD', 8, 0, NULL, 40037, NULL, 5018, 3004),
(4101, '2015-09-09 08:00:00', '2015-09-09 10:00:00', 0, 'TD', 8, 0, NULL, 40330, NULL, 5018, 3009),
(4120, '2015-09-07 13:00:00', '2015-09-07 14:00:00', 0, 'CM', 4, 0, NULL, 40049, NULL, 5019, 3000),
(4123, '2015-09-08 08:00:00', '2015-09-08 09:00:00', 0, 'CM', 4, 0, NULL, 40043, NULL, 5019, 3000),
(4129, '2015-09-09 13:00:00', '2015-09-09 14:00:00', 0, 'CM', 4, 0, NULL, 40041, NULL, 5019, 3000),
(4130, '2015-09-09 14:00:00', '2015-09-09 16:00:00', 0, 'TD', 8, 0, NULL, 40048, 2080, 5019, 3010),
(4133, '2015-09-10 14:00:00', '2015-09-10 16:00:00', 0, 'TD', 8, 0, NULL, 51093, 26, 5019, 3017),
(4134, '2015-09-11 08:00:00', '2015-09-11 09:00:00', 0, 'CM', 4, 0, NULL, 40045, NULL, 5019, 3000),
(4135, '2015-09-11 09:00:00', '2015-09-11 10:00:00', 0, 'CM', 4, 0, NULL, 40046, NULL, 5019, 3000),
(4137, '2015-09-11 13:00:00', '2015-09-11 14:00:00', 0, 'CM', 4, 0, NULL, 40047, NULL, 5019, 3000),
(4141, '2015-09-07 13:00:00', '2015-09-07 14:00:00', 0, 'CM', 4, 0, NULL, 40049, NULL, 3122, 3000),
(4144, '2015-09-08 08:00:00', '2015-09-08 09:00:00', 0, 'CM', 4, 0, NULL, 40043, NULL, 3122, 3000),
(4151, '2015-09-09 13:00:00', '2015-09-09 14:00:00', 0, 'CM', 4, 0, NULL, 40041, NULL, 3122, 3000),
(4153, '2015-09-09 16:00:00', '2015-09-09 18:00:00', 0, 'TD', 8, 0, NULL, 40048, 2080, 3122, 3010),
(4158, '2015-09-11 08:00:00', '2015-09-11 09:00:00', 0, 'CM', 4, 0, NULL, 40045, NULL, 3122, 3000),
(4159, '2015-09-11 09:00:00', '2015-09-11 10:00:00', 0, 'CM', 4, 0, NULL, 40046, NULL, 3122, 3000),
(4161, '2015-09-11 13:00:00', '2015-09-11 14:00:00', 0, 'CM', 4, 0, NULL, 40047, NULL, 3122, 3000),
(4165, '2015-09-07 10:00:00', '2015-09-07 12:00:00', 0, 'TD', 8, 0, NULL, 40048, 2080, 3123, 3010),
(4166, '2015-09-07 13:00:00', '2015-09-07 14:00:00', 0, 'CM', 4, 0, NULL, 40049, NULL, 3123, 3000),
(4169, '2015-09-08 08:00:00', '2015-09-08 09:00:00', 0, 'CM', 4, 0, NULL, 40043, NULL, 3123, 3000),
(4173, '2015-09-09 13:00:00', '2015-09-09 14:00:00', 0, 'CM', 4, 0, NULL, 40041, NULL, 3123, 3000),
(4179, '2015-09-11 08:00:00', '2015-09-11 09:00:00', 0, 'CM', 4, 0, NULL, 40045, NULL, 3123, 3000),
(4180, '2015-09-11 09:00:00', '2015-09-11 10:00:00', 0, 'CM', 4, 0, NULL, 40046, NULL, 3123, 3000),
(4183, '2015-09-11 13:00:00', '2015-09-11 14:00:00', 0, 'CM', 4, 0, NULL, 40047, NULL, 3123, 3000),
(4190, '2015-09-07 13:00:00', '2015-09-07 14:00:00', 0, 'CM', 4, 0, NULL, 40049, NULL, 3124, 3000),
(4193, '2015-09-08 08:00:00', '2015-09-08 09:00:00', 0, 'CM', 4, 0, NULL, 40043, NULL, 3124, 3000),
(4198, '2015-09-09 10:00:00', '2015-09-09 12:00:00', 0, 'TD', 8, 0, NULL, 40048, 2080, 3124, 3010),
(4199, '2015-09-09 13:00:00', '2015-09-09 14:00:00', 0, 'CM', 4, 0, NULL, 40041, NULL, 3124, 3000),
(4205, '2015-09-11 08:00:00', '2015-09-11 09:00:00', 0, 'CM', 4, 0, NULL, 40045, NULL, 3124, 3000),
(4206, '2015-09-11 09:00:00', '2015-09-11 10:00:00', 0, 'CM', 4, 0, NULL, 40046, NULL, 3124, 3000),
(4208, '2015-09-11 13:00:00', '2015-09-11 14:00:00', 0, 'CM', 4, 0, NULL, 40047, NULL, 3124, 3000),
(4214, '2015-09-07 13:00:00', '2015-09-07 14:00:00', 0, 'CM', 4, 0, NULL, 40049, NULL, 3135, 3000),
(4216, '2015-09-07 16:00:00', '2015-09-07 18:00:00', 0, 'TD', 8, 0, NULL, 40048, 2080, 3135, 3010),
(4217, '2015-09-08 08:00:00', '2015-09-08 09:00:00', 0, 'CM', 4, 0, NULL, 40043, NULL, 3135, 3000),
(4224, '2015-09-09 13:00:00', '2015-09-09 14:00:00', 0, 'CM', 4, 0, NULL, 40041, NULL, 3135, 3000),
(4230, '2015-09-10 14:00:00', '2015-09-10 18:00:00', 0, 'TD', 16, 0, NULL, 51093, NULL, 3135, 3017),
(4231, '2015-09-11 08:00:00', '2015-09-11 09:00:00', 0, 'CM', 4, 0, NULL, 40045, NULL, 3135, 3000),
(4232, '2015-09-11 09:00:00', '2015-09-11 10:00:00', 0, 'CM', 4, 0, NULL, 40046, NULL, 3135, 3000),
(4233, '2015-09-11 13:00:00', '2015-09-11 14:00:00', 0, 'CM', 4, 0, NULL, 40047, NULL, 3135, 3000),
(4243, '2015-10-29 13:30:00', '2015-10-29 17:30:00', NULL, 'PR', 16, 1, NULL, NULL, NULL, 3000, 2006),
(4278, '2015-09-01 08:00:00', '2015-09-01 09:00:00', 0, 'CM', 4, 0, NULL, 40043, NULL, 3122, 3000),
(4279, '2015-09-01 08:00:00', '2015-09-01 09:00:00', 0, 'CM', 4, 0, NULL, 40043, NULL, 5019, 3000),
(4281, '2015-09-01 08:00:00', '2015-09-01 09:00:00', 0, 'CM', 4, 0, NULL, 40043, NULL, 3135, 3000),
(4282, '2015-09-01 08:00:00', '2015-09-01 09:00:00', 0, 'CM', 4, 0, NULL, 40043, NULL, 3124, 3000),
(4283, '2015-09-01 08:00:00', '2015-09-01 09:00:00', 0, 'CM', 4, 0, NULL, 40043, NULL, 3123, 3000),
(4304, '2015-09-02 08:00:00', '2015-09-02 10:00:00', 0, 'TD', 8, 0, NULL, 40330, NULL, 5018, 3009),
(4308, '2015-09-02 10:00:00', '2015-09-02 12:00:00', 0, 'TD', 8, 0, NULL, 40048, 2080, 3124, 3010),
(4319, '2015-09-02 14:00:00', '2015-09-02 16:00:00', 0, 'TD', 8, 0, NULL, 40048, 2080, 5019, 3010),
(4329, '2015-09-02 16:00:00', '2015-09-02 18:00:00', 0, 'TD', 8, 0, NULL, 40048, 2080, 3122, 3010),
(4345, '2015-09-03 14:00:00', '2015-09-03 18:00:00', 0, 'TD', 16, 0, NULL, 51093, NULL, 3135, 3017),
(4350, '2015-09-03 14:00:00', '2015-09-03 16:00:00', 0, 'TD', 8, 0, NULL, 51093, 26, 5019, 3017),
(4351, '2015-09-04 08:00:00', '2015-09-04 09:00:00', 0, 'CM', 4, 0, NULL, 40045, NULL, 3122, 3000),
(4352, '2015-09-04 08:00:00', '2015-09-04 09:00:00', 0, 'CM', 4, 0, NULL, 40045, NULL, 3124, 3000),
(4353, '2015-09-04 08:00:00', '2015-09-04 09:00:00', 0, 'CM', 4, 0, NULL, 40045, NULL, 3135, 3000),
(4354, '2015-09-04 08:00:00', '2015-09-04 09:00:00', 0, 'CM', 4, 0, NULL, 40045, NULL, 5019, 3000),
(4355, '2015-09-04 08:00:00', '2015-09-04 09:00:00', 0, 'CM', 4, 0, NULL, 40045, NULL, 3123, 3000),
(4357, '2015-09-04 09:00:00', '2015-09-04 10:00:00', 0, 'CM', 4, 0, NULL, 40046, NULL, 3135, 3000),
(4359, '2015-09-04 09:00:00', '2015-09-04 10:00:00', 0, 'CM', 4, 0, NULL, 40046, NULL, 3123, 3000),
(4360, '2015-09-04 09:00:00', '2015-09-04 10:00:00', 0, 'CM', 4, 0, NULL, 40046, NULL, 5019, 3000),
(4361, '2015-09-04 09:00:00', '2015-09-04 10:00:00', 0, 'CM', 4, 0, NULL, 40046, NULL, 3122, 3000),
(4362, '2015-09-04 09:00:00', '2015-09-04 10:00:00', 0, 'CM', 4, 0, NULL, 40046, NULL, 3124, 3000),
(4370, '2015-09-04 13:00:00', '2015-09-04 14:00:00', 0, 'CM', 4, 0, NULL, 40047, NULL, 3123, 3000),
(4371, '2015-09-04 13:00:00', '2015-09-04 14:00:00', 0, 'CM', 4, 0, NULL, 40047, NULL, 3135, 3000),
(4372, '2015-09-04 13:00:00', '2015-09-04 14:00:00', 0, 'CM', 4, 0, NULL, 40047, NULL, 5019, 3000),
(4373, '2015-09-04 13:00:00', '2015-09-04 14:00:00', 0, 'CM', 4, 0, NULL, 40047, NULL, 3124, 3000),
(4374, '2015-09-04 13:00:00', '2015-09-04 14:00:00', 0, 'CM', 4, 0, NULL, 40047, NULL, 3122, 3000),
(4399, '2015-09-14 09:00:00', '2015-09-14 11:00:00', 0, 'TD', 8, 0, NULL, 40011, 26, 3103, 3003),
(4405, '2015-09-14 10:00:00', '2015-09-14 12:00:00', 0, 'TD', 8, 0, NULL, 40048, 2080, 3123, 3010),
(4410, '2015-09-14 11:00:00', '2015-09-14 13:00:00', 0, 'TD', 8, 0, NULL, 40011, 26, 3105, 3003),
(4416, '2015-09-14 13:00:00', '2015-09-14 14:00:00', 0, 'CM', 4, 0, NULL, 40049, NULL, 5019, 3000),
(4417, '2015-09-14 13:00:00', '2015-09-14 14:00:00', 0, 'CM', 4, 0, NULL, 40049, NULL, 3135, 3000),
(4418, '2015-09-14 13:00:00', '2015-09-14 14:00:00', 0, 'CM', 4, 0, NULL, 40049, NULL, 3123, 3000),
(4420, '2015-09-14 13:00:00', '2015-09-14 14:00:00', 0, 'CM', 4, 0, NULL, 40049, NULL, 3122, 3000),
(4421, '2015-09-14 13:00:00', '2015-09-14 14:00:00', 0, 'CM', 4, 0, NULL, 40049, NULL, 3124, 3000),
(4424, '2015-09-14 14:00:00', '2015-09-14 16:00:00', 0, 'TD', 8, 0, NULL, 40048, 2080, 5018, 3010),
(4426, '2015-09-14 14:00:00', '2015-09-14 16:00:00', 0, 'TD', 8, 0, NULL, 40011, 26, 3104, 3003),
(4436, '2015-09-14 16:00:00', '2015-09-14 18:00:00', 0, 'TD', 8, 0, NULL, 40037, NULL, 5018, 3004),
(4438, '2015-09-14 16:00:00', '2015-09-14 18:00:00', 0, 'TD', 8, 0, NULL, 40048, 2080, 3135, 3010),
(4443, '2015-09-15 08:00:00', '2015-09-15 09:00:00', 0, 'CM', 4, 0, NULL, 40043, NULL, 5019, 3000),
(4444, '2015-09-15 08:00:00', '2015-09-15 09:00:00', 0, 'CM', 4, 0, NULL, 40043, NULL, 3122, 3000),
(4445, '2015-09-15 08:00:00', '2015-09-15 09:00:00', 0, 'CM', 4, 0, NULL, 40043, NULL, 3135, 3000),
(4447, '2015-09-15 08:00:00', '2015-09-15 09:00:00', 0, 'CM', 4, 0, NULL, 40043, NULL, 3123, 3000),
(4448, '2015-09-15 08:00:00', '2015-09-15 09:00:00', 0, 'CM', 4, 0, NULL, 40043, NULL, 3124, 3000),
(4454, '2015-09-15 09:00:00', '2015-09-15 10:00:00', 0, 'TD', 4, 0, NULL, 40006, 26, 3105, 3002),
(4460, '2015-09-15 10:00:00', '2015-09-15 11:00:00', 0, 'CM', 4, 0, NULL, 40001, NULL, 3108, 3000),
(4461, '2015-09-15 10:00:00', '2015-09-15 11:00:00', NULL, 'CM', 4, 0, NULL, 40001, NULL, 3105, 3000),
(4463, '2015-09-15 10:00:00', '2015-09-15 11:00:00', 0, 'TD', 4, 0, NULL, 40006, 26, 3106, 3002),
(4465, '2015-09-15 11:00:00', '2015-09-15 12:00:00', 0, 'CM', 4, 0, NULL, 40001, NULL, 3107, 3000),
(4466, '2015-09-15 11:00:00', '2015-09-15 12:00:00', 0, 'CM', 4, 0, NULL, 40001, NULL, 3106, 3000),
(4476, '2015-09-15 12:00:00', '2015-09-15 13:00:00', 0, 'TD', 4, 0, NULL, 40006, 26, 3104, 3002),
(4483, '2015-09-15 14:00:00', '2015-09-15 15:00:00', 0, 'TD', 4, 0, NULL, 40006, 26, 3107, 3002),
(4489, '2015-09-15 15:00:00', '2015-09-15 16:00:00', 0, 'TD', 4, 0, NULL, 40006, 26, 3103, 3002),
(4505, '2015-09-16 08:00:00', '2015-09-16 10:00:00', 0, 'TD', 8, 0, NULL, 40330, NULL, 5018, 3009),
(4508, '2015-09-16 09:00:00', '2015-09-16 11:00:00', 0, 'TD', 8, 0, NULL, 40519, 26, 3107, 3005),
(4514, '2015-09-16 10:00:00', '2015-09-16 12:00:00', 0, 'TD', 8, 0, NULL, 40048, 2080, 3124, 3010),
(4522, '2015-09-16 11:00:00', '2015-09-16 13:00:00', 0, 'TD', 8, 0, NULL, 40519, 26, 3103, 3005),
(4529, '2015-09-16 13:00:00', '2015-09-16 14:00:00', 0, 'CM', 4, 0, NULL, 40041, NULL, 3123, 3000),
(4530, '2015-09-16 13:00:00', '2015-09-16 14:00:00', 0, 'CM', 4, 0, NULL, 40041, NULL, 3135, 3000),
(4532, '2015-09-16 13:00:00', '2015-09-16 14:00:00', 0, 'CM', 4, 0, NULL, 40041, NULL, 3122, 3000),
(4533, '2015-09-16 13:00:00', '2015-09-16 14:00:00', 0, 'CM', 4, 0, NULL, 40041, NULL, 5019, 3000),
(4534, '2015-09-16 13:00:00', '2015-09-16 14:00:00', 0, 'CM', 4, 0, NULL, 40041, NULL, 3124, 3000),
(4540, '2015-09-16 14:00:00', '2015-09-16 16:00:00', 0, 'TD', 8, 0, NULL, 40048, 2080, 5019, 3010),
(4551, '2015-09-16 16:00:00', '2015-09-16 18:00:00', 0, 'TD', 8, 0, NULL, 40048, 2080, 3122, 3010),
(4562, '2015-09-17 09:00:00', '2015-09-17 11:00:00', 0, 'TD', 8, 0, NULL, 40519, 26, 3105, 3005),
(4579, '2015-09-17 11:00:00', '2015-09-17 13:00:00', 0, 'TD', 8, 0, NULL, 40519, 26, 3108, 3005),
(4588, '2015-09-17 14:00:00', '2015-09-17 18:00:00', 0, 'TD', 16, 0, NULL, 51093, NULL, 3135, 3017),
(4589, '2015-09-17 14:00:00', '2015-09-17 16:00:00', 0, 'TD', 8, 0, NULL, 51093, 26, 5019, 3017),
(4594, '2015-09-18 08:00:00', '2015-09-18 09:00:00', 0, 'CM', 4, 0, NULL, 40045, NULL, 3123, 3000),
(4595, '2015-09-18 08:00:00', '2015-09-18 09:00:00', 0, 'CM', 4, 0, NULL, 40045, NULL, 3122, 3000),
(4596, '2015-09-18 08:00:00', '2015-09-18 09:00:00', 0, 'CM', 4, 0, NULL, 40045, NULL, 5019, 3000),
(4597, '2015-09-18 08:00:00', '2015-09-18 09:00:00', 0, 'CM', 4, 0, NULL, 40045, NULL, 3124, 3000),
(4598, '2015-09-18 08:00:00', '2015-09-18 09:00:00', 0, 'CM', 4, 0, NULL, 40045, NULL, 3135, 3000),
(4605, '2015-09-18 09:00:00', '2015-09-18 10:00:00', 0, 'CM', 4, 0, NULL, 40046, NULL, 5019, 3000),
(4606, '2015-09-18 09:00:00', '2015-09-18 10:00:00', 0, 'CM', 4, 0, NULL, 40046, NULL, 3122, 3000),
(4607, '2015-09-18 09:00:00', '2015-09-18 10:00:00', 0, 'CM', 4, 0, NULL, 40046, NULL, 3124, 3000),
(4608, '2015-09-18 09:00:00', '2015-09-18 10:00:00', 0, 'CM', 4, 0, NULL, 40046, NULL, 3123, 3000),
(4609, '2015-09-18 09:00:00', '2015-09-18 10:00:00', 0, 'CM', 4, 0, NULL, 40046, NULL, 3135, 3000),
(4612, '2015-09-18 09:00:00', '2015-09-18 11:00:00', 0, 'TD', 8, 0, NULL, 40519, 26, 3106, 3005),
(4614, '2015-09-18 10:00:00', '2015-09-18 11:00:00', 0, 'CM', 4, 0, NULL, 40007, NULL, 3108, 3000),
(4616, '2015-09-18 10:00:00', '2015-09-18 11:00:00', 0, 'CM', 4, 0, NULL, 40007, NULL, 3105, 3000),
(4622, '2015-09-18 11:00:00', '2015-09-18 12:00:00', 0, 'CM', 4, 0, NULL, 40007, NULL, 3106, 3000),
(4623, '2015-09-18 11:00:00', '2015-09-18 12:00:00', 0, 'CM', 4, 0, NULL, 40007, NULL, 3107, 3000),
(4632, '2015-09-18 12:00:00', '2015-09-18 13:00:00', 0, 'CM', 4, 0, NULL, 40004, NULL, 3106, 3000),
(4633, '2015-09-18 12:00:00', '2015-09-18 13:00:00', 0, 'CM', 4, 0, NULL, 40004, NULL, 3107, 3000),
(4634, '2015-09-18 13:00:00', '2015-09-18 14:00:00', 0, 'CM', 4, 0, NULL, 40047, NULL, 3122, 3000),
(4635, '2015-09-18 13:00:00', '2015-09-18 14:00:00', 0, 'CM', 4, 0, NULL, 40047, NULL, 5019, 3000),
(4636, '2015-09-18 13:00:00', '2015-09-18 14:00:00', 0, 'CM', 4, 0, NULL, 40047, NULL, 3123, 3000),
(4638, '2015-09-18 13:00:00', '2015-09-18 14:00:00', 0, 'CM', 4, 0, NULL, 40047, NULL, 3135, 3000),
(4639, '2015-09-18 13:00:00', '2015-09-18 14:00:00', 0, 'CM', 4, 0, NULL, 40047, NULL, 3124, 3000),
(4640, '2015-09-18 13:00:00', '2015-09-18 14:00:00', 0, 'TD', 4, 0, NULL, 40006, 26, 3108, 3002),
(4644, '2015-09-18 14:00:00', '2015-09-18 16:00:00', 0, 'TD', 8, 0, NULL, 40519, 26, 3104, 3005),
(4648, '2015-09-18 14:30:00', '2015-09-18 15:30:00', 0, 'CM', 4, 0, NULL, 40004, NULL, 3108, 3000),
(4650, '2015-09-18 14:30:00', '2015-09-18 15:30:00', 0, 'CM', 4, 0, NULL, 40004, NULL, 3105, 3000),
(4673, '2015-09-21 09:00:00', '2015-09-21 11:00:00', 0, 'TD', 8, 0, NULL, 40011, 26, 3103, 3003),
(4679, '2015-09-21 10:00:00', '2015-09-21 12:00:00', 0, 'TD', 8, 0, NULL, 40048, 2080, 3123, 3010),
(4685, '2015-09-21 11:00:00', '2015-09-21 13:00:00', 0, 'TD', 8, 0, NULL, 40011, 26, 3105, 3003),
(4689, '2015-09-21 12:00:00', '2015-09-21 13:00:00', 0, 'CM', 4, 0, NULL, 40005, NULL, 3106, 3000),
(4691, '2015-09-21 13:00:00', '2015-09-21 14:00:00', 0, 'CM', 4, 0, NULL, 40049, NULL, 3124, 3000),
(4692, '2015-09-21 13:00:00', '2015-09-21 14:00:00', 0, 'CM', 4, 0, NULL, 40049, NULL, 3122, 3000),
(4694, '2015-09-21 13:00:00', '2015-09-21 14:00:00', 0, 'CM', 4, 0, NULL, 40049, NULL, 3123, 3000),
(4695, '2015-09-21 13:00:00', '2015-09-21 14:00:00', 0, 'CM', 4, 0, NULL, 40049, NULL, 3135, 3000),
(4696, '2015-09-21 13:00:00', '2015-09-21 14:00:00', 0, 'CM', 4, 0, NULL, 40049, NULL, 5019, 3000),
(4702, '2015-09-21 14:00:00', '2015-09-21 16:00:00', 0, 'TD', 8, 0, NULL, 40011, 26, 3104, 3003),
(4704, '2015-09-21 14:00:00', '2015-09-21 16:00:00', 0, 'TD', 8, 0, NULL, 40048, 2080, 5018, 3010),
(4713, '2015-09-21 16:00:00', '2015-09-21 18:00:00', 0, 'TD', 8, 0, NULL, 40048, 2080, 3135, 3010),
(4715, '2015-09-21 16:00:00', '2015-09-21 18:00:00', 0, 'TD', 8, 0, NULL, 40037, NULL, 5018, 3004),
(4718, '2015-09-22 08:00:00', '2015-09-22 09:00:00', 0, 'CM', 4, 0, NULL, 40043, NULL, 5019, 3000),
(4719, '2015-09-22 08:00:00', '2015-09-22 09:00:00', 0, 'CM', 4, 0, NULL, 40043, NULL, 3122, 3000),
(4720, '2015-09-22 08:00:00', '2015-09-22 09:00:00', 0, 'CM', 4, 0, NULL, 40043, NULL, 3135, 3000),
(4722, '2015-09-22 08:00:00', '2015-09-22 09:00:00', 0, 'CM', 4, 0, NULL, 40043, NULL, 3123, 3000),
(4723, '2015-09-22 08:00:00', '2015-09-22 09:00:00', 0, 'CM', 4, 0, NULL, 40043, NULL, 3124, 3000),
(4725, '2015-09-22 09:00:00', '2015-09-22 10:00:00', 0, 'CM', 4, 0, NULL, 40002, NULL, 3106, 3000),
(4732, '2015-09-22 09:00:00', '2015-09-22 10:00:00', 0, 'TD', 4, 0, NULL, 40006, 26, 3105, 3002),
(4735, '2015-09-22 10:00:00', '2015-09-22 11:00:00', 0, 'CM', 4, 0, NULL, 40001, NULL, 3108, 3000),
(4736, '2015-09-22 10:00:00', '2015-09-22 11:00:00', NULL, 'CM', 4, 0, NULL, 40001, NULL, 3105, 3000),
(4738, '2015-09-22 10:00:00', '2015-09-22 11:00:00', 0, 'TD', 4, 0, NULL, 40006, 26, 3106, 3002),
(4740, '2015-09-22 11:00:00', '2015-09-22 12:00:00', 0, 'CM', 4, 0, NULL, 40001, NULL, 3107, 3000),
(4741, '2015-09-22 11:00:00', '2015-09-22 12:00:00', 0, 'CM', 4, 0, NULL, 40001, NULL, 3106, 3000),
(4752, '2015-09-22 12:00:00', '2015-09-22 13:00:00', 0, 'TD', 4, 0, NULL, 40006, 26, 3104, 3002),
(4759, '2015-09-22 14:00:00', '2015-09-22 15:00:00', 0, 'TD', 4, 0, NULL, 40006, 26, 3107, 3002),
(4764, '2015-09-22 15:00:00', '2015-09-22 16:00:00', 0, 'TD', 4, 0, NULL, 40006, 26, 3103, 3002),
(4771, '2015-09-23 08:00:00', '2015-09-23 09:00:00', 0, 'CM', 4, 0, NULL, 40002, NULL, 3105, 3000),
(4772, '2015-09-23 08:00:00', '2015-09-23 09:00:00', 0, 'CM', 4, 0, NULL, 40002, NULL, 3107, 3000),
(4775, '2015-09-23 08:00:00', '2015-09-23 10:00:00', 0, 'TD', 8, 0, NULL, 40330, NULL, 5018, 3009),
(4781, '2015-09-23 09:00:00', '2015-09-23 11:00:00', 0, 'TD', 8, 0, NULL, 40519, 26, 3107, 3005),
(4790, '2015-09-23 10:00:00', '2015-09-23 12:00:00', 0, 'TD', 8, 0, NULL, 40048, 2080, 3124, 3010),
(4797, '2015-09-23 11:00:00', '2015-09-23 13:00:00', 0, 'TD', 8, 0, NULL, 40519, 26, 3103, 3005),
(4800, '2015-09-23 12:00:00', '2015-09-23 13:00:00', 0, 'CM', 4, 0, NULL, 40002, NULL, 3108, 3000),
(4801, '2015-09-23 12:00:00', '2015-09-23 13:00:00', 0, 'CM', 4, 0, NULL, 40002, NULL, 3107, 3000),
(4802, '2015-09-23 12:00:00', '2015-09-23 13:00:00', 0, 'CM', 4, 0, NULL, 40002, NULL, 3105, 3000),
(4804, '2015-09-23 13:00:00', '2015-09-23 14:00:00', 0, 'CM', 4, 0, NULL, 40041, NULL, 3124, 3000),
(4805, '2015-09-23 13:00:00', '2015-09-23 14:00:00', 0, 'CM', 4, 0, NULL, 40041, NULL, 5019, 3000),
(4806, '2015-09-23 13:00:00', '2015-09-23 14:00:00', 0, 'CM', 4, 0, NULL, 40041, NULL, 3122, 3000),
(4808, '2015-09-23 13:00:00', '2015-09-23 14:00:00', 0, 'CM', 4, 0, NULL, 40041, NULL, 3135, 3000),
(4809, '2015-09-23 13:00:00', '2015-09-23 14:00:00', 0, 'CM', 4, 0, NULL, 40041, NULL, 3123, 3000),
(4813, '2015-09-23 14:00:00', '2015-09-23 15:00:00', 0, 'CM', 4, 0, NULL, 40002, NULL, 3108, 3000),
(4814, '2015-09-23 14:00:00', '2015-09-23 15:00:00', 0, 'CM', 4, 0, NULL, 40002, NULL, 3104, 3000),
(4822, '2015-09-23 14:00:00', '2015-09-23 16:00:00', 0, 'TD', 8, 0, NULL, 40048, 2080, 5019, 3010),
(4827, '2015-09-23 16:00:00', '2015-09-23 18:00:00', 0, 'TD', 8, 0, NULL, 40048, 2080, 3122, 3010),
(4839, '2015-09-24 09:00:00', '2015-09-24 11:00:00', 0, 'TD', 8, 0, NULL, 40519, 26, 3105, 3005),
(4864, '2015-09-24 14:00:00', '2015-09-24 18:00:00', 0, 'TD', 16, 0, NULL, 51093, NULL, 3135, 3017),
(4865, '2015-09-24 14:00:00', '2015-09-24 16:00:00', 0, 'TD', 8, 0, NULL, 51093, 26, 5019, 3017),
(4869, '2015-09-24 14:00:00', '2015-09-24 18:00:00', 0, 'TD', 16, 0, NULL, 51093, NULL, 3123, 3017),
(4870, '2015-09-25 08:00:00', '2015-09-25 09:00:00', 0, 'CM', 4, 0, NULL, 40045, NULL, 3135, 3000),
(4871, '2015-09-25 08:00:00', '2015-09-25 09:00:00', 0, 'CM', 4, 0, NULL, 40045, NULL, 3123, 3000),
(4872, '2015-09-25 08:00:00', '2015-09-25 09:00:00', 0, 'CM', 4, 0, NULL, 40045, NULL, 3122, 3000),
(4873, '2015-09-25 08:00:00', '2015-09-25 09:00:00', 0, 'CM', 4, 0, NULL, 40045, NULL, 5019, 3000),
(4874, '2015-09-25 08:00:00', '2015-09-25 09:00:00', 0, 'CM', 4, 0, NULL, 40045, NULL, 3124, 3000),
(4880, '2015-09-25 09:00:00', '2015-09-25 10:00:00', 0, 'CM', 4, 0, NULL, 40046, NULL, 3124, 3000),
(4881, '2015-09-25 09:00:00', '2015-09-25 10:00:00', 0, 'CM', 4, 0, NULL, 40046, NULL, 3135, 3000),
(4882, '2015-09-25 09:00:00', '2015-09-25 10:00:00', 0, 'CM', 4, 0, NULL, 40046, NULL, 3122, 3000),
(4883, '2015-09-25 09:00:00', '2015-09-25 10:00:00', 0, 'CM', 4, 0, NULL, 40046, NULL, 5019, 3000),
(4885, '2015-09-25 09:00:00', '2015-09-25 10:00:00', 0, 'CM', 4, 0, NULL, 40046, NULL, 3123, 3000),
(4889, '2015-09-25 09:00:00', '2015-09-25 11:00:00', 0, 'TD', 8, 0, NULL, 40519, 26, 3106, 3005),
(4891, '2015-09-25 10:00:00', '2015-09-25 11:00:00', 0, 'CM', 4, 0, NULL, 40007, NULL, 3105, 3000),
(4893, '2015-09-25 10:00:00', '2015-09-25 11:00:00', 0, 'CM', 4, 0, NULL, 40007, NULL, 3108, 3000),
(4899, '2015-09-25 11:00:00', '2015-09-25 12:00:00', 0, 'CM', 4, 0, NULL, 40007, NULL, 3106, 3000),
(4900, '2015-09-25 11:00:00', '2015-09-25 12:00:00', 0, 'CM', 4, 0, NULL, 40007, NULL, 3107, 3000),
(4908, '2015-09-25 12:00:00', '2015-09-25 13:00:00', 0, 'CM', 4, 0, NULL, 40004, NULL, 3107, 3000),
(4909, '2015-09-25 12:00:00', '2015-09-25 13:00:00', 0, 'CM', 4, 0, NULL, 40004, NULL, 3106, 3000),
(4911, '2015-09-25 13:00:00', '2015-09-25 14:00:00', 0, 'CM', 4, 0, NULL, 40047, NULL, 3124, 3000),
(4912, '2015-09-25 13:00:00', '2015-09-25 14:00:00', 0, 'CM', 4, 0, NULL, 40047, NULL, 3135, 3000),
(4914, '2015-09-25 13:00:00', '2015-09-25 14:00:00', 0, 'CM', 4, 0, NULL, 40047, NULL, 3123, 3000),
(4915, '2015-09-25 13:00:00', '2015-09-25 14:00:00', 0, 'CM', 4, 0, NULL, 40047, NULL, 5019, 3000),
(4916, '2015-09-25 13:00:00', '2015-09-25 14:00:00', 0, 'CM', 4, 0, NULL, 40047, NULL, 3122, 3000),
(4917, '2015-09-25 13:00:00', '2015-09-25 14:00:00', 0, 'TD', 4, 0, NULL, 40006, 26, 3108, 3002),
(4922, '2015-09-25 14:00:00', '2015-09-25 16:00:00', 0, 'TD', 8, 0, NULL, 40519, 26, 3104, 3005),
(4926, '2015-09-25 14:30:00', '2015-09-25 15:30:00', 0, 'CM', 4, 0, NULL, 40004, NULL, 3108, 3000),
(4928, '2015-09-25 14:30:00', '2015-09-25 15:30:00', 0, 'CM', 4, 0, NULL, 40004, NULL, 3105, 3000),
(4952, '2015-09-28 09:00:00', '2015-09-28 11:00:00', 0, 'TD', 8, 0, NULL, 40011, 26, 3103, 3003),
(4959, '2015-09-28 10:00:00', '2015-09-28 12:00:00', 0, 'TD', 8, 0, NULL, 40048, 2080, 3123, 3010),
(4964, '2015-09-28 11:00:00', '2015-09-28 13:00:00', 0, 'TD', 8, 0, NULL, 40011, 26, 3105, 3003),
(4971, '2015-09-28 13:00:00', '2015-09-28 14:00:00', 0, 'CM', 4, 0, NULL, 40049, NULL, 5019, 3000),
(4972, '2015-09-28 13:00:00', '2015-09-28 14:00:00', 0, 'CM', 4, 0, NULL, 40049, NULL, 3124, 3000),
(4973, '2015-09-28 13:00:00', '2015-09-28 14:00:00', 0, 'CM', 4, 0, NULL, 40049, NULL, 3122, 3000),
(4975, '2015-09-28 13:00:00', '2015-09-28 14:00:00', 0, 'CM', 4, 0, NULL, 40049, NULL, 3123, 3000),
(4976, '2015-09-28 13:00:00', '2015-09-28 14:00:00', 0, 'CM', 4, 0, NULL, 40049, NULL, 3135, 3000),
(4978, '2015-09-28 14:00:00', '2015-09-28 16:00:00', 0, 'TD', 8, 0, NULL, 40048, 2080, 5018, 3010),
(4982, '2015-09-28 14:00:00', '2015-09-28 16:00:00', 0, 'TD', 8, 0, NULL, 40011, 26, 3104, 3003),
(4992, '2015-09-28 16:00:00', '2015-09-28 18:00:00', 0, 'TD', 8, 0, NULL, 40037, NULL, 5018, 3004),
(4994, '2015-09-28 16:00:00', '2015-09-28 18:00:00', 0, 'TD', 8, 0, NULL, 40048, 2080, 3135, 3010),
(4999, '2015-09-29 08:00:00', '2015-09-29 09:00:00', 0, 'CM', 4, 0, NULL, 40043, NULL, 3124, 3000),
(5000, '2015-09-29 08:00:00', '2015-09-29 09:00:00', 0, 'CM', 4, 0, NULL, 40043, NULL, 3123, 3000),
(5002, '2015-09-29 08:00:00', '2015-09-29 09:00:00', 0, 'CM', 4, 0, NULL, 40043, NULL, 3135, 3000),
(5003, '2015-09-29 08:00:00', '2015-09-29 09:00:00', 0, 'CM', 4, 0, NULL, 40043, NULL, 3122, 3000),
(5004, '2015-09-29 08:00:00', '2015-09-29 09:00:00', 0, 'CM', 4, 0, NULL, 40043, NULL, 5019, 3000),
(5006, '2015-09-29 09:00:00', '2015-09-29 10:00:00', 0, 'CM', 4, 0, NULL, 40002, NULL, 3106, 3000),
(5008, '2015-09-29 09:00:00', '2015-09-29 10:00:00', 0, 'TD', 4, 0, NULL, 40006, 26, 3105, 3002),
(5017, '2015-09-29 10:00:00', '2015-09-29 11:00:00', 0, 'CM', 4, 0, NULL, 40001, NULL, 3108, 3000),
(5018, '2015-09-29 10:00:00', '2015-09-29 11:00:00', NULL, 'CM', 4, 0, NULL, 40001, NULL, 3105, 3000),
(5020, '2015-09-29 10:00:00', '2015-09-29 11:00:00', 0, 'TD', 4, 0, NULL, 40006, 26, 3106, 3002),
(5022, '2015-09-29 11:00:00', '2015-09-29 12:00:00', 0, 'CM', 4, 0, NULL, 40001, NULL, 3107, 3000),
(5023, '2015-09-29 11:00:00', '2015-09-29 12:00:00', 0, 'CM', 4, 0, NULL, 40001, NULL, 3106, 3000),
(5033, '2015-09-29 12:00:00', '2015-09-29 13:00:00', 0, 'TD', 4, 0, NULL, 40006, 26, 3104, 3002),
(5040, '2015-09-29 14:00:00', '2015-09-29 15:00:00', 0, 'TD', 4, 0, NULL, 40006, 26, 3107, 3002),
(5046, '2015-09-29 15:00:00', '2015-09-29 16:00:00', 0, 'TD', 4, 0, NULL, 40006, 26, 3103, 3002),
(5053, '2015-09-30 08:00:00', '2015-09-30 09:00:00', 0, 'CM', 4, 0, NULL, 40002, NULL, 3105, 3000),
(5054, '2015-09-30 08:00:00', '2015-09-30 09:00:00', 0, 'CM', 4, 0, NULL, 40002, NULL, 3107, 3000),
(5061, '2015-09-30 08:00:00', '2015-09-30 10:00:00', 0, 'TD', 8, 0, NULL, 40330, NULL, 5018, 3012),
(5065, '2015-09-30 09:00:00', '2015-09-30 11:00:00', 0, 'TD', 8, 0, NULL, 40519, 26, 3107, 3005),
(5073, '2015-09-30 10:00:00', '2015-09-30 12:00:00', 0, 'TD', 8, 0, NULL, 40048, 2080, 3124, 3010),
(5079, '2015-09-30 11:00:00', '2015-09-30 13:00:00', 0, 'TD', 8, 0, NULL, 40519, 26, 3103, 3005),
(5081, '2015-09-30 12:00:00', '2015-09-30 13:00:00', 0, 'CM', 4, 0, NULL, 40002, NULL, 3105, 3000),
(5082, '2015-09-30 12:00:00', '2015-09-30 13:00:00', 0, 'CM', 4, 0, NULL, 40002, NULL, 3107, 3000),
(5083, '2015-09-30 12:00:00', '2015-09-30 13:00:00', 0, 'CM', 4, 0, NULL, 40002, NULL, 3108, 3000),
(5095, '2015-09-30 14:00:00', '2015-09-30 15:00:00', 0, 'CM', 4, 0, NULL, 40002, NULL, 3108, 3000),
(5096, '2015-09-30 14:00:00', '2015-09-30 15:00:00', 0, 'CM', 4, 0, NULL, 40002, NULL, 3104, 3000),
(5098, '2015-09-30 14:00:00', '2015-09-30 16:00:00', 0, 'TD', 8, 0, NULL, 40048, 2080, 5019, 3010),
(5110, '2015-09-30 16:00:00', '2015-09-30 18:00:00', 0, 'TD', 8, 0, NULL, 40048, 2080, 3122, 3010),
(5122, '2015-10-01 09:00:00', '2015-10-01 11:00:00', 0, 'TD', 8, 0, NULL, 40519, 26, 3105, 3005),
(5139, '2015-10-01 11:00:00', '2015-10-01 13:00:00', 0, 'TD', 8, 0, NULL, 40519, 26, 3108, 3005),
(5148, '2015-10-01 14:00:00', '2015-10-01 18:00:00', 0, 'TD', 16, 0, NULL, 51093, NULL, 3135, 3017),
(5149, '2015-10-01 14:00:00', '2015-10-01 16:00:00', 0, 'TD', 8, 0, NULL, 51093, 26, 5019, 3017),
(5154, '2015-10-02 08:00:00', '2015-10-02 09:00:00', 0, 'CM', 4, 0, NULL, 40045, NULL, 3135, 3000),
(5155, '2015-10-02 08:00:00', '2015-10-02 09:00:00', 0, 'CM', 4, 0, NULL, 40045, NULL, 3123, 3000),
(5156, '2015-10-02 08:00:00', '2015-10-02 09:00:00', 0, 'CM', 4, 0, NULL, 40045, NULL, 3122, 3000),
(5157, '2015-10-02 08:00:00', '2015-10-02 09:00:00', 0, 'CM', 4, 0, NULL, 40045, NULL, 5019, 3000),
(5158, '2015-10-02 08:00:00', '2015-10-02 09:00:00', 0, 'CM', 4, 0, NULL, 40045, NULL, 3124, 3000),
(5164, '2015-10-02 09:00:00', '2015-10-02 10:00:00', 0, 'CM', 4, 0, NULL, 40046, NULL, 3123, 3000),
(5166, '2015-10-02 09:00:00', '2015-10-02 10:00:00', 0, 'CM', 4, 0, NULL, 40046, NULL, 5019, 3000),
(5167, '2015-10-02 09:00:00', '2015-10-02 10:00:00', 0, 'CM', 4, 0, NULL, 40046, NULL, 3122, 3000),
(5168, '2015-10-02 09:00:00', '2015-10-02 10:00:00', 0, 'CM', 4, 0, NULL, 40046, NULL, 3135, 3000),
(5169, '2015-10-02 09:00:00', '2015-10-02 10:00:00', 0, 'CM', 4, 0, NULL, 40046, NULL, 3124, 3000),
(5171, '2015-10-02 09:00:00', '2015-10-02 11:00:00', 0, 'TD', 8, 0, NULL, 40519, 26, 3106, 3005),
(5176, '2015-10-02 10:00:00', '2015-10-02 11:00:00', 0, 'CM', 4, 0, NULL, 40007, NULL, 3105, 3000),
(5178, '2015-10-02 10:00:00', '2015-10-02 11:00:00', 0, 'CM', 4, 0, NULL, 40007, NULL, 3108, 3000),
(5184, '2015-10-02 11:00:00', '2015-10-02 12:00:00', 0, 'CM', 4, 0, NULL, 40007, NULL, 3106, 3000),
(5185, '2015-10-02 11:00:00', '2015-10-02 12:00:00', 0, 'CM', 4, 0, NULL, 40007, NULL, 3107, 3000),
(5194, '2015-10-02 12:00:00', '2015-10-02 13:00:00', 0, 'CM', 4, 0, NULL, 40004, NULL, 3106, 3000),
(5195, '2015-10-02 12:00:00', '2015-10-02 13:00:00', 0, 'CM', 4, 0, NULL, 40004, NULL, 3107, 3000),
(5196, '2015-10-02 13:00:00', '2015-10-02 14:00:00', 0, 'CM', 4, 0, NULL, 40047, NULL, 3122, 3000),
(5197, '2015-10-02 13:00:00', '2015-10-02 14:00:00', 0, 'CM', 4, 0, NULL, 40047, NULL, 5019, 3000),
(5198, '2015-10-02 13:00:00', '2015-10-02 14:00:00', 0, 'CM', 4, 0, NULL, 40047, NULL, 3123, 3000),
(5200, '2015-10-02 13:00:00', '2015-10-02 14:00:00', 0, 'CM', 4, 0, NULL, 40047, NULL, 3135, 3000),
(5201, '2015-10-02 13:00:00', '2015-10-02 14:00:00', 0, 'CM', 4, 0, NULL, 40047, NULL, 3124, 3000),
(5202, '2015-10-02 13:00:00', '2015-10-02 14:00:00', 0, 'TD', 4, 0, NULL, 40006, 26, 3108, 3002),
(5207, '2015-10-02 14:00:00', '2015-10-02 16:00:00', 0, 'TD', 8, 0, NULL, 40519, 26, 3104, 3005),
(5211, '2015-10-02 14:30:00', '2015-10-02 15:30:00', 0, 'CM', 4, 0, NULL, 40004, NULL, 3108, 3000),
(5213, '2015-10-02 14:30:00', '2015-10-02 15:30:00', 0, 'CM', 4, 0, NULL, 40004, NULL, 3105, 3000),
(5240, '2015-10-05 09:00:00', '2015-10-05 11:00:00', 0, 'TD', 8, 0, NULL, 40011, 26, 3103, 3003),
(5246, '2015-10-05 10:00:00', '2015-10-05 12:00:00', 0, 'TD', 8, 0, NULL, 40048, 2080, 3123, 3010),
(5252, '2015-10-05 11:00:00', '2015-10-05 13:00:00', 0, 'TD', 8, 0, NULL, 40011, 26, 3105, 3003),
(5257, '2015-10-05 13:00:00', '2015-10-05 14:00:00', 0, 'CM', 4, 0, NULL, 40049, NULL, 3135, 3000),
(5258, '2015-10-05 13:00:00', '2015-10-05 14:00:00', 0, 'CM', 4, 0, NULL, 40049, NULL, 3123, 3000),
(5260, '2015-10-05 13:00:00', '2015-10-05 14:00:00', 0, 'CM', 4, 0, NULL, 40049, NULL, 3122, 3000),
(5261, '2015-10-05 13:00:00', '2015-10-05 14:00:00', 0, 'CM', 4, 0, NULL, 40049, NULL, 3124, 3000),
(5262, '2015-10-05 13:00:00', '2015-10-05 14:00:00', 0, 'CM', 4, 0, NULL, 40049, NULL, 5019, 3000),
(5268, '2015-10-05 14:00:00', '2015-10-05 16:00:00', 0, 'TD', 8, 0, NULL, 40011, 26, 3104, 3003),
(5272, '2015-10-05 14:00:00', '2015-10-05 16:00:00', 0, 'TD', 8, 0, NULL, 40048, 2080, 5018, 3010),
(5280, '2015-10-05 16:00:00', '2015-10-05 18:00:00', 0, 'TD', 8, 0, NULL, 40048, 2080, 3135, 3010),
(5282, '2015-10-05 16:00:00', '2015-10-05 18:00:00', 0, 'TD', 8, 0, NULL, 40037, NULL, 5018, 3004),
(5285, '2015-10-06 08:00:00', '2015-10-06 09:00:00', 0, 'CM', 4, 0, NULL, 40043, NULL, 3124, 3000),
(5286, '2015-10-06 08:00:00', '2015-10-06 09:00:00', 0, 'CM', 4, 0, NULL, 40043, NULL, 3123, 3000),
(5288, '2015-10-06 08:00:00', '2015-10-06 09:00:00', 0, 'CM', 4, 0, NULL, 40043, NULL, 3135, 3000),
(5289, '2015-10-06 08:00:00', '2015-10-06 09:00:00', 0, 'CM', 4, 0, NULL, 40043, NULL, 3122, 3000),
(5290, '2015-10-06 08:00:00', '2015-10-06 09:00:00', 0, 'CM', 4, 0, NULL, 40043, NULL, 5019, 3000),
(5292, '2015-10-06 09:00:00', '2015-10-06 10:00:00', 0, 'CM', 4, 0, NULL, 40002, NULL, 3106, 3000),
(5302, '2015-10-06 09:00:00', '2015-10-06 10:00:00', 0, 'TD', 4, 0, NULL, 40006, 26, 3105, 3002),
(5303, '2015-10-06 10:00:00', '2015-10-06 11:00:00', 0, 'CM', 4, 0, NULL, 40001, NULL, 3108, 3000),
(5304, '2015-10-06 10:00:00', '2015-10-06 11:00:00', NULL, 'CM', 4, 0, NULL, 40001, NULL, 3105, 3000),
(5306, '2015-10-06 10:00:00', '2015-10-06 11:00:00', 0, 'TD', 4, 0, NULL, 40006, 26, 3106, 3002),
(5308, '2015-10-06 11:00:00', '2015-10-06 12:00:00', 0, 'CM', 4, 0, NULL, 40001, NULL, 3107, 3000),
(5309, '2015-10-06 11:00:00', '2015-10-06 12:00:00', 0, 'CM', 4, 0, NULL, 40001, NULL, 3106, 3000),
(5320, '2015-10-06 12:00:00', '2015-10-06 13:00:00', 0, 'TD', 4, 0, NULL, 40006, 26, 3104, 3002),
(5327, '2015-10-06 14:00:00', '2015-10-06 15:00:00', 0, 'TD', 4, 0, NULL, 40006, 26, 3107, 3002),
(5332, '2015-10-06 15:00:00', '2015-10-06 16:00:00', 0, 'TD', 4, 0, NULL, 40006, 26, 3103, 3002),
(5339, '2015-10-07 08:00:00', '2015-10-07 09:00:00', 0, 'CM', 4, 0, NULL, 40002, NULL, 3105, 3000),
(5340, '2015-10-07 08:00:00', '2015-10-07 09:00:00', 0, 'CM', 4, 0, NULL, 40002, NULL, 3107, 3000),
(5343, '2015-10-07 08:00:00', '2015-10-07 10:00:00', 0, 'TD', 8, 0, NULL, 40330, NULL, 5018, 3009),
(5350, '2015-10-07 09:00:00', '2015-10-07 11:00:00', 0, 'TD', 8, 0, NULL, 40519, 26, 3107, 3005),
(5354, '2015-10-07 10:00:00', '2015-10-07 12:00:00', 0, 'TD', 8, 0, NULL, 40048, 2080, 3124, 3010),
(5360, '2015-10-07 11:00:00', '2015-10-07 13:00:00', 0, 'TD', 8, 0, NULL, 40519, 26, 3103, 3005),
(5368, '2015-10-07 12:00:00', '2015-10-07 13:00:00', 0, 'CM', 4, 0, NULL, 40002, NULL, 3108, 3000),
(5369, '2015-10-07 12:00:00', '2015-10-07 13:00:00', 0, 'CM', 4, 0, NULL, 40002, NULL, 3107, 3000),
(5370, '2015-10-07 12:00:00', '2015-10-07 13:00:00', 0, 'CM', 4, 0, NULL, 40002, NULL, 3105, 3000),
(5372, '2015-10-07 13:00:00', '2015-10-07 14:00:00', 0, 'CM', 4, 0, NULL, 40041, NULL, 3124, 3000),
(5373, '2015-10-07 13:00:00', '2015-10-07 14:00:00', 0, 'CM', 4, 0, NULL, 40041, NULL, 5019, 3000),
(5374, '2015-10-07 13:00:00', '2015-10-07 14:00:00', 0, 'CM', 4, 0, NULL, 40041, NULL, 3122, 3000),
(5376, '2015-10-07 13:00:00', '2015-10-07 14:00:00', 0, 'CM', 4, 0, NULL, 40041, NULL, 3135, 3000),
(5377, '2015-10-07 13:00:00', '2015-10-07 14:00:00', 0, 'CM', 4, 0, NULL, 40041, NULL, 3123, 3000),
(5381, '2015-10-07 14:00:00', '2015-10-07 15:00:00', 0, 'CM', 4, 0, NULL, 40002, NULL, 3108, 3000),
(5382, '2015-10-07 14:00:00', '2015-10-07 15:00:00', 0, 'CM', 4, 0, NULL, 40002, NULL, 3104, 3000),
(5391, '2015-10-07 14:00:00', '2015-10-07 16:00:00', 0, 'TD', 8, 0, NULL, 40048, 2080, 5019, 3010),
(5396, '2015-10-07 16:00:00', '2015-10-07 18:00:00', 0, 'TD', 8, 0, NULL, 40048, 2080, 3122, 3010),
(5408, '2015-10-08 09:00:00', '2015-10-08 11:00:00', 0, 'TD', 8, 0, NULL, 40519, 26, 3105, 3005),
(5419, '2015-10-08 11:00:00', '2015-10-08 13:00:00', 0, 'TD', 8, 0, NULL, 40519, 26, 3108, 3005),
(5434, '2015-10-08 14:00:00', '2015-10-08 18:00:00', 0, 'TD', 16, 0, NULL, 51093, NULL, 3135, 3017),
(5435, '2015-10-08 14:00:00', '2015-10-08 16:00:00', 0, 'TD', 8, 0, NULL, 51093, 26, 5019, 3017),
(5440, '2015-10-09 08:00:00', '2015-10-09 09:00:00', 0, 'CM', 4, 0, NULL, 40045, NULL, 3135, 3000),
(5441, '2015-10-09 08:00:00', '2015-10-09 09:00:00', 0, 'CM', 4, 0, NULL, 40045, NULL, 3123, 3000),
(5442, '2015-10-09 08:00:00', '2015-10-09 09:00:00', 0, 'CM', 4, 0, NULL, 40045, NULL, 3122, 3000),
(5443, '2015-10-09 08:00:00', '2015-10-09 09:00:00', 0, 'CM', 4, 0, NULL, 40045, NULL, 5019, 3000),
(5444, '2015-10-09 08:00:00', '2015-10-09 09:00:00', 0, 'CM', 4, 0, NULL, 40045, NULL, 3124, 3000),
(5450, '2015-10-09 09:00:00', '2015-10-09 10:00:00', 0, 'CM', 4, 0, NULL, 40046, NULL, 3123, 3000);
INSERT INTO `lesson` (`id`, `start`, `end`, `num`, `type`, `duration`, `manual`, `color`, `course_id`, `teacher_id`, `groupe_id`, `room_id`) VALUES
(5452, '2015-10-09 09:00:00', '2015-10-09 10:00:00', 0, 'CM', 4, 0, NULL, 40046, NULL, 5019, 3000),
(5453, '2015-10-09 09:00:00', '2015-10-09 10:00:00', 0, 'CM', 4, 0, NULL, 40046, NULL, 3122, 3000),
(5454, '2015-10-09 09:00:00', '2015-10-09 10:00:00', 0, 'CM', 4, 0, NULL, 40046, NULL, 3135, 3000),
(5455, '2015-10-09 09:00:00', '2015-10-09 10:00:00', 0, 'CM', 4, 0, NULL, 40046, NULL, 3124, 3000),
(5460, '2015-10-09 09:00:00', '2015-10-09 11:00:00', 0, 'TD', 8, 0, NULL, 40519, 26, 3106, 3005),
(5462, '2015-10-09 10:00:00', '2015-10-09 11:00:00', 0, 'CM', 4, 0, NULL, 40007, NULL, 3105, 3000),
(5464, '2015-10-09 10:00:00', '2015-10-09 11:00:00', 0, 'CM', 4, 0, NULL, 40007, NULL, 3108, 3000),
(5470, '2015-10-09 11:00:00', '2015-10-09 12:00:00', 0, 'CM', 4, 0, NULL, 40007, NULL, 3106, 3000),
(5471, '2015-10-09 11:00:00', '2015-10-09 12:00:00', 0, 'CM', 4, 0, NULL, 40007, NULL, 3107, 3000),
(5479, '2015-10-09 12:00:00', '2015-10-09 13:00:00', 0, 'CM', 4, 0, NULL, 40004, NULL, 3107, 3000),
(5480, '2015-10-09 12:00:00', '2015-10-09 13:00:00', 0, 'CM', 4, 0, NULL, 40004, NULL, 3106, 3000),
(5482, '2015-10-09 13:00:00', '2015-10-09 14:00:00', 0, 'CM', 4, 0, NULL, 40047, NULL, 3124, 3000),
(5483, '2015-10-09 13:00:00', '2015-10-09 14:00:00', 0, 'CM', 4, 0, NULL, 40047, NULL, 3135, 3000),
(5485, '2015-10-09 13:00:00', '2015-10-09 14:00:00', 0, 'CM', 4, 0, NULL, 40047, NULL, 3123, 3000),
(5486, '2015-10-09 13:00:00', '2015-10-09 14:00:00', 0, 'CM', 4, 0, NULL, 40047, NULL, 5019, 3000),
(5487, '2015-10-09 13:00:00', '2015-10-09 14:00:00', 0, 'CM', 4, 0, NULL, 40047, NULL, 3122, 3000),
(5488, '2015-10-09 13:00:00', '2015-10-09 14:00:00', 0, 'TD', 4, 0, NULL, 40006, 26, 3108, 3002),
(5493, '2015-10-09 14:00:00', '2015-10-09 16:00:00', 0, 'TD', 8, 0, NULL, 40519, 26, 3104, 3005),
(5497, '2015-10-09 14:30:00', '2015-10-09 15:30:00', 0, 'CM', 4, 0, NULL, 40004, NULL, 3108, 3000),
(5499, '2015-10-09 14:30:00', '2015-10-09 15:30:00', 0, 'CM', 4, 0, NULL, 40004, NULL, 3105, 3000),
(5523, '2015-10-12 09:00:00', '2015-10-12 11:00:00', 0, 'TD', 8, 0, NULL, 40011, 26, 3103, 3003),
(5533, '2015-10-12 10:00:00', '2015-10-12 11:00:00', 0, 'TD', 4, 0, NULL, 40048, 2080, 3123, 3010),
(5536, '2015-10-12 11:00:00', '2015-10-12 13:00:00', 0, 'TD', 8, 0, NULL, 40011, 26, 3105, 3003),
(5544, '2015-10-12 13:00:00', '2015-10-12 14:00:00', 0, 'CM', 4, 0, NULL, 40049, NULL, 5019, 3000),
(5545, '2015-10-12 13:00:00', '2015-10-12 14:00:00', 0, 'CM', 4, 0, NULL, 40049, NULL, 3135, 3000),
(5546, '2015-10-12 13:00:00', '2015-10-12 14:00:00', 0, 'CM', 4, 0, NULL, 40049, NULL, 3123, 3000),
(5548, '2015-10-12 13:00:00', '2015-10-12 14:00:00', 0, 'CM', 4, 0, NULL, 40049, NULL, 3122, 3000),
(5549, '2015-10-12 13:00:00', '2015-10-12 14:00:00', 0, 'CM', 4, 0, NULL, 40049, NULL, 3124, 3000),
(5552, '2015-10-12 14:00:00', '2015-10-12 16:00:00', 0, 'TD', 8, 0, NULL, 40048, 2080, 5018, 3010),
(5556, '2015-10-12 14:00:00', '2015-10-12 16:00:00', 0, 'TD', 8, 0, NULL, 40011, 26, 3104, 3003),
(5566, '2015-10-12 16:00:00', '2015-10-12 18:00:00', 0, 'TD', 8, 0, NULL, 40037, NULL, 5018, 3004),
(5568, '2015-10-12 16:00:00', '2015-10-12 18:00:00', 0, 'TD', 8, 0, NULL, 40048, 2080, 3135, 3010),
(5585, '2015-10-13 09:00:00', '2015-10-13 10:00:00', 0, 'TD', 4, 0, NULL, 40006, 26, 3105, 3002),
(5593, '2015-10-13 10:00:00', '2015-10-13 11:00:00', NULL, 'CM', 4, 0, NULL, 40001, NULL, 3105, 3000),
(5594, '2015-10-13 10:00:00', '2015-10-13 11:00:00', 0, 'CM', 4, 0, NULL, 40001, NULL, 3108, 3000),
(5595, '2015-10-13 10:00:00', '2015-10-13 11:00:00', 0, 'TD', 4, 0, NULL, 40006, 26, 3106, 3002),
(5597, '2015-10-13 11:00:00', '2015-10-13 12:00:00', 0, 'CM', 4, 0, NULL, 40001, NULL, 3107, 3000),
(5598, '2015-10-13 11:00:00', '2015-10-13 12:00:00', 0, 'CM', 4, 0, NULL, 40001, NULL, 3106, 3000),
(5608, '2015-10-13 12:00:00', '2015-10-13 13:00:00', 0, 'TD', 4, 0, NULL, 40006, 26, 3104, 3002),
(5615, '2015-10-13 14:00:00', '2015-10-13 15:00:00', 0, 'TD', 4, 0, NULL, 40006, 26, 3107, 3002),
(5622, '2015-10-13 15:00:00', '2015-10-13 16:00:00', 0, 'TD', 4, 0, NULL, 40006, 26, 3103, 3002),
(5629, '2015-10-14 08:00:00', '2015-10-14 09:00:00', 0, 'CM', 4, 0, NULL, 40002, NULL, 3105, 3000),
(5630, '2015-10-14 08:00:00', '2015-10-14 09:00:00', 0, 'CM', 4, 0, NULL, 40002, NULL, 3107, 3000),
(5637, '2015-10-14 09:00:00', '2015-10-14 11:00:00', 0, 'TD', 8, 0, NULL, 40330, NULL, 5018, 3011),
(5641, '2015-10-14 09:00:00', '2015-10-14 11:00:00', 0, 'TD', 8, 0, NULL, 40519, 26, 3107, 3005),
(5650, '2015-10-14 10:00:00', '2015-10-14 12:00:00', 0, 'TD', 8, 0, NULL, 40048, 2080, 3124, 3010),
(5656, '2015-10-14 11:00:00', '2015-10-14 13:00:00', 0, 'TD', 8, 0, NULL, 40519, 26, 3103, 3005),
(5658, '2015-10-14 12:00:00', '2015-10-14 13:00:00', 0, 'CM', 4, 0, NULL, 40002, NULL, 3105, 3000),
(5659, '2015-10-14 12:00:00', '2015-10-14 13:00:00', 0, 'CM', 4, 0, NULL, 40002, NULL, 3107, 3000),
(5660, '2015-10-14 12:00:00', '2015-10-14 13:00:00', 0, 'CM', 4, 0, NULL, 40002, NULL, 3108, 3000),
(5672, '2015-10-14 14:00:00', '2015-10-14 15:00:00', 0, 'CM', 4, 0, NULL, 40002, NULL, 3108, 3000),
(5673, '2015-10-14 14:00:00', '2015-10-14 15:00:00', 0, 'CM', 4, 0, NULL, 40002, NULL, 3104, 3000),
(5675, '2015-10-14 14:00:00', '2015-10-14 16:00:00', 0, 'TD', 8, 0, NULL, 40048, 2080, 5019, 3010),
(5688, '2015-10-14 16:00:00', '2015-10-14 18:00:00', 0, 'TD', 8, 0, NULL, 40048, 2080, 3122, 3010),
(5700, '2015-10-15 09:00:00', '2015-10-15 11:00:00', 0, 'TD', 8, 0, NULL, 40519, 26, 3105, 3005),
(5718, '2015-10-15 11:00:00', '2015-10-15 13:00:00', 0, 'TD', 8, 0, NULL, 40519, 26, 3108, 3005),
(5728, '2015-10-15 14:00:00', '2015-10-15 18:00:00', 0, 'TD', 16, 0, NULL, 51093, NULL, 3135, 3017),
(5729, '2015-10-15 14:00:00', '2015-10-15 16:00:00', 0, 'TD', 8, 0, NULL, 51093, 26, 5019, 3017),
(5751, '2015-10-16 09:00:00', '2015-10-16 11:00:00', 0, 'TD', 8, 0, NULL, 40519, 26, 3106, 3005),
(5757, '2015-10-16 10:00:00', '2015-10-16 11:00:00', 0, 'CM', 4, 0, NULL, 40007, NULL, 3105, 3000),
(5759, '2015-10-16 10:00:00', '2015-10-16 11:00:00', 0, 'CM', 4, 0, NULL, 40007, NULL, 3108, 3000),
(5762, '2015-10-16 09:30:00', '2015-10-16 11:00:00', 0, 'DS', 6, 0, NULL, 40045, NULL, 3123, 3025),
(5765, '2015-10-16 11:00:00', '2015-10-16 12:00:00', 0, 'CM', 4, 0, NULL, 40007, NULL, 3106, 3000),
(5766, '2015-10-16 11:00:00', '2015-10-16 12:00:00', 0, 'CM', 4, 0, NULL, 40007, NULL, 3107, 3000),
(5775, '2015-10-16 12:00:00', '2015-10-16 13:00:00', 0, 'CM', 4, 0, NULL, 40004, NULL, 3106, 3000),
(5776, '2015-10-16 12:00:00', '2015-10-16 13:00:00', 0, 'CM', 4, 0, NULL, 40004, NULL, 3107, 3000),
(5777, '2015-10-16 13:00:00', '2015-10-16 14:00:00', 0, 'CM', 4, 0, NULL, 40047, NULL, 3122, 3000),
(5778, '2015-10-16 13:00:00', '2015-10-16 14:00:00', 0, 'CM', 4, 0, NULL, 40047, NULL, 5019, 3000),
(5779, '2015-10-16 13:00:00', '2015-10-16 14:00:00', 0, 'CM', 4, 0, NULL, 40047, NULL, 3123, 3000),
(5781, '2015-10-16 13:00:00', '2015-10-16 14:00:00', 0, 'CM', 4, 0, NULL, 40047, NULL, 3135, 3000),
(5782, '2015-10-16 13:00:00', '2015-10-16 14:00:00', 0, 'CM', 4, 0, NULL, 40047, NULL, 3124, 3000),
(5783, '2015-10-16 13:00:00', '2015-10-16 14:00:00', 0, 'TD', 4, 0, NULL, 40006, 26, 3108, 3002),
(5788, '2015-10-16 14:00:00', '2015-10-16 16:00:00', 0, 'TD', 8, 0, NULL, 40519, 26, 3104, 3005),
(5792, '2015-10-16 14:30:00', '2015-10-16 15:30:00', 0, 'CM', 4, 0, NULL, 40004, NULL, 3108, 3000),
(5794, '2015-10-16 14:30:00', '2015-10-16 15:30:00', 0, 'CM', 4, 0, NULL, 40004, NULL, 3105, 3000),
(7681, '2015-10-13 16:15:00', '2015-10-13 17:45:00', NULL, 'TP', 6, 0, '#8CC6D7', 10211, 3056, 9, 8),
(7978, '2015-09-17 13:00:00', '2015-09-17 18:00:00', NULL, 'PR', 20, 1, NULL, NULL, NULL, 5000, 18),
(7979, '2015-09-15 11:00:00', '2015-09-15 11:30:00', NULL, 'CM', 2, 0, NULL, 26, 17, 4, NULL),
(7980, '2015-09-26 09:00:00', '2015-09-26 12:00:00', NULL, 'PR', 12, 1, NULL, NULL, NULL, 3100, 1002),
(7981, '2015-10-10 09:00:00', '2015-10-10 12:00:00', NULL, 'PR', 12, 1, NULL, NULL, NULL, 3100, 1002),
(7983, '2015-09-19 09:00:00', '2015-09-19 12:00:00', NULL, 'PR', 12, 1, NULL, NULL, NULL, 3100, 1008),
(7994, '2015-09-17 14:00:00', '2015-09-17 18:00:00', NULL, 'PR', 16, 1, NULL, NULL, NULL, 3000, 2004),
(7995, '2015-09-17 13:00:00', '2015-09-17 17:00:00', NULL, 'PR', 16, 1, NULL, NULL, NULL, 3000, 2004),
(8560, '2015-10-10 08:15:00', '2015-10-10 12:15:00', NULL, 'CM', 16, 0, NULL, 37, 2055, 4, 2015),
(8561, '2015-10-17 08:15:00', '2015-10-17 12:15:00', NULL, 'CM', 16, 0, NULL, 37, 2055, 4, 2015),
(8600, '2015-10-13 08:30:00', '2015-10-13 10:30:00', NULL, 'TD', 8, 0, NULL, 30005, 3266, 5028, 2007),
(8604, '2015-10-13 08:30:00', '2015-10-13 10:30:00', NULL, 'TD', 8, 0, NULL, 30013, 2029, 2003, 2001),
(8612, '2015-10-13 10:30:00', '2015-10-13 12:30:00', NULL, 'TD', 8, 0, NULL, 30013, 2029, 2005, 2001),
(8614, '2015-10-13 10:30:00', '2015-10-13 12:30:00', NULL, 'TD', 8, 0, NULL, 30005, 3266, 5026, 2007),
(8619, '2015-10-13 14:00:00', '2015-10-13 15:00:00', NULL, 'DS', 4, 0, NULL, 30008, NULL, 2003, 2008),
(8624, '2015-10-13 14:30:00', '2015-10-13 16:00:00', NULL, 'TD', 6, 0, NULL, 30312, 2029, 3053, 2007),
(8626, '2015-10-13 15:00:00', '2015-10-13 16:00:00', NULL, 'DS', 4, 0, NULL, 30008, NULL, 2005, 2008),
(8631, '2015-10-13 14:00:00', '2015-10-13 15:00:00', NULL, 'DS', 4, 0, NULL, 30008, NULL, 2003, 2008),
(8634, '2015-10-14 09:00:00', '2015-10-14 11:00:00', NULL, 'TD', 8, 0, NULL, 30013, 2029, 2005, 2005),
(8642, '2015-10-14 11:00:00', '2015-10-14 13:00:00', NULL, 'TD', 8, 0, NULL, 30013, 2029, 2003, 2005),
(8672, '2015-10-16 08:00:00', '2015-10-16 10:00:00', NULL, 'TD', 8, 0, NULL, 30338, 2080, 3050, 2000),
(8678, '2015-10-16 09:00:00', '2015-10-16 11:00:00', NULL, 'TD', 8, 0, NULL, 30005, 3266, 5022, 2006),
(8683, '2015-10-16 10:00:00', '2015-10-16 12:00:00', NULL, 'TD', 8, 0, NULL, 30338, 2080, 3051, 2000),
(8687, '2015-10-16 11:00:00', '2015-10-16 13:00:00', NULL, 'TD', 8, 0, NULL, 30005, 3266, 5024, 2006),
(8693, '2015-10-16 13:30:00', '2015-10-16 15:00:00', NULL, 'TD', 6, 0, NULL, 30013, 2029, 2003, 2000),
(8697, '2015-10-16 15:00:00', '2015-10-16 16:30:00', NULL, 'TD', 6, 0, NULL, 30013, 2029, 2005, 2000),
(8742, '2015-10-06 08:30:00', '2015-10-06 10:30:00', NULL, 'TD', 8, 0, NULL, 30013, 2029, 2003, 2001),
(8744, '2015-10-06 08:30:00', '2015-10-06 10:30:00', NULL, 'TD', 8, 0, NULL, 30005, 3266, 5028, 2006),
(8753, '2015-10-06 10:30:00', '2015-10-06 12:30:00', NULL, 'TD', 8, 0, NULL, 30013, 2029, 2005, 2001),
(8754, '2015-10-06 10:30:00', '2015-10-06 12:30:00', NULL, 'TD', 8, 0, NULL, 30005, 3266, 5026, 2006),
(8760, '2015-10-06 14:30:00', '2015-10-06 16:00:00', NULL, '', 6, 0, NULL, 30312, 2029, 3062, 2007),
(8762, '2015-10-06 14:30:00', '2015-10-06 16:00:00', NULL, 'TD', 6, 0, NULL, 30312, 2029, 3053, 2007),
(8765, '2015-10-06 17:00:00', '2015-10-06 18:00:00', NULL, 'DS', 4, 0, NULL, 30305, NULL, 3051, 2008),
(8769, '2015-10-06 16:00:00', '2015-10-06 17:00:00', NULL, 'DS', 4, 0, NULL, 30305, NULL, 5021, 2008),
(8774, '2015-10-07 09:00:00', '2015-10-07 11:00:00', NULL, 'TD', 8, 0, NULL, 30013, 2029, 2005, 2005),
(8783, '2015-10-07 11:00:00', '2015-10-07 13:00:00', NULL, 'TD', 8, 0, NULL, 30013, 2029, 2003, 2005),
(8812, '2015-10-09 08:00:00', '2015-10-09 10:00:00', NULL, 'TD', 8, 0, NULL, 30338, 2080, 3050, 2000),
(8816, '2015-10-09 08:00:00', '2015-10-09 10:00:00', NULL, 'TD', 8, 0, NULL, 30328, 2029, 3056, 2008),
(8823, '2015-10-09 10:00:00', '2015-10-09 12:00:00', NULL, 'TD', 8, 0, NULL, 30338, 2080, 3051, 2000),
(8833, '2015-10-09 13:30:00', '2015-10-09 15:00:00', NULL, 'TD', 6, 0, '#C79F4B', 30013, 2029, 2003, 2008),
(8837, '2015-10-09 15:00:00', '2015-10-09 16:30:00', NULL, 'TD', 6, 0, '#C79F4B', 30013, 2029, 2005, 2008),
(8852, '2015-10-05 08:15:00', '2015-10-05 09:45:00', NULL, 'TD', 6, 0, NULL, 27, 7, 4, 12),
(8853, '2015-10-05 10:00:00', '2015-10-05 11:30:00', NULL, 'TD', 6, 0, NULL, 27, 7, 4, 12),
(8854, '2015-09-29 08:30:00', '2015-09-29 10:00:00', NULL, 'TD', 6, 0, '#8CC6D7', 26, 17, 4, 12),
(8855, '2015-09-29 10:00:00', '2015-09-29 11:30:00', NULL, 'TD', 6, 0, NULL, 26, 17, 4, 12),
(8856, '2015-09-22 08:15:00', '2015-09-22 09:45:00', NULL, 'TP', 6, 0, '#8CC6D7', 10011, 27, 16, 9),
(9753, '2015-09-03 13:00:00', '2015-09-03 17:00:00', NULL, 'TD', 16, 1, NULL, 10320, 25, 3, NULL),
(9754, '2015-09-03 13:00:00', '2015-09-03 15:00:00', NULL, 'TD', 8, 1, NULL, 10320, 5, 3, NULL),
(9755, '2015-09-03 13:00:00', '2015-09-03 15:00:00', NULL, 'TD', 8, 1, NULL, 10320, 14, 3, NULL),
(9756, '2015-09-04 13:00:00', '2015-09-04 17:00:00', NULL, 'TD', 16, 1, NULL, 1147, 14, 4, NULL),
(9757, '2015-09-03 15:00:00', '2015-09-03 17:00:00', NULL, 'TD', 8, 1, NULL, 1147, 14, 4, NULL),
(9758, '2015-09-03 13:00:00', '2015-09-03 15:00:00', NULL, 'TD', 8, 1, NULL, 10320, 36, 3, NULL),
(9759, '2015-09-03 13:00:00', '2015-09-03 15:00:00', NULL, 'TD', 8, 1, NULL, 10320, 27, 3, NULL),
(9760, '2015-09-07 13:00:00', '2015-09-07 15:00:00', NULL, 'TD', 8, 1, NULL, 1147, 2, 4, NULL),
(9761, '2015-09-03 13:00:00', '2015-09-03 15:00:00', NULL, 'TD', 8, 1, NULL, 10320, 16, 3, NULL),
(9762, '2015-09-07 13:00:00', '2015-09-07 17:00:00', NULL, 'TD', 16, 1, NULL, 1147, 16, 4, NULL),
(9763, '2015-09-03 13:00:00', '2015-09-03 15:00:00', NULL, 'TD', 8, 1, NULL, 10320, 38, 3, NULL),
(9764, '2015-09-03 13:00:00', '2015-09-03 14:00:00', NULL, 'TD', 4, 1, NULL, 10320, 3084, 3, NULL),
(9765, '2015-09-04 13:00:00', '2015-09-04 15:00:00', NULL, 'TD', 8, 1, NULL, 1147, 17, 4, NULL),
(9766, '2015-09-07 09:00:00', '2015-09-07 13:00:00', NULL, 'TD', 16, 1, NULL, 10320, 6, 3, NULL),
(9782, '2015-09-24 14:00:00', '2015-09-24 15:30:00', NULL, 'PR', 6, 1, NULL, NULL, NULL, 2000, 1000),
(9785, '2015-10-16 08:00:00', '2015-10-16 09:30:00', NULL, 'DS', 6, 0, NULL, 40045, NULL, 3124, 3025),
(9787, '2015-10-16 09:30:00', '2015-10-16 11:00:00', NULL, 'DS', 6, 0, NULL, 40045, NULL, 3135, 3025),
(9789, '2015-10-14 08:15:00', '2015-10-14 09:45:00', NULL, 'TD', 6, 0, NULL, 29, 27, 4, 9),
(9793, '2015-10-02 10:00:00', '2015-10-02 11:30:00', NULL, 'PR', 6, 1, NULL, NULL, NULL, 1000, 12),
(9804, '2015-09-23 14:00:00', '2015-09-23 16:00:00', NULL, 'PR', 8, 1, NULL, NULL, NULL, 3100, 1007),
(9805, '2015-09-23 16:00:00', '2015-09-23 18:00:00', NULL, 'PR', 8, 1, NULL, NULL, NULL, 3100, 1009),
(10957, '2015-10-02 09:30:00', '2015-10-02 12:30:00', NULL, 'PR', 12, 1, NULL, NULL, NULL, 2000, 10),
(10958, '2015-10-02 13:30:00', '2015-10-02 16:30:00', NULL, 'PR', 12, 1, NULL, NULL, NULL, 2000, 13),
(10959, '2015-10-01 14:00:00', '2015-10-01 18:00:00', NULL, 'TD', 16, 0, NULL, 52019, NULL, 5020, NULL),
(10960, '2015-09-10 14:00:00', '2015-09-10 18:00:00', NULL, 'TD', 16, 0, NULL, 52019, NULL, 5020, NULL),
(10961, '2015-10-15 14:00:00', '2015-10-15 18:00:00', NULL, 'TD', 16, 0, NULL, 52019, NULL, 5020, NULL),
(10970, '2015-09-30 08:15:00', '2015-09-30 09:45:00', NULL, 'TD', 6, 0, NULL, 31, 14, 4, 13),
(10971, '2015-09-30 10:00:00', '2015-09-30 11:30:00', NULL, 'TD', 6, 0, NULL, 31, 14, 4, 2015),
(11128, '2015-10-19 09:00:00', '2015-10-19 10:30:00', NULL, 'DS', 6, 0, '#C79F4B', 30007, NULL, 2005, 2008),
(11133, '2015-10-19 10:30:00', '2015-10-19 12:00:00', NULL, 'DS', 6, 0, '#C79F4B', 30007, NULL, 2003, 2008),
(11158, '2015-10-20 08:30:00', '2015-10-20 10:30:00', NULL, 'TD', 8, 0, NULL, 30005, 3266, 5028, 2007),
(11162, '2015-10-20 08:30:00', '2015-10-20 10:30:00', NULL, 'TD', 8, 0, NULL, 30013, 2029, 2003, 2001),
(11167, '2015-10-20 10:30:00', '2015-10-20 12:30:00', NULL, 'TD', 8, 0, NULL, 30005, 3266, 5026, 2007),
(11169, '2015-10-20 10:30:00', '2015-10-20 12:30:00', NULL, 'TD', 8, 0, NULL, 30013, 2029, 2005, 2001),
(11179, '2015-10-20 14:30:00', '2015-10-20 16:00:00', NULL, '', 6, 0, NULL, 30312, 2029, 3062, 2007),
(11182, '2015-10-20 14:30:00', '2015-10-20 16:00:00', NULL, 'TD', 6, 0, NULL, 30312, 2029, 3053, 2007),
(11194, '2015-10-21 09:00:00', '2015-10-21 11:00:00', NULL, 'TD', 8, 0, NULL, 30013, 2029, 2005, 2005),
(11200, '2015-10-21 11:00:00', '2015-10-21 13:00:00', NULL, 'TD', 8, 0, NULL, 30013, 2029, 2003, 2005),
(11232, '2015-10-23 08:00:00', '2015-10-23 10:00:00', NULL, 'TD', 8, 0, NULL, 30338, 2080, 3050, 2001),
(11243, '2015-10-23 10:00:00', '2015-10-23 12:00:00', NULL, 'TD', 8, 0, NULL, 30338, 2080, 3051, 2001),
(11244, '2015-10-23 11:00:00', '2015-10-23 13:00:00', NULL, 'TD', 8, 0, '#C79F4B', 30005, 3266, 5025, 2007),
(11307, '2015-09-30 10:00:00', '2015-09-30 12:30:00', NULL, 'PR', 10, 1, NULL, NULL, NULL, 3100, 1007),
(11311, '2015-10-20 16:15:00', '2015-10-20 17:45:00', NULL, 'DS', 6, 0, '#F6E8B1', 10200, 36, 3, 18),
(11319, '2015-10-02 08:15:00', '2015-10-02 09:45:00', NULL, 'TP', 6, 0, NULL, 20056, 1, 1016, 1007),
(11320, '2015-10-02 09:45:00', '2015-10-02 11:15:00', NULL, 'TP', 6, 0, NULL, 20056, 1, 1016, 1007),
(11334, '2015-10-19 08:15:00', '2015-10-19 09:45:00', NULL, 'DS', 6, 0, '#F6E8B1', 10203, 16, 3, 18),
(11338, '2015-09-24 11:00:00', '2015-09-24 13:00:00', NULL, 'TD', 8, 0, NULL, 40519, 26, 3119, 3005),
(11339, '2015-10-05 08:00:00', '2015-10-05 12:00:00', NULL, 'PR', 16, 1, NULL, NULL, NULL, 3000, 2000),
(11340, '2015-10-05 13:00:00', '2015-10-05 17:00:00', NULL, 'PR', 16, 1, NULL, NULL, NULL, 3000, 2000),
(11358, '2015-10-08 10:00:00', '2015-10-08 11:30:00', NULL, 'TP', 6, 0, '#8CC6D7', 10011, 27, 15, 9),
(11359, '2015-10-13 13:00:00', '2015-10-13 14:30:00', NULL, 'TD', 6, 0, '#8CC6D7', 10214, 27, 10, 9),
(11360, '2015-10-14 16:15:00', '2015-10-14 17:45:00', NULL, 'TD', 6, 0, '#8CC6D7', 10214, 27, 9, 2015),
(11361, '2015-10-20 14:30:00', '2015-10-20 16:00:00', NULL, 'TD', 6, 0, '#8CC6D7', 10210, 27, 26, 13),
(11362, '2015-10-07 08:00:00', '2015-10-07 13:00:00', NULL, 'PR', 20, 1, NULL, NULL, NULL, 5000, 2001),
(11374, '2015-10-07 14:00:00', '2015-10-07 18:00:00', NULL, 'PR', 16, 1, NULL, NULL, NULL, 3100, 1009),
(11377, '2015-10-05 08:00:00', '2015-10-05 12:00:00', NULL, 'PR', 16, 1, NULL, NULL, NULL, 3000, 2003),
(11412, '2015-10-19 08:45:00', '2015-10-19 11:30:00', NULL, 'PR', 11, 1, NULL, NULL, NULL, 1, 1007),
(11413, '2015-10-06 08:30:00', '2015-10-06 10:30:00', NULL, 'TD', 8, 0, NULL, 30005, 3353, 5029, 2007),
(11414, '2015-10-06 10:30:00', '2015-10-06 12:30:00', NULL, 'TD', 8, 0, NULL, 30005, 3353, 5027, 2007),
(11415, '2015-10-09 09:00:00', '2015-10-09 11:00:00', NULL, 'TD', 8, 0, NULL, 30005, 3266, 5023, 2007),
(11416, '2015-10-09 11:00:00', '2015-10-09 13:00:00', NULL, 'TD', 8, 0, NULL, 30005, 3266, 5025, 2007),
(11417, '2015-10-13 08:30:00', '2015-10-13 10:30:00', NULL, 'TD', 8, 0, NULL, 30005, 3353, 5029, 2006),
(11418, '2015-10-13 10:30:00', '2015-10-13 12:30:00', NULL, 'TD', 8, 0, NULL, 30005, 3353, 5027, 2006),
(11421, '2015-10-20 08:30:00', '2015-10-20 10:30:00', NULL, 'TD', 8, 0, NULL, 30005, 3353, 5029, 2006),
(11422, '2015-10-20 10:30:00', '2015-10-20 12:30:00', NULL, 'TD', 8, 0, NULL, 30005, 3353, 5027, 2006),
(11423, '2015-10-23 09:00:00', '2015-10-23 11:00:00', NULL, 'TD', 8, 0, '#C79F4B', 30005, 3266, 5023, 2007),
(11439, '2015-10-13 14:30:00', '2015-10-13 16:00:00', NULL, '', 6, 0, NULL, 30312, 2029, 3062, 2007),
(11453, '2015-10-08 08:00:00', '2015-10-08 12:00:00', NULL, 'PR', 16, 1, NULL, NULL, NULL, 3000, 2000),
(11454, '2015-10-08 13:00:00', '2015-10-08 17:00:00', NULL, 'PR', 16, 1, NULL, NULL, NULL, 3000, 2000),
(11605, '2015-10-19 08:00:00', '2015-10-19 12:00:00', NULL, 'PR', 16, 1, NULL, NULL, NULL, 1000, 10),
(11606, '2015-10-20 08:00:00', '2015-10-20 12:00:00', NULL, 'PR', 16, 1, NULL, NULL, NULL, 1000, 17),
(11607, '2015-10-20 13:00:00', '2015-10-20 17:00:00', NULL, 'PR', 16, 1, NULL, NULL, NULL, 1000, 12),
(11624, '2015-10-17 08:00:00', '2015-10-17 12:00:00', NULL, 'PR', 16, 1, NULL, NULL, NULL, 5000, 2000),
(11625, '2015-10-24 08:00:00', '2015-10-24 12:00:00', NULL, 'PR', 16, 1, NULL, NULL, NULL, 5000, 2000),
(11633, '2015-10-20 16:00:00', '2015-10-20 17:00:00', NULL, 'DS', 4, 0, '#C79F4B', 30305, NULL, 3051, 2008),
(11635, '2015-10-20 17:00:00', '2015-10-20 18:00:00', NULL, 'DS', 4, 0, '#C79F4B', 30305, NULL, 5021, 2008),
(11636, '2015-10-08 13:00:00', '2015-10-08 14:00:00', NULL, 'PR', 4, 1, NULL, NULL, NULL, 1, 1000),
(11637, '2015-10-09 13:00:00', '2015-10-09 14:00:00', NULL, 'PR', 4, 1, NULL, NULL, NULL, 1, 1000),
(11646, '2015-10-09 13:00:00', '2015-10-09 17:00:00', NULL, 'PR', 16, 1, NULL, NULL, NULL, 5000, 2004),
(11647, '2015-10-22 08:00:00', '2015-10-22 12:00:00', NULL, 'TD', 16, 0, NULL, 40050, NULL, 3122, 3025),
(11648, '2015-10-22 14:00:00', '2015-10-22 18:00:00', NULL, 'TD', 16, 0, NULL, 40050, NULL, 3122, 3025),
(11678, '2015-10-20 08:00:00', '2015-10-20 12:00:00', NULL, 'TD', 16, 0, NULL, 40050, NULL, 3135, 3025),
(11680, '2015-10-21 08:00:00', '2015-10-21 12:00:00', NULL, 'TD', 16, 0, NULL, 40050, NULL, 3135, 3025),
(11735, '2015-10-21 14:00:00', '2015-10-21 18:00:00', NULL, 'TD', 16, 0, NULL, 40050, NULL, 5019, 3025),
(11753, '2015-10-21 14:15:00', '2015-10-21 15:45:00', NULL, 'TD', 6, 0, NULL, 20058, 41, 1006, 1001),
(11767, '2015-10-12 08:00:00', '2015-10-12 12:00:00', NULL, 'PR', 16, 1, NULL, NULL, NULL, 3000, 2002),
(11777, '2015-10-12 09:00:00', '2015-10-12 13:00:00', NULL, 'PR', 16, 1, NULL, NULL, NULL, 1000, 10),
(11802, '2015-10-14 13:00:00', '2015-10-14 14:00:00', NULL, 'PR', 4, 1, NULL, NULL, NULL, 1, 1000),
(11803, '2015-10-15 13:00:00', '2015-10-15 17:00:00', NULL, 'PR', 16, 1, NULL, NULL, NULL, 5000, 2001),
(11944, '2015-10-19 09:00:00', '2015-10-19 11:00:00', 0, 'TD', 8, 0, NULL, 40011, 26, 3103, 3003),
(11950, '2015-10-19 11:00:00', '2015-10-19 13:00:00', 0, 'TD', 8, 0, NULL, 40011, 26, 3105, 3003),
(11952, '2015-10-19 12:00:00', '2015-10-19 13:00:00', 0, 'CM', 4, 0, NULL, 40005, NULL, 3106, 3000),
(11957, '2015-10-19 14:00:00', '2015-10-19 16:00:00', 0, 'TD', 8, 0, NULL, 40011, 26, 3104, 3003),
(12025, '2015-10-22 09:00:00', '2015-10-22 11:00:00', 0, 'TD', 8, 0, NULL, 40519, 26, 3105, 3005),
(12032, '2015-10-22 11:00:00', '2015-10-22 13:00:00', 0, 'TD', 8, 0, NULL, 40519, 26, 3108, 3005),
(12037, '2015-10-22 13:00:00', '2015-10-22 14:00:00', 0, 'CM', 4, 0, NULL, 40005, NULL, 3105, 3000),
(12038, '2015-10-22 13:00:00', '2015-10-22 14:00:00', 0, 'CM', 4, 0, NULL, 40005, NULL, 3108, 3000),
(12039, '2015-10-22 13:00:00', '2015-10-22 14:00:00', 0, 'CM', 4, 0, NULL, 40005, NULL, 3107, 3000),
(12064, '2015-10-23 14:00:00', '2015-10-23 16:00:00', 0, 'TD', 8, 0, NULL, 40519, 26, 3104, 3005),
(12932, '2015-10-28 08:15:00', '2015-10-28 11:15:00', NULL, 'TP', 12, 0, NULL, 20061, NULL, 1015, NULL),
(12933, '2015-10-28 11:30:00', '2015-10-28 13:00:00', NULL, 'TP', 6, 0, NULL, 20061, NULL, 1015, NULL),
(12934, '2015-10-28 14:15:00', '2015-10-28 15:45:00', NULL, 'TP', 6, 0, NULL, 20061, NULL, 1015, NULL),
(12935, '2015-10-28 16:00:00', '2015-10-28 17:30:00', NULL, 'TP', 6, 0, NULL, 20061, NULL, 1015, NULL),
(12940, '2015-10-24 08:15:00', '2015-10-24 11:15:00', NULL, 'TP', 12, 0, NULL, 20061, NULL, 1014, NULL),
(12941, '2015-10-24 11:30:00', '2015-10-24 13:00:00', NULL, 'TP', 6, 0, NULL, 20061, NULL, 1014, NULL),
(12942, '2015-10-24 14:15:00', '2015-10-24 15:45:00', NULL, 'TP', 6, 0, NULL, 20061, NULL, 1014, NULL),
(12943, '2015-10-24 16:00:00', '2015-10-24 17:30:00', NULL, 'TP', 6, 0, NULL, 20061, NULL, 1014, NULL),
(12968, '2015-10-08 13:00:00', '2015-10-08 14:00:00', NULL, 'cm', 4, 0, '#F6E8B1', 40005, NULL, 3105, 3000),
(12969, '2015-10-08 13:00:00', '2015-10-08 14:00:00', NULL, 'cm', 4, 0, '#F6E8B1', 40005, NULL, 3107, 3000),
(12970, '2015-10-08 13:00:00', '2015-10-08 14:00:00', NULL, 'cm', 4, 0, '#F6E8B1', 40005, NULL, 3108, 3000),
(13010, '2015-10-19 14:00:00', '2015-10-19 15:30:00', NULL, 'PR', 6, 1, NULL, NULL, NULL, 1, 1000),
(13011, '2015-10-22 13:00:00', '2015-10-22 17:00:00', NULL, 'PR', 16, 1, NULL, NULL, NULL, 5000, 2000),
(13036, '2015-10-19 14:00:00', '2015-10-19 16:00:00', NULL, 'PR', 8, 1, NULL, NULL, NULL, 1000, 12),
(13041, '2015-10-19 10:00:00', '2015-10-19 11:30:00', NULL, 'TD', 6, 0, '#8CC6D7', 10210, 27, 26, 13),
(13042, '2015-10-19 16:15:00', '2015-10-19 17:45:00', NULL, 'TD', 6, 0, '#8CC6D7', 10210, 27, 9, 13),
(13043, '2015-10-21 14:30:00', '2015-10-21 16:00:00', NULL, 'TD', 6, 0, '#8CC6D7', 10005, 27, 7, 13),
(13045, '2015-10-23 08:15:00', '2015-10-23 09:45:00', NULL, 'TD', 6, 0, '#8CC6D7', 10214, 27, 26, 12),
(13047, '2015-10-23 10:00:00', '2015-10-23 11:30:00', NULL, 'TD', 6, 0, '#8CC6D7', 10214, 27, 10, 8),
(13057, '2015-10-19 13:00:00', '2015-10-19 14:00:00', NULL, 'PR', 4, 1, NULL, NULL, NULL, 5000, 2000),
(13058, '2015-10-19 10:00:00', '2015-10-19 12:00:00', NULL, 'PR', 8, 1, NULL, NULL, NULL, 3000, 2005),
(13128, '2015-10-14 11:00:00', '2015-10-14 12:00:00', NULL, 'TD', 4, 0, NULL, 30, 3228, 4, 2015),
(13133, '2015-10-12 17:15:00', '2015-10-12 18:15:00', NULL, 'TD', 4, 0, NULL, 38, 15, 4, 2015),
(13145, '2015-10-20 08:00:00', '2015-10-20 13:00:00', NULL, 'PR', 20, 1, NULL, NULL, NULL, 2000, 14),
(13163, '2015-10-06 16:00:00', '2015-10-06 18:00:00', NULL, 'TD', 8, 0, NULL, 30005, 3266, 2004, 2006),
(13164, '2015-10-12 14:30:00', '2015-10-12 16:30:00', NULL, 'TD', 8, 0, NULL, 30005, 3266, 2005, NULL),
(13166, '2015-10-13 13:00:00', '2015-10-13 15:00:00', NULL, 'TD', 8, 0, NULL, 30005, 3266, 2004, 2006),
(13168, '2015-10-13 16:00:00', '2015-10-13 18:00:00', NULL, 'TD', 8, 0, NULL, 30005, 3266, 2005, 2006),
(13184, '2015-10-23 13:00:00', '2015-10-23 17:00:00', NULL, 'PR', 16, 1, NULL, NULL, NULL, 3000, 2006),
(13198, '2015-10-23 09:00:00', '2015-10-23 12:00:00', NULL, 'PR', 12, 1, NULL, NULL, NULL, 1000, 16),
(13280, '2015-10-21 09:00:00', '2015-10-21 11:00:00', NULL, 'TD', 8, 0, '#DB0B32', 40519, 26, 3107, 3009),
(13281, '2015-10-21 11:00:00', '2015-10-21 13:00:00', NULL, 'TD', 8, 0, NULL, 40519, 26, 3103, 3009),
(18428, '2015-10-17 08:00:00', '2015-10-17 10:00:00', NULL, 'TD', 8, 1, NULL, 1137, 47, 2, NULL),
(18429, '2015-10-22 15:30:00', '2015-10-22 17:30:00', NULL, 'TD', 8, 1, NULL, 1137, 47, 2, NULL),
(18430, '2015-10-24 10:00:00', '2015-10-24 12:00:00', NULL, 'TD', 8, 1, NULL, 1137, 47, 2, NULL);

-- --------------------------------------------------------

--
-- Structure de la table `news`
--

CREATE TABLE IF NOT EXISTS `news` (
`id` bigint(20) NOT NULL,
  `title` varchar(255) NOT NULL,
  `content` text NOT NULL
) ENGINE=InnoDB DEFAULT CHARSET=latin1;

-- --------------------------------------------------------

--
-- Structure de la table `note`
--

CREATE TABLE IF NOT EXISTS `note` (
`id` bigint(20) NOT NULL,
  `note` double(18,2) DEFAULT NULL,
  `etudiant_id` bigint(20) NOT NULL,
  `devoir_id` bigint(20) NOT NULL
) ENGINE=InnoDB AUTO_INCREMENT=1069 DEFAULT CHARSET=latin1;

--
-- Contenu de la table `note`
--

INSERT INTO `note` (`id`, `note`, `etudiant_id`, `devoir_id`) VALUES
(101, 10.00, 195, 3),
(102, 10.00, 196, 3),
(103, 10.00, 197, 3),
(104, 10.00, 199, 3),
(105, 10.00, 200, 3),
(106, 10.00, 202, 3),
(107, 10.00, 204, 3),
(108, 10.00, 205, 3),
(109, 10.00, 206, 3),
(110, 10.00, 207, 3),
(111, 10.00, 208, 3),
(112, 10.00, 209, 3),
(113, 10.00, 210, 3),
(114, 10.00, 173, 3),
(115, 10.00, 212, 3),
(116, 10.00, 213, 3),
(117, 10.00, 214, 3),
(118, 10.00, 155, 3),
(119, 10.00, 156, 3),
(120, 10.00, 157, 3),
(121, 10.00, 158, 3),
(122, 10.00, 160, 3),
(123, 10.00, 161, 3),
(124, 10.00, 162, 3),
(125, 10.00, 163, 3),
(126, 10.00, 164, 3),
(127, 10.00, 165, 3),
(128, 10.00, 166, 3),
(129, 10.00, 167, 3),
(130, 10.00, 168, 3),
(131, 10.00, 169, 3),
(132, 10.00, 170, 3),
(133, 10.00, 171, 3),
(134, 10.00, 172, 3),
(135, 10.00, 211, 3),
(136, 10.00, 174, 3),
(160, 10.00, 175, 3),
(161, 10.00, 176, 3),
(162, 10.00, 177, 3),
(163, 10.00, 179, 3),
(164, 10.00, 181, 3),
(165, 10.00, 182, 3),
(166, 10.00, 183, 3),
(167, 10.00, 185, 3),
(168, 10.00, 186, 3),
(169, 10.00, 187, 3),
(170, 10.00, 189, 3),
(171, 10.00, 192, 3),
(172, 10.00, 178, 3),
(173, 10.00, 188, 3),
(174, 10.00, 190, 3),
(175, 10.00, 191, 3),
(176, 10.00, 193, 3),
(177, 10.00, 194, 3),
(684, 10.00, 195, 4),
(685, 10.00, 196, 4),
(686, 10.00, 197, 4),
(687, 10.00, 199, 4),
(688, 10.00, 200, 4),
(689, 10.00, 201, 4),
(690, 10.00, 202, 4),
(691, 10.00, 205, 4),
(692, 10.00, 206, 4),
(693, 10.00, 208, 4),
(694, 10.00, 209, 4),
(695, 10.00, 210, 4),
(696, 10.00, 212, 4),
(697, 10.00, 213, 4),
(698, 10.00, 214, 4),
(699, 10.00, 160, 4),
(700, 10.00, 173, 4),
(701, 10.00, 204, 4),
(760, 10.00, 175, 9),
(761, 10.00, 176, 9),
(762, 10.00, 177, 9),
(763, 10.00, 178, 9),
(764, 10.00, 179, 9),
(765, 10.00, 180, 9),
(766, 10.00, 181, 9),
(767, 10.00, 182, 9),
(768, 10.00, 183, 9),
(769, 10.00, 185, 9),
(770, 10.00, 186, 9),
(771, 10.00, 187, 9),
(772, 10.00, 188, 9),
(773, 10.00, 190, 9),
(774, 10.00, 191, 9),
(775, 10.00, 192, 9),
(776, 10.00, 193, 9),
(777, 10.00, 194, 9),
(778, 10.00, 195, 9),
(779, 10.00, 196, 9),
(780, 10.00, 197, 9),
(781, 10.00, 199, 9),
(782, 10.00, 200, 9),
(783, 10.00, 201, 9),
(784, 10.00, 202, 9),
(785, 10.00, 204, 9),
(786, 10.00, 205, 9),
(787, 10.00, 206, 9),
(788, 10.00, 207, 9),
(789, 10.00, 208, 9),
(790, 10.00, 209, 9),
(791, 10.00, 210, 9),
(792, 10.00, 212, 9),
(793, 10.00, 213, 9),
(794, 10.00, 214, 9),
(795, 10.00, 155, 9),
(796, 10.00, 156, 9),
(797, 10.00, 157, 9),
(798, 10.00, 158, 9),
(799, 10.00, 160, 9),
(800, 10.00, 161, 9),
(801, 10.00, 162, 9),
(802, 10.00, 163, 9),
(803, 10.00, 164, 9),
(804, 10.00, 166, 9),
(805, 10.00, 167, 9),
(806, 10.00, 168, 9),
(807, 10.00, 169, 9),
(808, 10.00, 170, 9),
(809, 10.00, 171, 9),
(810, 10.00, 172, 9),
(811, 10.00, 173, 9),
(812, 10.00, 211, 9),
(813, 10.00, 174, 9),
(814, 10.00, 180, 3),
(815, 10.00, 165, 9),
(1031, 10.00, 175, 4),
(1032, 10.00, 176, 4),
(1033, 10.00, 177, 4),
(1034, 10.00, 179, 4),
(1035, 10.00, 180, 4),
(1036, 10.00, 181, 4),
(1037, 10.00, 182, 4),
(1038, 10.00, 183, 4),
(1039, 10.00, 185, 4),
(1040, 10.00, 186, 4),
(1041, 10.00, 187, 4),
(1042, 10.00, 188, 4),
(1043, 10.00, 189, 4),
(1044, 10.00, 190, 4),
(1045, 10.00, 191, 4),
(1046, 10.00, 192, 4),
(1047, 10.00, 193, 4),
(1048, 10.00, 194, 4),
(1049, 10.00, 155, 4),
(1050, 10.00, 156, 4),
(1051, 10.00, 157, 4),
(1052, 10.00, 158, 4),
(1053, 10.00, 161, 4),
(1054, 10.00, 162, 4),
(1055, 10.00, 163, 4),
(1056, 10.00, 164, 4),
(1057, 10.00, 165, 4),
(1058, 10.00, 166, 4),
(1059, 10.00, 167, 4),
(1060, 10.00, 168, 4),
(1061, 10.00, 169, 4),
(1062, 10.00, 170, 4),
(1063, 10.00, 171, 4),
(1064, 10.00, 172, 4),
(1065, 10.00, 211, 4),
(1066, 10.00, 174, 4),
(1067, 10.00, 189, 9),
(1068, 10.00, 201, 3);

-- --------------------------------------------------------

--
-- Structure de la table `planning`
--

CREATE TABLE IF NOT EXISTS `planning` (
`id` bigint(20) NOT NULL,
  `teacher_id` bigint(20) DEFAULT NULL,
  `course_id` bigint(20) DEFAULT NULL,
  `cm` float(18,2) DEFAULT NULL,
  `td` float(18,2) DEFAULT NULL,
  `tp` float(18,2) DEFAULT NULL
) ENGINE=InnoDB AUTO_INCREMENT=7716 DEFAULT CHARSET=latin1;

--
-- Contenu de la table `planning`
--

INSERT INTO `planning` (`id`, `teacher_id`, `course_id`, `cm`, `td`, `tp`) VALUES
(54, 5, 25, 1.00, 1.00, 0.00),
(135, 17, 26, 1.00, 1.00, 0.00),
(329, 42, 28, 1.00, 1.00, 0.00),
(511, 29, 41, 1.00, 1.00, 0.00),
(512, 12, 42, 1.00, 1.00, 0.00),
(514, 30, 33, 1.00, 1.00, 0.00),
(1351, 7, 27, 1.00, 1.00, 0.00),
(1413, 17, 36, 1.00, 1.00, 0.00),
(1635, 2, 2144, 1.00, 1.00, 0.00),
(2225, 25, 10023, 1.00, 3.00, 6.00),
(2226, 25, 10024, 1.00, 3.00, 6.00),
(2556, 14, 10022, 1.00, 3.00, 6.00),
(3649, 29, 20070, 0.00, 1.00, 0.00),
(3655, 29, 20087, 0.00, 1.00, 0.00),
(3670, 1, 20101, 0.00, 1.00, 0.00),
(3896, 34, 20049, 0.00, 0.00, 2.50),
(3903, 29, 20053, 1.00, 3.00, 0.00),
(3918, 41, 20051, 0.00, 0.00, 1.33),
(3919, 1, 20051, 0.00, 0.00, 1.33),
(4015, 3266, 20014, 0.00, 0.00, 3.00),
(4030, 41, 20058, 1.00, 1.00, 2.00),
(4032, 16, 20058, 0.00, 0.00, 1.00),
(4037, 38, 20039, 0.00, 0.00, 2.00),
(4092, 41, 20008, 0.00, 0.00, 1.00),
(4094, 1, 20008, 0.00, 0.00, 1.00),
(4119, 41, 20011, 1.00, 0.00, 3.00),
(4130, 2, 51007, 0.00, 1.00, 0.00),
(4132, 38, 51008, 1.00, 0.00, 1.00),
(4134, 41, 51009, 1.00, 1.00, 1.00),
(4137, 29, 51019, 1.00, 0.00, 0.00),
(4138, 1, 51014, 1.00, 1.00, 0.00),
(4139, 17, 51010, 1.00, 0.00, 1.00),
(4145, 41, 20015, 1.00, 1.00, 2.00),
(4148, 2095, 20015, 0.00, 1.00, 1.00),
(4151, 41, 20037, 1.00, 1.00, 2.00),
(4154, 1, 20036, 1.00, 1.00, 1.00),
(4160, 1, 20056, 1.00, 1.00, 1.00),
(4163, 3276, 20056, 0.00, 1.00, 1.00),
(4164, 2095, 20056, 0.00, 0.00, 1.00),
(4169, 2096, 20057, 0.00, 1.00, 1.00),
(4308, 27, 10025, 0.00, 3.00, 0.00),
(4309, 3235, 10025, 0.00, 0.00, 6.00),
(4364, 1, 10204, 1.00, 1.00, 1.00),
(4365, 7, 10204, 0.00, 1.00, 1.00),
(4366, 16, 10204, 0.00, 1.00, 1.00),
(4368, 36, 10200, 1.00, 1.00, 1.00),
(4369, 16, 10200, 0.00, 1.00, 1.00),
(4370, 17, 10200, 0.00, 1.00, 1.00),
(4374, 6, 10201, 1.00, 1.00, 1.00),
(4375, 5, 10201, 0.00, 1.00, 1.00),
(4376, 1051, 10201, 0.00, 1.00, 1.00),
(4433, 3276, 20114, 0.00, 0.00, 2.00),
(4435, 11, 10304, 1.00, 1.00, 1.00),
(4437, 16, 10303, 1.00, 1.00, 1.00),
(4438, 6, 10301, 1.00, 1.00, 1.00),
(4439, 17, 10302, 1.00, 1.00, 1.00),
(4440, 2, 10310, 1.00, 1.00, 1.00),
(4441, 5, 10312, 1.00, 1.00, 1.00),
(4442, 1049, 10314, 1.00, 1.00, 1.00),
(4443, 6, 10313, 1.00, 1.00, 1.00),
(4444, 2092, 10311, 1.00, 1.00, 1.00),
(4446, 14, 10316, 1.00, 1.00, 1.00),
(4462, 36, 10300, 1.00, 1.00, 1.00),
(4498, 2, 1151, 0.00, 2.00, 0.00),
(4499, 5, 1151, 0.00, 2.00, 0.00),
(4500, 6, 1151, 0.00, 2.00, 0.00),
(4501, 14, 1151, 0.00, 2.00, 0.00),
(4502, 16, 1151, 0.00, 2.00, 0.00),
(4503, 17, 1151, 0.00, 2.00, 0.00),
(4504, 25, 1151, 0.00, 2.00, 0.00),
(4505, 27, 1151, 0.00, 2.00, 0.00),
(4506, 34, 1151, 0.00, 2.00, 0.00),
(4507, 36, 1151, 0.00, 2.00, 0.00),
(4508, 2092, 1151, 0.00, 2.00, 0.00),
(4509, 38, 1151, 0.00, 2.00, 0.00),
(4510, 2091, 1151, 0.00, 2.00, 0.00),
(4549, 14, 10206, 1.00, 3.00, 3.00),
(4621, 14, 10008, 1.00, 3.00, 6.00),
(4625, 2, 20060, 0.00, 1.00, 1.00),
(4626, 1, 20060, 1.00, 1.00, 1.00),
(4628, 2097, 20060, 0.00, 0.00, 1.00),
(4629, 2055, 37, 0.80, 0.50, 0.00),
(4630, 30, 37, 0.00, 0.15, 0.00),
(4631, 16, 37, 0.20, 0.20, 0.00),
(4632, 16, 35, 1.00, 1.00, 0.00),
(4638, 14, 10054, 0.00, 1.00, 0.00),
(4767, 2029, 30017, 0.00, 2.00, 0.00),
(4788, 2029, 30032, 0.00, 1.00, 0.00),
(4789, 25, 30032, 0.00, 1.00, 0.00),
(4793, 2029, 30035, 0.00, 2.00, 0.00),
(4798, 2029, 30037, 0.00, 2.00, 0.00),
(4808, 2029, 30039, 1.00, 2.00, 0.00),
(4821, 25, 10208, 1.00, 3.00, 3.00),
(4826, 25, 10306, 1.00, 1.00, 1.00),
(4838, 27, 10210, 0.00, 3.00, 3.00),
(4840, 27, 10318, 0.00, 1.00, 1.00),
(4841, 27, 10308, 0.00, 1.00, 1.00),
(4857, 30, 34, 0.40, 0.20, 0.00),
(4858, 36, 34, 0.60, 0.80, 0.00),
(4927, 2029, 30315, 1.00, 1.00, 1.00),
(4928, 25, 30315, 1.00, 1.00, 1.00),
(4962, 2080, 30338, 0.00, 2.00, 0.00),
(5015, 2029, 30040, 0.00, 0.00, 4.00),
(5016, 2029, 30328, 0.00, 1.00, 0.00),
(5038, 14, 31, 1.00, 1.00, 0.00),
(5683, 6, 10055, 0.00, 1.00, 0.00),
(6057, 2029, 30036, 1.00, 4.00, 0.00),
(6135, 3228, 30, 1.00, 1.00, 0.00),
(6140, 15, 38, 4.00, 6.00, 0.00),
(6141, 8, 38, 3.00, 7.00, 0.00),
(6142, 1040, 38, 3.00, 7.00, 0.00),
(6151, 7, 10006, 0.00, 1.00, 0.00),
(6152, 27, 10006, 0.00, 1.00, 0.00),
(6153, 17, 10006, 0.00, 1.00, 0.00),
(6462, 25, 10010, 0.50, 1.50, 3.00),
(6545, 2, 10205, 1.00, 2.00, 2.00),
(6546, 3280, 10205, 0.00, 1.00, 1.00),
(6562, 34, 10013, 0.00, 1.00, 2.00),
(6563, 3235, 10013, 0.00, 2.00, 4.00),
(6564, 27, 10214, 0.00, 3.00, 3.00),
(6565, 2091, 10003, 1.00, 1.00, 1.00),
(6566, 5, 10003, 0.00, 1.00, 1.00),
(6567, 11, 10003, 0.00, 0.00, 1.00),
(6568, 6, 10003, 0.00, 1.00, 1.00),
(6569, 3282, 10003, 0.00, 0.00, 1.00),
(6570, 16, 10203, 1.00, 1.00, 1.00),
(6571, 17, 10203, 0.00, 1.00, 1.00),
(6572, 3353, 10203, 0.00, 1.00, 1.00),
(6587, 2091, 10002, 1.00, 1.00, 1.00),
(6588, 5, 10002, 0.00, 1.00, 1.00),
(6589, 11, 10002, 0.00, 0.00, 1.00),
(6590, 3084, 10002, 0.00, 1.00, 1.00),
(6591, 3280, 10002, 0.00, 0.00, 2.00),
(6597, 6, 10004, 0.50, 1.00, 1.50),
(6598, 17, 10004, 0.00, 0.50, 0.50),
(6599, 2092, 10004, 0.50, 1.00, 1.00),
(6600, 3088, 10004, 0.00, 0.00, 1.00),
(6601, 3353, 10004, 0.00, 0.50, 0.50),
(6612, 3084, 10001, 1.00, 1.00, 1.00),
(6613, 3280, 10001, 0.00, 1.00, 2.00),
(6614, 3282, 10001, 0.00, 1.00, 1.00),
(6615, 3279, 10001, 0.00, 0.00, 2.00),
(6616, 38, 10207, 0.00, 0.00, 3.00),
(6617, 45, 10207, 0.00, 2.00, 0.00),
(6618, 3352, 10207, 0.00, 1.00, 0.00),
(6620, 3056, 10012, 0.00, 0.00, 3.00),
(6621, 3271, 10012, 0.00, 0.00, 3.00),
(6622, 3354, 10012, 0.00, 2.00, 0.00),
(6649, 7, 10005, 0.00, 0.50, 1.00),
(6650, 27, 10005, 0.00, 1.50, 0.00),
(6651, 17, 10005, 0.00, 0.50, 1.00),
(6652, 5, 10005, 0.00, 0.50, 1.00),
(6653, 3353, 10005, 0.00, 0.00, 1.00),
(6654, 3345, 10005, 0.00, 0.00, 2.00),
(6655, 2, 10019, 1.00, 1.00, 2.00),
(6656, 16, 10019, 0.00, 1.00, 2.00),
(6657, 3362, 10019, 0.00, 1.00, 2.00),
(6661, 6, 10017, 0.00, 1.00, 1.00),
(6662, 3362, 10017, 1.00, 1.00, 1.00),
(6663, 1051, 10017, 0.00, 1.00, 1.00),
(6689, 1047, 10007, 1.00, 2.00, 2.00),
(6690, 2076, 10007, 0.00, 1.00, 3.00),
(6691, 3298, 10007, 0.00, 0.00, 1.00),
(6712, 2106, 10052, 0.00, 0.38, 0.00),
(6713, 3235, 10052, 0.00, 0.63, 0.00),
(6741, 1047, 10021, 1.00, 2.00, 2.50),
(6742, 2076, 10021, 0.00, 0.00, 0.50),
(6744, 38, 10021, 0.00, 0.00, 3.00),
(6766, 27, 10213, 0.00, 6.00, 0.00),
(6767, 2, 10213, 0.00, 6.00, 0.00),
(6768, 16, 10213, 0.00, 6.00, 0.00),
(6769, 17, 10213, 0.00, 6.00, 0.00),
(6770, 38, 10213, 0.00, 6.00, 0.00),
(6790, 36, 10305, 0.00, 1.00, 0.00),
(6791, 17, 10305, 0.00, 1.00, 0.00),
(6792, 16, 10305, 0.00, 1.00, 0.00),
(6793, 3362, 10305, 0.00, 1.00, 0.00),
(6794, 1047, 10305, 0.00, 1.00, 0.00),
(6819, 2, 2112, 0.00, 4.00, 0.00),
(6952, 5, 10056, 0.00, 1.00, 0.00),
(6969, 6, 10051, 0.00, 0.40, 0.00),
(6970, 3286, 10051, 0.00, 0.65, 0.00),
(6973, 14, 10059, 0.00, 3.00, 0.00),
(6974, 2106, 10059, 0.00, 3.00, 0.00),
(6981, 2106, 10053, 0.00, 2.00, 0.00),
(6982, 14, 10053, 0.00, 2.00, 0.00),
(6983, 6, 10053, 0.00, 2.00, 0.00),
(6984, 2106, 10058, 0.00, 21.00, 0.00),
(6985, 14, 10058, 0.00, 11.00, 0.00),
(6986, 6, 10307, 0.50, 0.50, 0.50),
(6987, 14, 10307, 0.50, 0.50, 0.50),
(7009, 2091, 10020, 0.00, 1.50, 0.00),
(7010, 5, 10020, 0.00, 1.00, 0.00),
(7011, 17, 10020, 0.00, 1.00, 0.00),
(7015, 27, 10011, 0.00, 3.00, 2.50),
(7016, 3235, 10011, 0.00, 0.00, 2.00),
(7017, 34, 10011, 0.00, 0.00, 1.50),
(7020, 27, 29, 0.00, 0.23, 0.00),
(7021, 3235, 29, 0.00, 0.78, 0.00),
(7024, 14, 10317, 0.50, 0.50, 0.50),
(7025, 6, 10317, 0.50, 0.50, 0.50),
(7095, 3266, 30005, 0.00, 2.00, 4.00),
(7096, 3353, 30005, 0.00, 0.00, 2.00),
(7150, 2, 1147, 0.00, 5.00, 0.00),
(7151, 5, 1147, 0.00, 4.00, 0.00),
(7152, 16, 1147, 0.00, 7.00, 0.00),
(7153, 17, 1147, 0.00, 5.00, 0.00),
(7154, 14, 1147, 0.00, 7.00, 0.00),
(7155, 7, 1147, 0.00, 1.00, 0.00),
(7156, 36, 1147, 0.00, 4.00, 0.00),
(7178, 32, 10202, 1.00, 1.20, 1.00),
(7179, 5, 10202, 0.00, 1.00, 1.00),
(7180, 17, 10202, 0.00, 1.00, 1.00),
(7181, 14, 52026, 0.00, 0.50, 0.00),
(7182, 34, 52026, 0.00, 0.50, 0.00),
(7184, 5, 10057, 0.00, 0.50, 0.00),
(7248, 2029, 30312, 0.00, 0.00, 1.00),
(7271, 2029, 30407, 0.00, 1.00, 0.80),
(7299, 2029, 30433, 0.00, 1.00, 1.00),
(7301, 32, 30433, 0.00, 1.50, 0.00),
(7419, 2029, 30013, 0.00, 2.00, 0.00),
(7454, 2029, 30406, 0.00, 0.00, 1.40),
(7484, 2092, 10016, 1.00, 1.00, 1.00),
(7485, 6, 10016, 0.00, 1.00, 1.00),
(7486, 17, 10016, 0.00, 1.00, 1.00),
(7487, 11, 10016, 0.00, 0.00, 1.00),
(7488, 3362, 10016, 0.00, 0.00, 1.00),
(7507, 3335, 39, 0.00, 1.00, 0.00),
(7510, 3226, 10212, 0.00, 1.30, 0.00),
(7511, 3046, 10212, 0.00, 0.65, 0.00),
(7512, 20, 10212, 0.00, 0.20, 0.00),
(7523, 3271, 10211, 0.00, 3.00, 0.00),
(7524, 3056, 10211, 0.00, 0.00, 3.50),
(7540, 25, 10209, 0.50, 1.50, 1.50),
(7541, 3279, 10209, 0.40, 1.50, 1.50),
(7544, 3279, 10027, 0.00, 0.00, 2.00),
(7545, 3345, 10027, 0.00, 3.00, 4.00),
(7550, 7, 10015, 0.00, 1.00, 1.00),
(7551, 36, 10015, 1.00, 1.00, 1.00),
(7552, 1051, 10015, 0.00, 1.00, 2.00),
(7553, 3353, 10015, 0.00, 0.00, 1.00),
(7554, 3362, 10015, 0.00, 0.00, 1.00),
(7610, 2029, 30041, 0.00, 1.50, 0.00),
(7616, 32, 30041, 0.00, 2.00, 0.00),
(7619, 2092, 30041, 0.00, 1.50, 0.00),
(7624, 2029, 30042, 0.00, 1.00, 0.00),
(7628, 2, 10320, 0.00, 3.00, 0.00),
(7629, 3084, 10320, 0.00, 1.00, 0.00),
(7630, 5, 10320, 0.00, 4.00, 0.00),
(7631, 14, 10320, 0.00, 4.00, 0.00),
(7632, 17, 10320, 0.00, 3.00, 0.00),
(7633, 25, 10320, 0.00, 9.00, 0.00),
(7634, 27, 10320, 0.00, 8.00, 0.00),
(7635, 36, 10320, 0.00, 4.00, 0.00),
(7636, 2092, 10320, 0.00, 7.00, 0.00),
(7637, 38, 10320, 0.00, 7.00, 0.00),
(7638, 7, 10320, 0.00, 1.00, 0.00),
(7639, 6, 10320, 0.00, 9.00, 0.00),
(7640, 1047, 10320, 0.00, 4.00, 0.00),
(7641, 16, 10320, 0.00, 3.00, 0.00),
(7642, 2091, 10320, 0.00, 2.00, 0.00),
(7643, 3362, 10320, 0.00, 3.00, 0.00),
(7644, 2091, 10018, 1.00, 1.00, 2.00),
(7645, 36, 10018, 0.00, 1.00, 1.00),
(7646, 16, 10018, 0.00, 1.00, 1.00),
(7647, 3363, 10018, 0.00, 0.00, 2.00),
(7648, 41, 10014, 1.00, 1.00, 1.00),
(7649, 16, 10014, 0.00, 1.00, 1.00),
(7650, 36, 10014, 0.00, 1.00, 1.00),
(7651, 7, 10014, 0.00, 0.00, 1.00),
(7652, 3084, 10014, 0.00, 0.00, 1.00),
(7653, 3363, 10014, 0.00, 0.00, 1.00),
(7660, 32, 30027, 0.00, 2.00, 4.00),
(7669, 3056, 10026, 0.00, 0.00, 3.00),
(7670, 3335, 10026, 0.00, 0.00, 3.00),
(7672, 3335, 10319, 0.00, 1.00, 2.00),
(7673, 3271, 10319, 0.00, 0.00, 1.00),
(7674, 3354, 10309, 0.00, 1.00, 2.00),
(7698, 2, 1133, 0.00, 2.00, 0.00),
(7699, 5, 1133, 0.00, 2.00, 0.00),
(7700, 2092, 1133, 0.00, 1.00, 0.00),
(7701, 16, 1133, 0.00, 2.00, 0.00),
(7702, 17, 1133, 0.00, 2.00, 0.00),
(7703, 27, 1133, 0.00, 1.00, 0.00),
(7704, 41, 1133, 0.00, 1.00, 0.00),
(7705, 36, 1133, 0.00, 2.00, 0.00),
(7706, 14, 1133, 0.00, 1.00, 0.00),
(7707, 2, 10315, 0.00, 1.00, 0.00),
(7708, 2092, 10315, 0.00, 1.00, 0.00),
(7709, 25, 10315, 0.00, 1.00, 0.00),
(7710, 5, 10315, 0.00, 1.00, 0.00),
(7711, 14, 10315, 0.00, 1.00, 0.00),
(7712, 2091, 10315, 0.00, 1.00, 0.00),
(7713, 38, 10315, 0.00, 1.00, 0.00),
(7714, 6, 10315, 0.00, 1.00, 0.00),
(7715, 27, 10315, 0.00, 1.00, 0.00);

-- --------------------------------------------------------

--
-- Structure de la table `produit`
--

CREATE TABLE IF NOT EXISTS `produit` (
`id` bigint(20) NOT NULL,
  `principal` varchar(100) NOT NULL,
  `description` varchar(100) NOT NULL
) ENGINE=InnoDB AUTO_INCREMENT=38 DEFAULT CHARSET=latin1;

--
-- Contenu de la table `produit`
--

INSERT INTO `produit` (`id`, `principal`, `description`) VALUES
(1, 'Composé', 'Jambon'),
(2, 'Composé', 'Jambon-Fromage'),
(3, 'Composé', 'Fromage'),
(4, 'Baguette', 'Dinde'),
(5, 'Baguette', 'Dinde curry'),
(6, 'Baguette', 'Thon'),
(7, 'Baguette', 'Surimi'),
(8, 'Baguette', 'Fromage'),
(9, 'Baguette', 'Rosette'),
(10, 'Faluche', 'Dinde'),
(11, 'Faluche', 'Dinde curry'),
(12, 'Faluche', 'Thon'),
(13, 'Faluche', 'Surimi'),
(14, 'Faluche', 'Fromage'),
(15, 'Faluche', 'Rosette'),
(16, 'Simple', 'Jambon beurre'),
(17, 'Simple', 'Fromage beurre'),
(18, 'Simple', 'Rosette beurre'),
(19, 'Simple', 'Jambon Fromage'),
(20, 'Panini', 'Jambon hollande'),
(21, 'Panini', 'Jambon gruyère'),
(22, 'Panini', 'Double fromage'),
(23, 'Panini', 'Chèvre'),
(24, 'Panini', 'Chèvre oignons caramélisés'),
(25, 'Panini', 'Texan'),
(26, 'Panini', 'Thon'),
(28, 'Panini', 'Chocolat'),
(29, 'Divers', 'Assiette crudité'),
(30, 'Divers', 'Pizza'),
(31, 'Divers', 'Croque Monsieur'),
(32, 'Divers', 'Quiche lorraine'),
(33, 'Divers', 'Quiche fromage'),
(37, 'Divers', 'Hot-dog');

-- --------------------------------------------------------

--
-- Structure de la table `pwdabsence`
--

CREATE TABLE IF NOT EXISTS `pwdabsence` (
`id` bigint(20) NOT NULL,
  `dept` varchar(255) NOT NULL,
  `password` varchar(255) NOT NULL,
  `salt` varchar(255) NOT NULL
) ENGINE=MyISAM AUTO_INCREMENT=5 DEFAULT CHARSET=latin1;

--
-- Contenu de la table `pwdabsence`
--

INSERT INTO `pwdabsence` (`id`, `dept`, `password`, `salt`) VALUES
(1, 'INFO', '2594320f23ff0c411b465601906b695e', '3e82559f742a6a979c911c25cda301d7'),
(2, 'MMI', '30c5465b18f70612f5f24db918bf92f1', '038bf1c4988273b7592db3c9df766327'),
(3, 'GEA', '456e4d5d7469b1b7fd3338ed543cfce4', '9756036c9c5cd6dfb897b6f7744d5020'),
(4, 'TC', '7a8271dbe05ab218fb0832f84c888583', 'ff9c072d42a94d0a5112613019b54eae');

-- --------------------------------------------------------

--
-- Structure de la table `room`
--

CREATE TABLE IF NOT EXISTS `room` (
`id` bigint(20) NOT NULL,
  `name` varchar(30) DEFAULT NULL,
  `type` varchar(255) NOT NULL,
  `dept` varchar(20) DEFAULT NULL
) ENGINE=InnoDB AUTO_INCREMENT=3062 DEFAULT CHARSET=latin1;

--
-- Contenu de la table `room`
--

INSERT INTO `room` (`id`, `name`, `type`, `dept`) VALUES
(1, '05 E', 'TD', 'INFO'),
(2, '10 E', 'TD', 'INFO'),
(3, '11 E', 'TD', 'INFO'),
(4, '12 E', 'TD', 'INFO'),
(5, '13 E', 'TD', 'INFO'),
(6, '14 E', 'TD', 'TC'),
(7, '15 E', 'TD', 'INFO'),
(8, '06 E', 'Laboratoire de Langues', 'INFO'),
(9, '02 SE', 'TD', 'INFO'),
(10, '01 SE', 'Salle Machine', 'INFO'),
(11, '05 SE', 'Salle Machine', 'INFO'),
(12, '06 SE', 'Salle Machine', 'INFO'),
(13, '07 SE', 'Salle Machine', 'INFO'),
(14, '08 SE', 'Salle Machine', 'INFO'),
(15, '11 SE', 'Salle Machine', 'INFO'),
(16, '10 SE', 'Salle Machine', 'INFO'),
(17, '09 SE', 'Salle Machine', 'INFO'),
(18, 'SP', 'Amphi', 'INFO'),
(19, 'inc', 'inconnu', 'INFO'),
(100, 'Sepia', '?', 'INFO'),
(1000, 'Amphi (dept Média Num)', 'Amphi', 'MMI'),
(1001, '1F', 'TD', 'MMI'),
(1002, '2F', 'TD', 'MMI'),
(1003, '3F', 'TD', 'MMI'),
(1004, '4F', 'TD', 'MMI'),
(1005, '100F', 'TP', 'MMI'),
(1006, '101F', 'TP', 'MMI'),
(1007, '102F', 'TP', 'MMI'),
(1008, '103F', 'TP', 'MMI'),
(1009, '104F', 'TP', 'MMI'),
(1010, 'Arras Maison Et.', 'TP', 'MMI'),
(1011, 'Ext. Culture Commune', 'TP', 'MMI'),
(1012, 'Ext. Condition Publique', 'TP', 'MMI'),
(2000, '1 C', 'TD', 'GEA'),
(2001, '2 C', 'TD', 'GEA'),
(2002, '1 D', 'TD', 'GEA'),
(2003, '2 D', 'TD', 'GEA'),
(2004, '5 D', 'TD', 'GEA'),
(2005, '6 D', 'TD', 'GEA'),
(2006, '18 C', 'TD', 'GEA'),
(2007, '19 C', 'Salle info', 'GEA'),
(2008, '102 D', 'Amphi', 'GEA'),
(2009, 'Amphi TC', 'Amphi', 'GEA'),
(2010, '06C (3RV)', 'Laboratoire de Langues', 'GEA'),
(2011, 'Labo. Langues', 'labo', 'GEA'),
(2012, '17 C', 'TD', 'GEA'),
(2014, '04 SE', 'TP', 'INFO'),
(2015, '03 SE', 'TD', 'INFO'),
(2016, 'Ext. Arras A08', 'TP', 'MMI'),
(2017, 'B4', 'TD', ''),
(2018, 'B5', 'TD', ''),
(2019, 'I1', 'Informatique', 'GEA-APP'),
(2020, 'I2', 'Informatique', 'GEA-APP'),
(3000, 'Amphi', '', 'TC'),
(3001, '01A', '', 'TC'),
(3002, '01B', '', 'TC'),
(3003, '02A', '', 'TC'),
(3004, '02B', '', 'TC'),
(3005, '05B', '', 'TC'),
(3006, '06B', '', 'TC'),
(3007, '11B', '', 'TC'),
(3008, '12B_Self_Info', '', 'TC'),
(3009, '13B', '', 'TC'),
(3010, '14B', '', 'TC'),
(3011, '15B', '', 'TC'),
(3012, '16B', '', 'TC'),
(3013, '17B', '', 'TC'),
(3014, '19C', '', 'TC'),
(3015, '17C', 'TC', 'TC'),
(3016, '01D', 'TD', 'TC'),
(3017, 'Bur. Actions', 'TD', 'TC'),
(3018, 'Labo Langues', 'TD', 'GEA-APP'),
(3019, 'Valenciennes DDB Studio', 'TP', 'MMI'),
(3020, 'GEA', 'TD', 'TC'),
(3021, 'Sepia', 'TD', 'TC'),
(3022, 'I0', 'TD', 'APPR'),
(3023, 'I1', 'TD', 'APPR'),
(3024, 'I2', 'TD', 'APPR'),
(3025, 'Salle Etudes', 'TD', ''),
(3026, 'B6', 'TD', ''),
(3027, 'B3', 'TD', ''),
(3028, 'B7', 'TD', ''),
(3029, 'SENEZ', 'TD', 'APPR'),
(3030, 'P308/P309', 'CM/TD/TP', 'JP'),
(3031, 'G309', 'CM/TD', 'JP'),
(3032, 'CRL', 'TD', 'JP'),
(3033, 'Autre salle IUT', 'inconnu', 'MMI'),
(3034, 'CRM Valenciennes', 'TD', 'MMI'),
(3035, 'Extérieur', 'TD', 'MMI'),
(3036, 'B1', 'TD', ''),
(3037, 'B2', 'TD', ''),
(3038, 'I0', 'TD', ''),
(3039, 'I1', 'TD', ''),
(3040, 'I2', 'TD', ''),
(3041, 'I4', 'TD', ''),
(3042, 'I5', 'TD', ''),
(3043, 'Salle Conseil', 'TD', ''),
(3044, 'Salle Poly', 'TD', ''),
(3045, 'V10', 'TD', ''),
(3046, 'inc', 'TD', 'TC'),
(3047, '10B', 'TP', 'TC'),
(3048, 'B9', 'TD', 'APPR'),
(3049, 'MMI', 'TD', 'APPR'),
(3050, 'B0', 'TD', 'APPR'),
(3051, 'B1', 'TD', 'APPR'),
(3052, 'B2', 'TD', 'APPR'),
(3053, 'B3', 'TD', 'APPR'),
(3054, 'I4', 'TD', 'APPR'),
(3055, 'I5', 'TD', 'APPR'),
(3056, 'B6', 'TD', 'APPR'),
(3057, 'B7', 'TD', 'APPR'),
(3058, 'B8', 'TD', 'APPR'),
(3059, 'Salle des Etudes', 'CM', 'APPR'),
(3060, 'Salle du Conseil', 'CM', 'APPR'),
(3061, '5F', 'Cinéma', 'MMI');

-- --------------------------------------------------------

--
-- Structure de la table `sf_guard_forgot_password`
--

CREATE TABLE IF NOT EXISTS `sf_guard_forgot_password` (
`id` bigint(20) NOT NULL,
  `user_id` bigint(20) NOT NULL,
  `unique_key` varchar(255) DEFAULT NULL,
  `expires_at` datetime NOT NULL,
  `created_at` datetime NOT NULL,
  `updated_at` datetime NOT NULL
) ENGINE=InnoDB DEFAULT CHARSET=latin1;

-- --------------------------------------------------------

--
-- Structure de la table `sf_guard_group`
--

CREATE TABLE IF NOT EXISTS `sf_guard_group` (
`id` bigint(20) NOT NULL,
  `name` varchar(255) DEFAULT NULL,
  `description` text,
  `created_at` datetime NOT NULL,
  `updated_at` datetime NOT NULL
) ENGINE=InnoDB AUTO_INCREMENT=7 DEFAULT CHARSET=latin1;

--
-- Contenu de la table `sf_guard_group`
--

INSERT INTO `sf_guard_group` (`id`, `name`, `description`, `created_at`, `updated_at`) VALUES
(1, 'admin', '', '2010-09-30 10:21:13', '2011-05-13 14:52:32'),
(2, 'membre', '', '2010-09-30 10:21:13', '2011-09-09 10:01:59'),
(3, 'de', NULL, '2010-09-30 10:21:13', '2010-09-30 10:21:13'),
(4, 'stage', NULL, '2011-02-15 21:50:56', '2011-02-15 21:50:59'),
(5, 'absences', '', '2011-05-13 14:49:39', '2011-05-13 14:49:39'),
(6, 'visuabsence', '', '2011-05-13 14:49:44', '2011-05-13 14:49:44');

-- --------------------------------------------------------

--
-- Structure de la table `sf_guard_group_permission`
--

CREATE TABLE IF NOT EXISTS `sf_guard_group_permission` (
  `group_id` bigint(20) NOT NULL DEFAULT '0',
  `permission_id` bigint(20) NOT NULL DEFAULT '0',
  `created_at` datetime NOT NULL,
  `updated_at` datetime NOT NULL
) ENGINE=InnoDB DEFAULT CHARSET=latin1;

--
-- Contenu de la table `sf_guard_group_permission`
--

INSERT INTO `sf_guard_group_permission` (`group_id`, `permission_id`, `created_at`, `updated_at`) VALUES
(1, 1, '2010-09-30 10:21:13', '2010-09-30 10:21:13'),
(1, 2, '2010-09-30 10:21:13', '2010-09-30 10:21:13'),
(1, 3, '2010-09-30 10:21:13', '2010-09-30 10:21:13'),
(1, 4, '2010-09-30 10:21:13', '2010-09-30 10:21:13'),
(1, 5, '2010-09-30 10:21:13', '2010-09-30 10:21:13'),
(1, 6, '2011-05-13 14:52:33', '2011-05-13 14:52:33'),
(1, 7, '2011-05-13 14:52:33', '2011-05-13 14:52:33'),
(1, 8, '2011-05-13 15:04:43', '2011-05-13 15:04:43'),
(2, 2, '2010-09-30 10:21:13', '2010-09-30 10:21:13'),
(2, 4, '2010-09-30 10:21:13', '2010-09-30 10:21:13'),
(2, 10, '2011-09-09 10:01:59', '2011-09-09 10:01:59'),
(2, 12, '2012-11-13 09:34:16', '2012-11-13 09:34:16'),
(3, 2, '2010-09-30 10:21:13', '2010-09-30 10:21:13'),
(3, 3, '2010-09-30 10:21:13', '2010-09-30 10:21:13'),
(3, 4, '2010-09-30 10:21:13', '2010-09-30 10:21:13'),
(3, 5, '2010-09-30 10:21:13', '2010-09-30 10:21:13'),
(3, 9, '2011-05-30 10:57:33', '2011-05-30 10:57:33'),
(3, 13, '0000-00-00 00:00:00', '0000-00-00 00:00:00'),
(4, 6, '2011-02-15 21:50:56', '2011-02-15 21:50:59'),
(6, 10, '2011-09-09 09:59:24', '2011-09-09 09:59:24');

-- --------------------------------------------------------

--
-- Structure de la table `sf_guard_permission`
--

CREATE TABLE IF NOT EXISTS `sf_guard_permission` (
`id` bigint(20) NOT NULL,
  `name` varchar(255) DEFAULT NULL,
  `description` text,
  `created_at` datetime NOT NULL,
  `updated_at` datetime NOT NULL
) ENGINE=InnoDB AUTO_INCREMENT=15 DEFAULT CHARSET=latin1;

--
-- Contenu de la table `sf_guard_permission`
--

INSERT INTO `sf_guard_permission` (`id`, `name`, `description`, `created_at`, `updated_at`) VALUES
(1, 'administrateur', NULL, '2010-09-30 10:21:13', '2010-09-30 10:21:13'),
(2, 'limited', NULL, '2010-09-30 10:21:13', '2010-09-30 10:21:13'),
(3, 'modif', NULL, '2010-09-30 10:21:13', '2010-09-30 10:21:13'),
(4, 'visuedt', NULL, '2010-09-30 10:21:13', '2010-09-30 10:21:13'),
(5, 'visuhours', NULL, '2010-09-30 10:21:13', '2010-09-30 10:21:13'),
(6, 'stage', NULL, '2011-02-15 21:50:56', '2011-02-15 21:50:59'),
(7, 'absences', NULL, '2011-04-27 16:34:07', '2011-04-27 16:34:10'),
(8, 'admin', '', '2011-05-13 15:04:43', '2011-05-13 15:04:43'),
(9, 'previsionnel', '', '2011-05-30 10:57:33', '2011-05-30 10:57:33'),
(10, 'visuabsence', '', '2011-09-09 09:59:24', '2011-09-09 09:59:24'),
(11, 'cnu100', '', '2011-09-25 15:28:50', '2011-09-25 15:28:50'),
(12, 'notes', NULL, '2012-11-06 00:00:00', '2012-11-06 00:00:00'),
(13, 'de', NULL, '2012-11-09 00:00:00', '2012-11-09 00:00:00'),
(14, 'crous', '', '2013-09-09 10:09:56', '2013-09-09 10:09:56');

-- --------------------------------------------------------

--
-- Structure de la table `sf_guard_remember_key`
--

CREATE TABLE IF NOT EXISTS `sf_guard_remember_key` (
`id` bigint(20) NOT NULL,
  `user_id` bigint(20) DEFAULT NULL,
  `remember_key` varchar(32) DEFAULT NULL,
  `ip_address` varchar(50) DEFAULT NULL,
  `created_at` datetime NOT NULL,
  `updated_at` datetime NOT NULL
) ENGINE=InnoDB AUTO_INCREMENT=4958 DEFAULT CHARSET=latin1;

-- --------------------------------------------------------

--
-- Structure de la table `sf_guard_user`
--

CREATE TABLE IF NOT EXISTS `sf_guard_user` (
`id` bigint(20) NOT NULL,
  `first_name` varchar(255) DEFAULT NULL,
  `last_name` varchar(255) DEFAULT NULL,
  `email_address` varchar(255) NOT NULL,
  `username` varchar(128) NOT NULL,
  `algorithm` varchar(128) NOT NULL DEFAULT 'sha1',
  `salt` varchar(128) DEFAULT NULL,
  `password` varchar(128) DEFAULT NULL,
  `is_active` tinyint(1) DEFAULT '1',
  `is_super_admin` tinyint(1) DEFAULT '0',
  `last_login` datetime DEFAULT NULL,
  `absences_login` datetime DEFAULT NULL,
  `created_at` datetime NOT NULL,
  `updated_at` datetime NOT NULL
) ENGINE=InnoDB AUTO_INCREMENT=4219 DEFAULT CHARSET=latin1;

-- --------------------------------------------------------

--
-- Structure de la table `sf_guard_user_group`
--

CREATE TABLE IF NOT EXISTS `sf_guard_user_group` (
  `user_id` bigint(20) NOT NULL DEFAULT '0',
  `group_id` bigint(20) NOT NULL DEFAULT '0',
  `created_at` datetime NOT NULL,
  `updated_at` datetime NOT NULL
) ENGINE=InnoDB DEFAULT CHARSET=latin1;

-- --------------------------------------------------------

--
-- Structure de la table `sf_guard_user_permission`
--

CREATE TABLE IF NOT EXISTS `sf_guard_user_permission` (
  `user_id` bigint(20) NOT NULL DEFAULT '0',
  `permission_id` bigint(20) NOT NULL DEFAULT '0',
  `created_at` datetime NOT NULL,
  `updated_at` datetime NOT NULL
) ENGINE=InnoDB DEFAULT CHARSET=latin1;

-- --------------------------------------------------------

--
-- Structure de la table `subject`
--

CREATE TABLE IF NOT EXISTS `subject` (
`id` bigint(20) NOT NULL,
  `shortname` varchar(30) DEFAULT NULL,
  `cnu` bigint(20) NOT NULL,
  `name` varchar(255) DEFAULT NULL
) ENGINE=InnoDB AUTO_INCREMENT=63025 DEFAULT CHARSET=latin1;

--
-- Contenu de la table `subject`
--

INSERT INTO `subject` (`id`, `shortname`, `cnu`, `name`) VALUES
(14, 'Anglais', 11, 'Anglais'),
(15, 'COM', 71, 'Techniques d''Expressions'),
(24, 'FP', 27, 'Fondements de la programmation'),
(25, 'FR', 27, 'Fondements reseaux'),
(26, 'FSE', 27, 'Fondements Systemes d''exploitation'),
(27, 'FT', 63, 'Telecoms'),
(28, 'PS', 27, 'Politique Securite'),
(29, 'Crypto', 25, 'Cryptographie'),
(30, 'OM', 25, 'Outils Mathematiques'),
(31, 'PR', 27, 'Politique Reseau'),
(32, 'SR', 27, 'Securite Reseaux'),
(33, 'SW', 27, 'Securite Web'),
(34, 'SCSBD', 27, 'Securite des bases de donnees'),
(35, 'SM', 63, 'Securite materiels'),
(36, 'SP', 27, 'Securite des programmes'),
(37, 'EE', 6, 'Environement economique'),
(38, 'RL', 2, 'Risques Legaux'),
(39, 'GP', 27, 'Gestion de Projets'),
(40, 'LPST11', 2, 'Aspects Jur. et Techniques'),
(41, 'LPST12', 0, 'Connaissances milieu de la santé'),
(42, 'LPST13', 71, 'Communication en milieu médical'),
(43, 'LPST14', 11, 'Anglais'),
(44, 'LPST15', 27, 'Environnement informatique'),
(45, 'LPST21', 27, 'Administration réseaux'),
(46, 'LPST22', 27, 'Outils Web'),
(47, 'LPST23', 27, 'Réseaux pour la santé'),
(48, 'LPST24', 27, 'Sécurité des réseaux'),
(49, 'LPST31', 6, 'Systèmes d''informatiques de gestion'),
(50, 'LPST32', 6, 'Logistique de la santé'),
(51, 'LPST33', 0, 'Outils gestion de la chaine de la santé'),
(52, 'LPST34', 27, 'Fouille de données'),
(53, 'LPST35', 27, 'Contrôle d''accès'),
(58, 'Projet', 100, 'Projet Tuteuré'),
(1012, 'Ges. Proj.', 71, 'Outils de la gestion de projet'),
(1014, 'PPP', 100, 'Projet Personnel et Professionnel'),
(1019, 'Maths', 25, 'Maths'),
(1026, 'Reseaux', 27, 'Reseaux'),
(1032, 'Infographie', 71, 'Infographie'),
(1033, 'Multimedia', 71, 'Multimedia'),
(1034, 'Pro. AV', 71, 'Production Audiovisuelle'),
(1035, 'Cr. Scen.', 18, 'Création Scénique'),
(1036, 'Corps Voix', 18, 'Corps et Voix'),
(1037, 'Anim. Equip.', 71, 'Animation d''une Equipe'),
(1038, 'Methodologie', 71, 'Methodologie'),
(1039, 'Scen. Inter.', 71, 'Scénarisation interactive'),
(1040, 'Outils Com.', 71, 'Outils de communication'),
(1041, 'Th. Arts', 18, 'Théorie des Arts'),
(1042, 'Scenographie', 18, 'Scénographie'),
(1043, 'Pol. Cultur.', 2, 'Connaissance des politiques culturelles'),
(1057, 'LPST41', 27, 'LPST41'),
(1060, 'Soutien', 100, 'Soutien'),
(1070, 'Tutorat', 100, 'Tutorat'),
(1071, 'Stage', 100, 'Stage'),
(1076, 'Recrutement', 100, 'Recrutement'),
(2152, 'LPST36', 27, 'interopérabilité des systèmes de santé '),
(2154, 'Forum', 0, 'Forum'),
(2156, 'LIPDUB', 0, 'LIPDUB'),
(2157, 'FBD', 27, 'Fondements des bases de données'),
(3013, 'All.', 12, 'Allemand'),
(10001, 'SE-1', 27, 'Introduction aux systèmes informatiques'),
(10002, 'AP-1', 27, 'Introduction à l''algorithmique et à la programmation'),
(10003, 'SD-1', 27, 'Structures de données et algorithmes fondamentaux'),
(10004, 'BD-1', 27, 'Introduction aux bases de données'),
(10005, 'CDIN', 27, 'Conception de documents et d’interfaces numériques'),
(10006, 'PT-1', 100, 'Projet tutoré – Découverte'),
(10007, 'MD', 25, 'Mathématiques discrètes'),
(10008, 'Alg', 25, 'Algèbre linéaire'),
(10009, 'EE', 5, 'Environnement économique'),
(10010, 'Orga', 5, 'Fonctionnement des organisations'),
(10011, 'FCOM', 71, 'Expression-Communication – Fondamentaux de la communication'),
(10012, 'AI', 11, 'Anglais et Informatique'),
(10013, 'PPP-1', 100, 'PPP - Connaître le monde professionnel'),
(10014, 'SE-2', 27, 'Architecture et programmation des mécanismes de base d''un système informatique'),
(10015, 'RX-1', 27, 'Architecture des réseaux'),
(10016, 'POO-1', 27, 'Bases de la programmation orientée objet'),
(10017, 'COO-1', 27, 'Bases de la conception orientée objet'),
(10018, 'IHM-1', 27, 'Introduction aux interfaces homme-machine'),
(10019, 'BD-2', 27, 'Programmation et administration des bases de données'),
(10020, 'PT-2', 100, 'Projet tutoré – Description et planification de projet'),
(10021, 'GL', 25, 'Graphes et langages'),
(10022, 'AN', 25, 'Analyse et méthodes numériques'),
(10023, 'ECFJS', 5, 'Environnement comptable, financier, juridique et social'),
(10024, 'GPI', 6, 'Gestion de projet informatique'),
(10025, 'ECIA', 71, 'Expression-Communication – Communication, informatique et argumentation'),
(10026, 'Anglais-2', 11, 'Communiquer en anglais'),
(10027, 'PPP-2', 100, 'PPP – Identifier ses compétences'),
(10050, 'Ang', 11, 'Anglais'),
(10051, 'Info', 27, 'Informatique d''usage'),
(10052, 'TE', 71, 'Expression écrite et orale'),
(10053, 'projet', 100, 'projet'),
(10054, 'Math', 25, 'Mathématiques'),
(10055, 'BD', 27, 'Bases de données'),
(10056, 'Algo', 27, 'Algorithmique et programmation'),
(10057, 'SE', 27, 'Systèmes d''exploitation '),
(10058, 'PPP', 100, 'Projet Personnel Universitaire et Professionnel'),
(10059, 'Stage', 100, 'Stage'),
(10101, 'Anglais', 0, 'Anglais'),
(10102, 'Info', 0, 'Informatique d''usage'),
(10103, 'Expr. Écrite', 0, 'Expression écrite'),
(10104, 'Maths', 0, 'Mathématiques'),
(10105, 'Traitement données', 0, 'Initiation aux traitements de données'),
(10106, 'Entreprise', 0, 'Connaissance du monde de l''entreprise'),
(10107, 'EPS', 0, 'Activités physiques et sportives'),
(10108, 'PPUP', 0, 'Projet personnel universitaire et professionnel'),
(10109, 'Stage', 0, 'Stage'),
(10110, 'Anglais', 0, 'Anglais'),
(10111, 'Info', 0, 'Informatique d''usage'),
(10112, 'Expr. Écrite', 0, 'Expression écrite'),
(10113, 'Maths', 0, 'Mathématiques'),
(10114, 'Algo', 27, 'Initiation à l''algorithmique'),
(10115, 'EPS', 0, 'Activités physiques et sportives'),
(10116, 'Projet', 0, 'Projet tuteuré'),
(10117, 'PPUP', 0, 'Projet personnel universitaire et professionnel'),
(10118, 'Stage', 0, 'Stage'),
(10200, 'SE-3', 27, 'Principes des systèmes d''exploitation'),
(10201, 'RX-2', 27, 'Services réseaux'),
(10202, 'APA', 27, 'Algorithmique avancée'),
(10203, 'Pweb-1', 27, 'Programmation Web côté serveur'),
(10204, 'CPA', 27, 'Conception et programmation objet avancées'),
(10205, 'BDA', 27, 'Bases de données avancées'),
(10206, 'Proba', 25, 'Probabilités et statistiques'),
(10207, 'ModMath', 25, 'Modélisations mathématiques'),
(10208, 'Droit', 6, 'Droit des technologies de l’information et de la communication (TIC)'),
(10209, 'GSI', 6, 'Gestion des systèmes d''information'),
(10210, 'Com', 71, 'Expression-Communication – Communication professionnelle'),
(10211, 'Ang-3', 11, 'Collaborer en anglais '),
(10212, 'ProdApp', 6, 'Méthodologie de la production d’applications'),
(10213, 'PT-3', 100, 'Projet tutoré – Mise en situation professionnelle'),
(10214, 'PPP-3', 100, 'PPP – Préciser son projet'),
(10300, 'AdmSR', 27, 'Administration système et réseau'),
(10301, 'ProgRep', 27, 'Programmation répartie'),
(10302, 'Pweb-2', 27, 'Programmation Web – client riche'),
(10303, 'ProgMobile', 27, 'Conception et développement d’applications mobiles'),
(10304, 'CompInfo', 27, 'Compléments d’informatique en vue d’une insertion immédiate'),
(10305, 'PT-C', 100, 'Projet tutoré – Compléments'),
(10306, 'Atelier', 6, 'Ateliers de création d''entreprise'),
(10307, 'RO', 25, 'Recherche opérationnelle et aide à la décision'),
(10308, 'Com-C', 71, 'Expression-communication – Communiquer dans les organisations'),
(10309, 'Ang-C', 11, 'Travailler en anglais'),
(10310, 'CompBD', 27, 'Compléments de théorie des bases de données'),
(10311, 'PFL', 27, 'Paradigmes de programmation'),
(10312, 'CompAlgo', 27, 'Compléments d’algorithmique'),
(10313, 'InfoDec', 27, 'Fondements de l’informatique décisionnelle'),
(10314, 'ArchiLog', 27, 'Compléments d’architecture logicielle'),
(10315, 'PT-L', 100, 'Projet tutoré – Compléments'),
(10316, 'CompMath', 25, 'Compléments de mathématiques'),
(10317, 'T-Info', 25, 'Traitement de l’information'),
(10318, 'Com-L', 71, 'Expression-communication – Communiquer dans les organisations'),
(10319, 'Ang-L', 11, 'Travailler en anglais'),
(10320, 'stage', 100, 'Stage professionnel'),
(20001, 'Anglais', 11, 'Anglais S1'),
(20002, 'LV2', 12, 'Langue vivante 2 S1'),
(20003, 'Th. info-com', 71, 'Théorie de l''information et de la communication S1'),
(20004, 'Esthétique', 18, 'Esthétique et expression artistique S1'),
(20005, 'Ecr. médias num.', 9, 'Ecriture pour les médias numériques S1'),
(20006, 'Com.', 9, 'Expression, communication écrite et orale S1'),
(20007, 'Ges. Projet', 71, 'Gestion de projet S1'),
(20008, 'PPP', 100, 'Projet Personnel et Professionnel S1'),
(20009, 'EJEM Mercatique', 6, 'Environnement juridique, économique et mercatique des organisations S1'),
(20010, 'Harmo Com.', 9, 'Adaptation de parcours S1'),
(20011, 'Harmo Info.', 27, 'Adaptation de parcours S1'),
(20012, 'CSTI Maths', 25, 'Culture scientifique et traitement de l''information S1'),
(20013, 'CSTI TDS', 63, 'Culture scientifique et traitement de l''information S1'),
(20014, 'Algorithmique', 27, 'Algorithmique et programmation S1'),
(20015, 'Réseaux', 27, 'Services sur réseaux S1'),
(20016, 'Infographie', 71, 'Infographie S1'),
(20017, 'Web', 27, 'Intégration web S1'),
(20018, 'Audiovisuel', 71, 'Production audiovisuelle S1'),
(20019, 'Harmo Maths.', 25, 'Adaptation de parcours S1'),
(20020, 'Réunion', 100, 'Réunion S1'),
(20021, 'Rentrée', 100, 'Rentrée S1'),
(20022, 'Con. Projets', 100, 'Conduite de projets S1'),
(20023, 'Anglais', 11, 'Anglais S2'),
(20024, 'LV2', 12, 'Langue vivante 2 S2'),
(20025, 'Th. info-com', 71, 'Théorie de l''information et de la communication S2'),
(20026, 'Esthétique', 18, 'Esthétique et expression artistique S2'),
(20027, 'Ecr. médias num.', 9, 'Ecriture pour les médias numériques S2'),
(20028, 'Com.', 9, 'Expression, communication écrite et orale S2'),
(20029, 'Ges. Projet', 71, 'Gestion de projet S2'),
(20030, 'PPP', 100, 'Projet Personnel et Professionnel S2'),
(20031, 'EJEM Eco', 6, 'Environnement juridique, économique et mercatique des organisations S2'),
(20032, 'EJEM Mercatique', 6, 'Environnement juridique, économique et mercatique des organisations S2'),
(20033, 'CSTI Maths', 25, 'Culture scientifique et traitement de l''information S2'),
(20034, 'CSTI TDS', 63, 'Culture scientifique et traitement de l''information S2'),
(20035, 'Algorithmique générale', 27, 'Algorithmique et développement web S2'),
(20036, 'BDD', 27, 'Bases de données S2 '),
(20037, 'Réseaux', 27, 'Services sur réseaux S2'),
(20038, 'Infographie', 71, 'Infographie S2'),
(20039, 'Web', 27, 'Intégration web S2'),
(20040, 'Audiovisuel', 71, 'Production audiovisuelle S2'),
(20041, 'Prj. Tutoré', 100, 'Projet tutoré S2'),
(20042, 'Réunion', 100, 'Réunion S2'),
(20043, 'Con. Projets', 100, 'Conduite de projets S2'),
(20044, 'Anglais', 11, 'Anglais S3'),
(20045, 'LV2', 12, 'Langue vivante 2 S3'),
(20046, 'Th. info-com', 71, 'Théorie de l''information et de la communication S3'),
(20047, 'Esthétique', 18, 'Esthétique et expression artistique S3'),
(20048, 'Ecr. médias num.', 9, 'Ecriture pour les médias numériques S3'),
(20049, 'Com.', 9, 'Expression, communication écrite et orale S3'),
(20050, 'Ges. Projet', 71, 'Gestion de projet S3'),
(20051, 'PPP', 100, 'Projet Personnel et Professionnel S3'),
(20052, 'EJEM Eco', 6, 'Environnement juridique, économique et mercatique des organisations S3'),
(20053, 'EJEM Droit', 1, 'Environnement juridique, économique et mercatique des organisations S3'),
(20054, 'CSTI Maths', 25, 'Culture scientifique et traitement de l''information S3'),
(20055, 'CSTI TDS', 63, 'Culture scientifique et traitement de l''information S3'),
(20056, 'Dev. Web', 27, 'Développement web S3'),
(20057, 'POO', 27, 'Programmation objet et événementielle S3'),
(20058, 'Réseaux', 27, 'Services sur réseaux S3'),
(20059, 'Infographie', 71, 'Infographie S3'),
(20060, 'Web', 27, 'Intégration multimédia S3'),
(20061, 'Audiovisuel', 71, 'Production audiovisuelle S3'),
(20062, 'Prj. Tutoré', 100, 'Projet tutoré S3'),
(20063, 'Réunion', 100, 'Réunion S3'),
(20064, 'Rentrée', 100, 'Rentrée S3'),
(20065, 'Con. Projets', 100, 'Conduite de projets S3'),
(20066, 'Anglais', 11, 'Com:Anglais S4'),
(20067, 'Presse', 9, 'Com:Dossier de presse S4'),
(20068, 'Str. Com.', 18, 'Com:Stratégie de communication S4'),
(20069, 'Design', 18, 'Com:Design S4'),
(20070, 'Droit', 1, 'Com:Droit spécifique S4'),
(20071, 'Gestion', 6, 'Com:Gestion S4'),
(20072, 'Mercatique', 6, 'Com:Mercatique S4'),
(20073, 'Arts', 18, 'Com:Arts S4'),
(20074, 'Référencement', 27, 'Com:Référencement web S4'),
(20075, 'CMS', 27, 'Com:Interface et système intéractif S4'),
(20076, 'Design web', 71, 'Com:Design web S4'),
(20077, 'Photoreportage', 18, 'Com:Photoreportage S4'),
(20078, 'Dev. Multimédia', 71, 'Com:Atelier de développement multimédia S4'),
(20079, 'SI. Pro', 18, 'Com:Stratégie d''Insertion Professionnelle S4'),
(20080, 'Prj. Tutoré', 100, 'Com:Projet tutoré S4'),
(20081, 'Réunion', 100, 'Com:Réunion S4'),
(20082, 'Con. Projets', 100, 'Com:Conduite de projets S4'),
(20083, 'Anglais', 11, 'Av:Anglais S4'),
(20084, 'Réa. Collective', 71, 'Av:Réalisation collective S4'),
(20085, 'Com.', 71, 'Av:Communication dynamique S4'),
(20086, 'Infographie 3D', 71, 'Av:Infographie 3D S4'),
(20087, 'Droit', 1, 'Av:Droit spécifique S4'),
(20088, 'Gestion', 6, 'Av:Gestion S4'),
(20089, 'Web TV', 71, 'Av:Web TV S4'),
(20090, 'Photoreportage', 18, 'Av:Photoreportage S4'),
(20091, 'AV institutionnelle', 71, 'Av:Audiovisuel institutionnelle S4'),
(20092, 'Son', 63, 'Av:Son studio et mixage S4'),
(20093, 'Prj. Tutoré', 100, 'Av:Projet tutoré S4'),
(20094, 'Réunion', 100, 'Av:Réunion S4'),
(20095, 'Con. Projets', 100, 'Av:Conduite de projets S4'),
(20096, 'Anglais', 11, 'Web:Anglais S4'),
(20097, 'Référencement', 27, 'Web:Référencement web S4'),
(20098, 'Design', 71, 'Web:Design S4'),
(20099, 'D. synthèse', 71, 'Web:Dossier de synthèse S4'),
(20100, 'Gestion', 6, 'Web:Gestion S4'),
(20101, 'P. collectif', 27, 'Web:Projet collectif d''intégration S4'),
(20102, 'Prg. Android', 27, 'Web:Programmation pour l''embarqué S4'),
(20103, 'Std. Données', 27, 'Web:Structure de données S4'),
(20104, 'CMS', 27, 'Web:Interface et système intéractif S4'),
(20105, 'Design web', 71, 'Web:Design web S4'),
(20106, 'Flash', 27, 'Web:Flash S4'),
(20107, 'Prj. Tutoré', 100, 'Web:Projet tutoré S4'),
(20108, 'Réunion', 100, 'Web:Réunion S4'),
(20109, 'Con. Projets', 100, 'Web:Conduite de projets S4'),
(20110, 'Rendez-vous projets', 71, 'Rendez-vous projets S3'),
(20111, 'Conf. Métiers', 27, 'Conférence Métiers'),
(20112, 'Marathon Web', 100, 'Marathon du Web'),
(20113, 'Design', 71, 'Av:Design S4'),
(20114, 'Algorithmique Web', 27, 'Algorithmique et développement web S2	'),
(20115, 'Web TV', 71, 'Com:Web TV S4'),
(20116, 'Infographie', 71, 'Com:infographie S4'),
(20117, 'Jeux d''entreprise', 71, 'Web:Jeux d''entreprise S4'),
(20118, 'SI. Pro', 18, 'Av:Stratégie d''Insertion Professionnelle S4'),
(20119, 'SI. Pro', 18, 'Web:Stratégie d''Insertion Professionnelle S4'),
(20120, 'Web TV', 71, 'Web:Web TV S4'),
(20121, 'Web TV', 71, 'Av:Web TV S4'),
(30001, 'Com.', 71, 'Expression - Communication, éléments fondamentaux'),
(30002, 'Anglais', 11, 'LV1 Anglais'),
(30003, 'Espagnol', 14, 'LV2  Espagnol'),
(30004, 'Allemand ', 12, 'LV2  Allemand '),
(30005, 'Info.', 27, 'Environnement numérique d''information et de communication '),
(30006, 'PPP', 16, 'Projet Personnel et Professionnel (approche des métiers) '),
(30007, 'Eco.', 5, 'Economie'),
(30008, 'Droit', 1, 'Introduction au droit'),
(30009, 'Psycho. & Socio.', 16, 'Psychologie sociale et sociologie des organisations'),
(30010, 'Méthodologie ', 5, 'Adaptation aux publics étudiants et aide à la réussite'),
(30011, 'Droit Oblig.', 1, 'Droit des obligations'),
(30012, 'Management', 6, 'Introduction au management'),
(30013, 'Compta. fi.', 6, 'Comptabilité financière'),
(30014, 'Fisca.', 6, 'Initiation à la fiscalité et TVA'),
(30015, 'Math.', 26, 'Mathématiques pour la gestion et statistiques'),
(30016, 'Marketing', 6, 'Marketing'),
(30017, 'Tech. Quantitatives', 6, 'Techniques quantitatives renforcées '),
(30018, 'Conférences ', 0, 'Conférences'),
(30019, 'Soutenances', 0, 'Soutenances '),
(30020, 'Insertion professionnelle', 0, 'Insertion professionnelle'),
(30021, 'Poursuites d''études', 0, 'Poursuites d''études'),
(30022, 'Journées portes ouvertes', 0, 'Journées portes ouvertes'),
(30023, 'Com.', 71, 'Expression  - Communication, information et argumentation '),
(30024, 'Anglais', 11, 'LV1 Anglais '),
(30025, 'Espagnol', 14, 'LV2  Espagnol'),
(30026, 'Allemand', 12, 'LV2  Allemand '),
(30027, 'Info.', 27, 'Environnement informatique '),
(30028, 'PPP', 16, 'Projet Personnel et Professionnel (identification des compétences métier) '),
(30029, 'Eco.', 5, 'Economie'),
(30030, 'Droit Instit.', 2, 'Institutions publiques françaises et européennes '),
(30031, 'Méthodo. Enquête', 16, 'Conception et méthodes d''enquête'),
(30032, 'Jeu d''entreprise', 6, 'Etude de cas transversale - jeu d''entreprise'),
(30033, 'Droit affaires', 1, 'Droit des affaires'),
(30034, 'GRH', 6, 'Gestion des ressources humaines'),
(30035, 'Analyse doc.', 6, 'Travaux d''inventaire et analyse des documents de synthèse '),
(30036, 'Fisca. des particuliers', 6, 'Fiscalité des personnes physiques'),
(30037, 'Analyse. Coûts', 6, 'Calcul et analyse des coûts'),
(30038, 'Proba.', 25, 'Probabilités'),
(30039, 'Math. fi.', 6, 'Mathématiques financières'),
(30040, 'Méthodologie', 6, 'Méthodologie et techniques quantitatives'),
(30041, 'Projet tut.', 100, 'Projet tutoré'),
(30042, 'Conférences ', 0, 'Conférences'),
(30043, 'Soutenances', 0, 'Soutenances '),
(30044, 'Insertion professionnelle', 0, 'Insertion professionnelle'),
(30045, 'Poursuites d''études', 0, 'Poursuites d''études'),
(30046, 'Journées portes ouvertes', 0, 'Journées portes ouvertes'),
(30100, 'Com.', 71, 'Expression - Communication, éléments fondamentaux'),
(30101, 'Anglais ', 11, 'LV1 Anglais'),
(30102, 'Info.', 27, 'Environnement numérique d''information et de communication '),
(30103, 'Eco.', 5, 'Economie'),
(30104, 'Droit', 1, 'Introduction au droit'),
(30105, 'Psycho. & Socio.', 16, 'Psychologie sociale et sociologie des organisations'),
(30106, 'Méthodologie ', 5, 'Adaptation aux publics étudiants et aide à la réussite'),
(30107, 'Droit Oblig.', 1, 'Droit des obligations'),
(30108, 'Management', 6, 'Introduction au management'),
(30109, 'Compta. fi.', 6, 'Comptabilité financière'),
(30110, 'Fisca.', 6, 'Initiation à la fiscalité et TVA'),
(30111, 'Math.', 26, 'Mathématiques pour la gestion et statistiques'),
(30112, 'Marketing', 6, 'Marketing'),
(30113, 'Tech. Quantitatives', 6, 'Techniques quantitatives renforcées '),
(30114, 'Com.', 71, 'Expression  - Communication, information et argumentation '),
(30115, 'Anglais', 11, 'LV1 Anglais '),
(30116, 'Info', 27, 'Environnement informatique '),
(30117, 'PPP', 16, 'Projet Personnel et Professionnel (identification des compétences métier) '),
(30118, 'Eco', 5, 'Economie'),
(30119, 'Droit Instit.', 2, 'Institutions publiques françaises et européennes '),
(30120, 'Méthodo. Enquête', 16, 'Conception et méthodes d''enquête'),
(30121, 'Jeu d''entreprise', 6, 'Etude de cas transversale - jeu d''entreprise'),
(30122, 'Droit affaires', 1, 'Droit des affaires'),
(30123, 'GRH', 6, 'Gestion des ressources humaines'),
(30124, 'Analyse doc.', 6, 'Travaux d''inventaire et analyse des documents de synthèse '),
(30125, 'Fisca. des particuliers', 6, 'Fiscalité des personnes physiques'),
(30126, 'Analyse. Coûts', 6, 'Calcul et analyse des coûts'),
(30127, 'Proba.', 25, 'Probabilités'),
(30128, 'Math. fi.', 6, 'Mathématiques financières'),
(30130, 'LPST25', 27, 'Algo et POO'),
(30301, 'Anglais', 11, 'LV1 Anglais'),
(30302, 'Allemand ', 12, 'LV2  Allemand '),
(30303, 'Espagnol', 15, 'LV2  Espagnol '),
(30304, 'Economie', 5, 'Economie'),
(30305, 'Droit du travail', 1, 'Droit du Travail'),
(30306, 'Droit Affaires', 1, 'Droit des affaires approfondi'),
(30307, 'Fisca. Perso. Morales', 6, 'Fiscalité des personnes morales'),
(30308, 'Stratégie', 5, 'Stratégie d''entreprise'),
(30309, 'Analyses Stat. PEC', 26, 'Analyses statistiques pour la gestion PEC'),
(30310, 'Analyses Stat. PEL', 26, 'Analyses statistiques pour la gestion PEL'),
(30311, 'Méthodo. Projet', 6, 'Méthodologie de gestion de projet'),
(30312, 'Logiciel métiers PEC', 27, 'Logiciel métiers PEC'),
(30313, 'Logiciel gestion PEL', 27, 'Logiciel gestion PEL'),
(30314, 'Culture Générale PEL', 71, 'Culture Générale PEL'),
(30315, 'Simulation Gestion', 6, 'Simulation de gestion'),
(30316, 'Com. GCF', 71, 'Expression communication des organisations de la GCF'),
(30317, 'Com. GMO', 71, 'Expression communication des organisations de la GMO'),
(30318, 'Com. GRH', 71, 'Expression communication des organisations de la GRH'),
(30319, 'SGBD GCF', 27, 'Système de Gestion de Base de Données GCF'),
(30320, 'SGBD GMO', 27, 'Système de Gestion de Base de Données GMO'),
(30321, 'SGBD GRH', 27, 'Système de Gestion de Base de Données GRH'),
(30322, 'PPP GCF', 16, 'Projet Personnel et Professionnel GCF'),
(30323, 'PPP GMO', 16, 'Projet Personnel et Professionnel GMO'),
(30324, 'PPP GRH', 16, 'Projet Personnel et Professionnel GRH'),
(30325, 'Gest. Fi GFC', 6, 'Gestion Financière GCF'),
(30326, 'Diag. FI GMO', 6, 'Diagnostic Financier GMO'),
(30327, 'Droit Travail Approf.', 5, 'Droit du Travail Approfondi GRH'),
(30328, 'Calcul & Analyse Coûts', 6, 'Calcul et Analyse de Coûts'),
(30329, 'Création Ent.', 6, 'Créaton d''entreprise'),
(30330, 'Diag. Fin. GRH', 6, 'Diagnostic Financier GRH'),
(30331, 'Compta. Approf.', 6, 'Comptabilité Approfondie'),
(30332, 'Calcul & Analyse Coûts', 6, 'Calcul et Analyse de Coûts'),
(30333, 'Gest. Adm. RH', 6, 'Gestion Administrative des RH'),
(30334, 'Révision Compt.', 6, 'Révision Comptable'),
(30335, 'Marketing Opérationnel', 6, 'Marketing Opérationnel'),
(30336, 'Gest. Emploi Compét.', 6, 'Gestion des Emplois et des Compétences'),
(30337, 'Gest. Opérat. RH GMO', 6, 'Gestion Opérationnelle des RH pour les GMO'),
(30338, 'Gest. Qualité Log. Prod.', 6, 'Gestion de la Qualité, de la Logistique et de la Production'),
(30339, 'Conférences ', 100, 'Conférences'),
(30340, 'Soutenances', 100, 'Soutenances '),
(30341, 'Insertion Pro', 100, 'Insertion professionnelle'),
(30342, 'Poursuites Etudes', 100, 'Poursuites d''études'),
(30343, 'JPO', 100, 'Journées portes ouvertes'),
(30344, 'Rattrapage', 100, 'Rattrapage'),
(30345, 'Jeu d''entreprise', 100, 'Etude de cas transversale - jeu d''entreprise'),
(30346, 'Projet tutorés', 100, 'Projets tutorés'),
(30347, 'Intégration', 100, 'Journée Intégration'),
(30401, 'Com. Professionnelle', 71, 'Communication professionnelle'),
(30402, 'Anglais Approfondi', 11, 'LV1 Anglais approfondissement professionnel'),
(30403, 'Allemand ', 12, 'LV2  Allemand '),
(30404, 'Espagnol', 15, 'LV2  Espagnol '),
(30405, 'Economie', 5, 'Economie'),
(30406, 'PPP', 16, 'Projet Personnel et Professionnel'),
(30407, 'SIG', 6, 'Système d''Information de Gestion'),
(30408, 'Contr. Gestion & Prévision.', 6, 'Contrôle de gestion et gestion prévisionnelle'),
(30409, 'Droit Adm. PEC', 1, 'Droit Administratif PEC'),
(30410, 'Prépa. Tests Langues PEL', 11, 'Préparation test langues PEL'),
(30411, 'Maths Approf. PEL', 26, 'Mathématiques approfondies PEL'),
(30412, 'Appli. Stat. PEC', 26, 'Applications professionnelles statistiques PEC'),
(30413, 'Cas pratiques', 6, 'Etudes de cas pratiques'),
(30414, 'Gest. Très. &  Diag. Fi. Appl.', 6, 'Gestion de la trésorerie et diagnostic financier appliqué '),
(30415, 'Droit Concurrence', 1, 'Droit à la Concurrence'),
(30416, 'Relations sociales', 6, 'Pratiques des relations sociales dans l''entreprise'),
(30417, 'Spécificités fiscales Stés', 6, 'Spécificités fiscales des sociétés'),
(30418, 'Management International', 6, 'Management international'),
(30419, 'Tableaux de bord sociaux RH', 6, 'Tableaux de bord sociaux RH'),
(30420, 'Tableaux de bord de gestion GF', 6, 'Tableaux de bord de gestion GFC'),
(30421, 'Tableaux de bord de gestion GM', 6, 'Tableaux de bord de gestion GMO'),
(30422, 'Paie', 6, 'Gestion de la Paie'),
(30423, 'Compta. Stés', 6, 'Comptabilité des Sociétés'),
(30424, 'Gest. Achats/Ventes', 6, 'Gestion des Achats et des Ventes'),
(30425, 'Recrutement et Formation', 6, 'Gestion du recrutement et de la formation'),
(30426, 'Conférences ', 100, 'Conférences'),
(30427, 'Soutenances', 100, 'Soutenances '),
(30428, 'Insertion Pro.', 100, 'Insertion professionnelle'),
(30429, 'Poursuites Etudes', 100, 'Poursuites d''études'),
(30430, 'JPO', 100, 'Journées portes ouvertes'),
(30431, 'Rattrapage', 100, 'Rattrapage'),
(30432, 'Jeu d''entreprise', 100, 'Etude de cas transversale - jeu d''entreprise'),
(30433, 'Projet tutorés', 100, 'Projets tutorés'),
(30434, 'Intégration', 100, 'Journée Intégration'),
(30501, 'Anglais', 11, 'Langue vivante 1 '),
(30502, 'Eco.', 5, 'Économie'),
(30503, 'Droit travail', 1, 'Droit du travail'),
(30504, 'Droit affaire approf.', 1, 'Droit des affaires approfondi'),
(30505, 'Fisc.pers.morales', 6, 'Fiscalité des personnes morales'),
(30506, 'Strat. d''entreprise', 6, 'Stratégie d''entreprise'),
(30507, 'Analyses stat.', 26, 'Analyses statistiques pour la gestion'),
(30508, 'Méthodo.projets', 6, 'Méthodologie de gestion de projet'),
(30509, 'Logiciel Métiers', 100, 'Logiciel Métiers (Evaluation conjointe entreprise)'),
(30510, 'Simul.gestion', 6, 'Simulation de gestion'),
(30511, 'Com.', 71, 'Expression-Communication des organisations de la GRH'),
(30512, 'Système de gestion', 27, 'Système de gestion de bases de données de la GRH'),
(30513, 'PPP', 16, 'Projet Personnel Professionnel de la GRH'),
(30514, 'Droit travail approf.', 1, 'Droit du travail approfondi'),
(30515, 'Diag.financier', 6, 'Diagnostic financier GRH'),
(30516, 'GRH', 6, 'Gestion administrative des ressources humaines'),
(30517, 'Gestion emplois compétences', 6, 'Gestion des emplois et des compétences'),
(30519, 'Com.', 71, 'Expression-communication professionnelle'),
(30520, 'Anglais', 11, 'Langue vivante 1 '),
(30521, 'Eco.', 5, 'Economie'),
(30522, 'PPP', 16, 'Projet personnel et professionnel'),
(30523, 'Info.', 27, 'Système d''information et de gestion '),
(30524, 'Contrôle de gestion', 6, 'Gestion prévisionnel et contrôle de gestion'),
(30525, 'Droit adm.', 2, 'Droit administratif'),
(30526, 'Stat.', 26, 'Applications professionnelles statistiques'),
(30527, 'Jeu d''entreprises', 6, 'Etudes de cas pratiques (jeu ent)'),
(30528, 'Relations sociales', 6, 'Pratique des relations sociales dans l''entreprise'),
(30529, 'Tabl.de bord', 6, 'Tableaux de bord sociaux (évaluation conjointe avec le M41 H11)'),
(30530, 'Paie', 6, 'Gestion de la paie'),
(30531, 'Recrutement', 6, 'Gestion du recrutement et de la formation'),
(30532, 'Eval.compétences', 100, 'Evaluation des compétences professionnelles'),
(30533, 'Mémoire professionnel', 100, 'Mémoire professionnel'),
(40001, 'Org. Entreprises', 6, 'Organisation des entreprises'),
(40002, 'Fond. Marketing', 6, 'Fondamentaux du marketing'),
(40003, 'Concepts Strat. Marketing', 6, 'Concepts et stratégies marketing'),
(40004, 'Economie', 5, 'Economie générale 1'),
(40005, 'Droit', 1, 'Droit principes généraux'),
(40006, 'P.P.P', 6, 'Projet Personnel et Professionnel 1'),
(40007, 'E.R.C', 6, 'Etudes et Recherches Commerciales 1'),
(40008, 'Act. Transv.', 6, 'Activités transversales 1'),
(40009, 'Psycho. Com.', 16, 'Psychologie sociale de la communication'),
(40010, 'E.C.C', 71, 'Expression communication culture 1'),
(40011, 'Angl.', 11, 'Anglais 1'),
(40012, 'Esp.', 14, 'Espagnol 1'),
(40013, 'T.I.C', 27, 'Technologie de l''Information et de la Communication 1'),
(40014, 'Négo.', 6, 'Négociation 1'),
(40015, 'Comptabilité', 6, 'Introduction à la comptabilité'),
(40016, 'Maths', 25, 'Mathématiques et statistiques appliquées'),
(40017, 'Maths.', 25, 'Statistiques appliquées, probabilités'),
(40018, 'T.I.C', 27, 'Technologie de l''Information et de la Communication 2'),
(40019, 'Env. International', 6, 'Environnement International 1 : marchés internationaux'),
(40020, 'Distribution', 6, 'Distribution'),
(40021, 'E.R.C', 6, 'Etudes et Recherches Commerciales 2'),
(40022, 'Droit', 1, 'Droit des contrats et de la consommation'),
(40023, 'Compta. de gestion', 6, 'Comptabilité de gestion'),
(40024, 'Marketing Opérat.', 6, 'Marketing opérationnel'),
(40025, 'Com. Com. ', 6, 'Communication Commerciale 1'),
(40026, 'E.C.C', 71, 'Expression communication culture 2'),
(40027, 'Angl.', 11, 'Anglais 2'),
(40028, 'Angl. Act. Transv.', 11, 'Anglais : activités transversales'),
(40029, 'Esp.', 14, 'Espagnol 2'),
(40030, 'Négo.', 6, 'Négociation 2'),
(40031, 'P.P.P', 6, 'Projet Personnel et Professionnel 2'),
(40032, 'D.C.R', 16, 'Développement des compétences relationelles'),
(40033, 'Conduite de Projets', 100, 'Projet tutoré : conduite de projet'),
(40034, 'Méthodo. Projets', 6, 'Projet tutoré : description et planification de projet'),
(40035, 'Stage Pro. TC1', 100, 'Stage professionnel 1'),
(40036, 'Angl.', 11, 'Anglais : langue vivante de spécialité 3'),
(40037, 'All.', 12, 'LV2 : langues vivantes de spécialité 3'),
(40038, 'Maths', 25, 'Statistiques probabilités appliquées'),
(40039, 'Gestion', 6, 'Gestion financière et budgétaire'),
(40040, 'P.P.P', 6, 'Projet Personnel et Professionnel 3'),
(40041, 'Droit', 1, 'Droit commercial'),
(40042, 'T.I.C', 27, 'Technologie de l''Information et de la Communication 3'),
(40043, 'M.P.V', 6, 'Marketing du  point de vente'),
(40044, 'Négo.', 6, 'Négociation 3'),
(40045, 'Com. Com.', 6, 'Communication commerciale 2'),
(40046, 'G.R.C', 6, 'Marketing direct/Gestion de la Relation Client'),
(40047, 'Env. International', 6, 'Environnement international 2 : Approche des marchés étrangers et intelligence économique'),
(40048, 'Logistique', 6, 'Logistique'),
(40049, 'Economie', 6, 'Economie  générale 2'),
(40050, 'Act. Transv.', 6, 'Activités transversales 2'),
(40051, 'E.C.C', 71, 'Expression communication culture 4'),
(40052, 'Angl.', 11, 'Anglais : langue vivante de spécialité 4'),
(40053, 'All.', 12, 'LV2 : langues vivantes de spécialité 4'),
(40054, 'Env. International', 6, 'Environnement international 3 : techniques de commerce international'),
(40055, 'E-Marketing', 6, 'E-marketing'),
(40056, 'Droit', 1, 'Droit du travail'),
(40057, 'Psycho. Sociale des Orga.', 6, 'Psychologie sociale des organisations'),
(40058, 'M.E.C', 6, 'Management de l''équipe commerciale'),
(40059, 'Achat et Qualité', 6, 'Achat et qualité'),
(40060, 'Stratégie d''Entreprise', 6, 'Stratégie d''entreprise'),
(40061, 'Entrepreneuriat', 6, 'Entrepreneuriat'),
(40062, 'Act. Transv.', 6, 'Activités transversales 3'),
(40063, 'Projet Tut.', 100, 'Projet tutoré : mise en situation professionnelle'),
(40064, 'Stage Pro. TC2', 100, 'Stage professionnel 2'),
(40065, 'Eval. Projets', 6, 'Evaluation Projets'),
(40066, 'Raid Vente', 6, 'Raid de Vente'),
(40067, 'Entretien Init. Bac Pro', 100, 'Entretien formation init.bac pro'),
(40068, 'Entretien Init.', 100, 'Entretien formation Initiale'),
(40069, 'Org. Fil. Bac Pro', 100, 'Organisation filière Bac Pro'),
(40070, 'Suivi Stage', 100, 'Suivi de Stage'),
(40071, 'Soutenance Stage', 100, 'Soutenance de Stage'),
(40072, 'Resp. Bac Pro', 100, 'Responsable Post Bac'),
(40073, 'E.C.C', 71, 'Expression communication  culture 3'),
(40200, 'Org. Entreprises', 6, 'Organisation des entreprises'),
(40201, 'Fond. Marketing', 6, 'Fondamentaux du marketing'),
(40202, 'Concepts Strat. Marketing', 6, 'Concepts et stratégies marketing'),
(40203, 'Economie', 5, 'Economie générale 1'),
(40204, 'Droit', 1, 'Droit principes généraux'),
(40205, 'P.P.P', 6, 'Projet Personnel et Professionnel 1'),
(40206, 'E.R.C', 6, 'Etudes et Recherches Commerciales 1'),
(40207, 'Act. Transv.', 6, 'Activités transversales 1'),
(40208, 'Psycho. Com.', 16, 'Psychologie sociale de la communication'),
(40209, 'E.C.C', 71, 'Expression communication culture 1'),
(40210, 'Angl.', 11, 'Anglais 1'),
(40211, 'T.I.C', 27, 'Technologie de l''Information et de la Communication 1'),
(40212, 'Négo.', 6, 'Négociation 1'),
(40213, 'Comptabilité', 6, 'Introduction à la comptabilité'),
(40214, 'Maths', 25, 'Mathématiques et statistiques appliquées'),
(40215, 'Stat. Proba.', 25, 'Statistiques appliquées, probabilités'),
(40216, 'T.I.C', 27, 'Technologie de l''Information et de la Communication 2'),
(40217, 'Env. International', 6, 'Environnement International 1 : marchés internationaux'),
(40218, 'Distribution', 6, 'Distribution'),
(40219, 'E.R.C', 6, 'Etudes et Recherches Commerciales 2'),
(40220, 'Droit', 1, 'Droit des contrats et de la consommation'),
(40221, 'Compta. de gestion', 6, 'Comptabilité de gestion'),
(40222, 'Marketing Opérat.', 6, 'Marketing opérationnel'),
(40223, 'Com. Com. ', 6, 'Communication Commerciale 1'),
(40224, 'E.C.C', 71, 'Expression communication culture 2'),
(40225, 'Angl.', 11, 'Anglais 2'),
(40226, 'Angl. Act. Transv.', 11, 'Anglais : activités transversales'),
(40227, 'Négo.', 6, 'Négociation 2'),
(40228, 'P.P.P', 6, 'Projet Personnel et Professionnel 2'),
(40229, 'Conduite de Projets', 100, 'Projet Tutoré : conduite de projet'),
(40230, 'Méthodo. Projets', 6, 'Projet tutoré : description et planification de projet'),
(40231, 'Mercatique', 6, 'Mercatique opérationnelle'),
(40232, 'Angl.', 11, 'Anglais'),
(40233, 'Négo. Vente', 6, 'Négociation vente'),
(40234, 'T.C.I', 6, 'Techniques du Commerce International'),
(40235, 'Com. Com.', 6, 'Communication Commerciale'),
(40236, 'Droit', 1, 'Droit et Commerce'),
(40237, 'M.P.V', 6, 'Mercatique du Point de Vente'),
(40238, 'Psycho. Org.', 16, 'Psychosociologie des organisations'),
(40239, 'P.P.P', 6, 'Projet Personnel et Professionnel'),
(40240, 'T.E', 71, 'Expression et communication professionnelle'),
(40241, 'Maths', 25, 'Statistiques et probabilités appliquées'),
(40242, 'Droit du Travail', 1, 'Droit du travail'),
(40243, 'Anim. Force Vente', 6, 'Animation de la Force de Vente'),
(40244, 'A.T.A', 6, 'Apprendre et travailler autrement'),
(40245, 'Stratégie', 6, 'Stratégie qualité'),
(40246, 'Qualité', 6, 'Stratégie qualité'),
(40247, 'Stratégie Distrib.', 6, 'Stratégies de distribution'),
(40248, 'G.R.C', 6, 'Gestion de la relation client'),
(40249, 'T.I.C', 27, 'T.I.C. et multimédia'),
(40250, 'P.P.P', 6, 'Projet Personnel et Professionnel'),
(40251, 'Négo. Achat', 6, 'Négociation achat'),
(40252, 'Gestion', 6, 'Gestion financière et budgétaire'),
(40253, 'Merca. Stratégique', 6, 'Mercatique stratégique'),
(40254, 'Suvi Projet', 6, 'Rapport d''activité, Soutenance                        '),
(40300, 'Angl.', 11, 'Anglais technique et commercial'),
(40301, 'Analyse Financ.', 26, 'Analyse financière'),
(40302, 'Gestion Prod.', 6, 'Gestion de production'),
(40303, 'Stat. Proba.', 26, 'Statistiques, probabilités, recherche opérationnelle'),
(40304, 'Compta.', 6, 'Eléments de comptabilité analytique'),
(40305, 'Info.', 27, 'Outils informatiques pour projet'),
(40306, 'Projet', 100, 'Conduite de projet'),
(40307, 'Marchés industriels', 0, 'Marchés industriels, comportement d''achat,études de marché'),
(40308, 'Marketing', 6, 'Marketing services'),
(40309, 'Veille concurrentielle', 6, 'Veille concurrentielle'),
(40310, 'Conduite achat', 6, 'Conduite de l''action achat-vente'),
(40311, 'CRM', 6, 'Gestion de la relation client (CRM)'),
(40312, 'Distrib.', 6, 'Canaux de distribution industrielle'),
(40313, 'T.E', 71, 'Techniques d''expression'),
(40314, 'Vente Négo.', 6, 'Vente et négociation'),
(40315, 'Synthèse', 6, 'Activités de synthèse'),
(40316, 'Com. Média', 6, 'Communication et médias'),
(40317, 'Marketing', 6, 'Marketing direct'),
(40318, 'Promo. Ventes', 6, 'Promotion des ventes'),
(40319, 'Qualité', 6, 'Qualité'),
(40320, 'Entreprenariat', 6, 'Entrepreneuriat'),
(40321, 'Eco. Indus.', 5, 'Economie industrielle'),
(40322, 'Gestion Force Vente', 6, 'Gestion de la force de vente'),
(40323, 'Droit', 1, 'Droit du travail et des contrats'),
(40324, 'Projet', 100, 'Conduite de projet'),
(40330, 'Esp.', 12, 'LV2 : langues vivantes de spécialité 3'),
(40331, 'Esp.', 12, 'LV2 : langues vivantes de spécialité 4'),
(40400, 'Angl.', 11, 'Anglais technique et commercial'),
(40401, 'Gestion Financ.', 26, 'Gestion financière'),
(40402, 'Gestion Prod.', 6, 'Gestion de production'),
(40403, 'Stat. Proba.', 26, 'Statistiques, probabilités, recherche opérationnelle'),
(40404, 'Marketing Fondam.', 6, 'Marketing fondamental'),
(40405, 'Info.', 27, 'Outils informatiques pour projet'),
(40406, 'Projet', 100, 'Conduite de projet'),
(40407, 'Marchés Industriels', 6, 'Marchés industriels, comportement d''achat,études de marché'),
(40408, 'Marketing', 6, 'Marketing services'),
(40409, 'Veille concurrentielle', 6, 'Veille concurrentielle'),
(40410, 'Action Achat/Vente', 6, 'Conduite de l''action achat-vente'),
(40411, 'CRM', 6, 'Gestion de la relation client (CRM)'),
(40412, 'Distrib.', 6, 'Canaux de distribution industrielle'),
(40413, 'T.E', 71, 'Techniques d''expression'),
(40414, 'Vente Négo.', 6, 'Vente et négociation'),
(40415, 'Synthèse', 6, 'Activités de synthèse'),
(40416, 'Com. Média', 6, 'Communication et médias'),
(40417, 'MArketing', 6, 'Marketing direct'),
(40418, 'Promo. Ventes', 6, 'Promotion des ventes'),
(40419, 'Qualité', 6, 'Qualité'),
(40420, 'Entreprenariat', 6, 'Entrepreneuriat'),
(40421, 'Eco. Indus.', 5, 'Economie industrielle'),
(40422, 'Gestion Force Vente', 6, 'Gestion de la force de vente'),
(40423, 'Droit', 1, 'Droit du travail et des contrats'),
(40424, 'Projet', 100, 'Projet'),
(40500, 'Droit Conso.', 1, 'Droit de la consommation et de la concurrence'),
(40501, 'Gestion Compta.', 6, 'Gestion comptable et budgétaire'),
(40502, 'Contrôle Gestion', 6, 'Contrôle de Gestion'),
(40503, 'Info.', 27, 'Informatique'),
(40504, 'Logistique', 6, 'Logistique'),
(40505, 'Gestion Rayon', 6, 'Merchandising et Gestion du Rayon'),
(40506, 'Relations Clients', 6, 'Vente et relations clients'),
(40507, 'Distribution', 6, 'Connaissance de la distribution et du e-commerce'),
(40508, 'Comport. Conso.', 6, 'Comportement du consommateur'),
(40509, 'Droit Distrib.', 1, 'Droit de la distribution'),
(40510, 'Anglais', 11, 'Anglais'),
(40511, 'Droit Social', 1, 'Droit social'),
(40512, 'Stratégie & Marketing', 6, 'Stratégie des enseignes et marketing du distributeur'),
(40513, 'R.H', 6, 'Relations humaines'),
(40514, 'Culture G.', 6, 'Culture Génarale'),
(40515, 'Proj. Tuteuré', 6, 'Projet tuteuré'),
(40516, 'MCP1', 100, 'Conduite de projets'),
(40517, 'Méthodo. Projets', 6, 'Projet tutoré : description et planification de projet'),
(50001, 'UC1', 11, 'Anglais'),
(50002, 'UC2', 27, 'Documents numériques'),
(50003, 'UC4', 31, 'Chimie'),
(50004, 'UC5', 31, 'Physique'),
(50005, 'ANA1', 25, 'Analyse 1'),
(50006, 'MOMI', 25, 'Méthodes et outils pour les mathématiques et l''informatique'),
(50007, 'PRG1', 27, 'Algorithmique et programmation 1'),
(50008, 'ANA2', 25, 'Analyse 2'),
(50009, 'ALGL', 25, 'Algèbre linéaire'),
(50010, 'PRG2', 27, 'Algorithmique et programmation 2'),
(50011, 'WEB', 27, 'Initiation au web'),
(50012, 'ANG2', 11, 'Anglais 2'),
(50013, 'COMM', 100, 'Communication'),
(50014, 'PPE', 100, 'Projet personnel de l''étudiant'),
(50015, 'PHYS', 31, 'Physique'),
(50016, 'CIRC', 27, 'Numération et circuits'),
(50017, 'ANA3', 25, 'Analyse 3'),
(50018, 'ALG3', 25, 'Algèbre 3'),
(50019, 'PRG3', 27, 'Algorithmique et programmation 3'),
(50020, 'SERI', 25, 'Séries et intégrales'),
(50021, 'ARIT', 25, 'Arithmétique'),
(50022, 'INIC', 27, 'Initiation au langage C et TP'),
(50023, 'ANG3', 11, 'Anglais 3'),
(50024, 'ANCS', 25, 'Analyse numérique et calcul scientifique'),
(50025, 'THLA', 27, 'Théorie des langages'),
(50026, 'INIBD', 27, 'Initiation au bases de données'),
(50027, 'CPP', 100, 'Construction du projet professionnel'),
(50028, 'QUAD', 25, 'Formes quadratiques'),
(50029, 'ANA4', 25, 'Analyse 4'),
(50030, 'PROBA', 25, 'Probabilités'),
(50031, 'POO', 27, 'Programmation orientée objet'),
(50032, 'APO', 27, 'Algorithmique et programmation objet'),
(50033, 'PRG4', 27, 'Algorithmique et programmation 4'),
(50034, 'PRJ1', 27, 'Projet 1'),
(50035, 'LANC', 27, 'Langage C avancé'),
(50036, 'SCRI', 27, 'Langages de script'),
(50037, 'OUTI', 27, 'Outils formels pour l''informatique'),
(50038, 'ASS', 27, 'Assembleur'),
(50039, 'PRG5', 27, 'Algorithmique et programmation 6'),
(50040, 'PRJ2', 27, 'Projet 2'),
(50041, 'COO', 27, 'Conception orientée objet'),
(50042, 'COMPIL', 27, 'Compilation'),
(50043, 'BD', 27, 'Bases de données'),
(50044, 'TOPO', 25, 'Topologie'),
(50045, 'DIF1', 25, 'Calcul différenciel 1'),
(50046, 'GROU', 25, 'Théorie des groupes'),
(50047, 'ANM', 25, 'Analyse numérique matricielle'),
(50048, 'GEOE', 25, 'Géometrie élémentaire'),
(50049, 'INT', 25, 'Intégration probabilité'),
(50050, 'DIF2', 25, 'Calcul différenciel 2'),
(50051, 'OPT', 25, 'Optimisation'),
(50052, 'VC', 25, 'Variable complexe'),
(50053, 'GEOP', 25, 'Géometrie projective'),
(50054, 'MODU', 25, 'Anneaux et modules'),
(50055, 'ANG4', 11, 'Anglais 4'),
(50056, 'SECD', 27, 'Systèmes d''exploitation centralisés et distribués'),
(50057, 'BD1', 27, 'Bases de données'),
(50058, 'GL', 27, 'Génie logiciel 1'),
(50059, 'ANGL1', 27, 'Anglais technique 1'),
(50060, 'IA', 27, 'Intelligence artificielle'),
(50061, 'LOG', 27, 'Logique pour l''informatique'),
(50062, 'TER', 27, 'Travail d''études et de recherche'),
(50063, 'RES', 27, 'Réseaux et systèmes d''exploitation décentralisés'),
(50064, 'PL', 27, 'Programmation logique'),
(50065, 'RO', 27, 'Recherche opérationnelle'),
(50066, 'BD2', 27, 'Bases de données'),
(50067, 'GL2', 27, 'Métodes de génie logiciel 2'),
(50068, 'ANGL2', 27, 'Anglais technique 2'),
(50069, 'SECU1', 27, 'Sécurité informatique'),
(50070, 'RES', 27, 'Réseaux locaux'),
(50071, 'XML', 27, 'Langage et programmation XML'),
(50072, 'JAI', 27, 'Java pour l''internet'),
(50073, 'FOUIL', 27, 'Fuille de données'),
(50074, 'OPC', 27, 'Outils pour la programmation par contraintes'),
(50075, 'ANG1', 27, 'Anglais technique 1'),
(50076, 'JAVA', 27, 'Programmation orientée objet avancée en Java'),
(50077, 'BD', 27, 'Bases de données et entrepôts de données'),
(50078, 'SECU2', 27, 'Sécurité des systèmes'),
(50079, 'ANG2', 27, 'Anglais technique 2'),
(50080, 'CONF', 27, 'Conférences'),
(50081, 'STAGE', 27, 'Stage en entreprise'),
(50082, 'OF', 27, 'Outils formels'),
(50083, 'RCR', 27, 'Représentation de connaissances et des raisonnements'),
(50084, 'TI', 27, 'Traitement de l''incertain'),
(50085, 'SOC', 27, 'Satisfaction et optimisation de contraintes'),
(50086, 'XML', 27, 'Langages XML'),
(50087, 'PL', 27, 'Plannification'),
(50088, 'AFD', 27, 'Apprentissage et fouille de données'),
(50089, 'SMA', 27, 'Systèmes multi-agents'),
(50090, 'AB', 27, 'Algorithmes biomimétiques'),
(50091, 'SAD', 27, 'Systèmes d''aide à la décision'),
(50092, 'TA', 27, 'Techniques avancées'),
(50094, 'CDINc', 27, 'Conception de documents et d’interfaces numériques (COM)'),
(50095, 'Présence Obligatoire', 0, 'Présence Obligatoire'),
(50098, 'Théatre', 100, 'Théatre'),
(51000, 'Design Web', 18, 'CIS 511 – Design Web'),
(51001, 'Post-prod vidéo', 71, 'CIS 512 – Post-production'),
(51002, 'Techniques audio', 71, 'CIS 611 – Techniques Audio'),
(51003, 'Photo', 18, 'CIS 612 – Photographie numérique'),
(51004, 'Audiovisuel', 18, 'CIS 613 – Production et post-production vidéo'),
(51005, 'Bases prog web', 27, 'INF 521 – Bases de la programmation web'),
(51006, 'CMS', 27, 'INF 522 – Système de gestion de contenu'),
(51007, 'Bases de données', 27, 'INF 523 – Bases de données'),
(51008, 'Algo', 27, 'INF 524 – Algorithmique'),
(51009, 'S.E.', 27, 'INF 525 – Administration et sécurité web'),
(51010, 'Prog. Web client', 27, 'INF 621 – Programmation web côté client'),
(51011, 'Prog. Web serveur', 27, 'INF 622 – Programmation web côté serveur'),
(51012, 'E-commerce', 27, 'INF 623 – e-commerce'),
(51013, 'Serveur web', 27, 'INF 624 – Administration et sécurité web'),
(51014, 'Projet web', 27, 'INF 625 – Projet collectif d''intégration'),
(51015, 'Communication', 9, 'ECR 531 – Expression : Communication écrite et orale'),
(51016, 'Anglais', 11, 'ECR 532 – Langue vivante'),
(51017, 'Culture Multimédia', 9, 'ECR 533 – Culture Multimédia'),
(51018, 'Ecriture Projets', 9, 'ECR 534 – Ecriture de projets'),
(51019, 'Droit', 2, 'ECR 535 – Droit du multimédia'),
(51020, 'Communication', 9, 'ECR 631 – Expression communication écrite et orale'),
(51021, 'Anglais', 11, 'ECR 632 – Langue vivante'),
(51022, 'Culture Multimédia', 71, 'ECR 633 – Culture Multimédia'),
(51023, 'Référencement', 27, 'ECR 634 – Référencement'),
(51024, 'Ecriture Projets', 9, 'ECR 635 – Ecriture de projets'),
(51025, 'Projet tut.', 100, 'Projet tuteuré'),
(51026, 'Projet Tut.', 100, 'Projet tutoré : mise en situation professionnelle'),
(52000, 'Connaissance Marketing', 1, 'Connaissance du Marketing (PCW)'),
(52001, 'Négo. Achat', 2, 'Négociation Achat (PCW)'),
(52002, 'Intro. Logistique', 3, 'Introduction à la logistique (PCW)'),
(52003, 'Outils Prises de vues', 4, 'Connaissance des outils de prises de vues (PCW)'),
(52004, 'Gestion Chaîne Logistique', 5, 'Méthodes et outils de gestion  de la chaîne logistique en e-commerce (PCW)'),
(52005, 'Logistique Inter. et Multi.', 6, 'Logistique internationale et multimodale (PCW)'),
(52006, 'L.D.F Opérations Inter.', 7, 'Législation, Douane et financement des opérations internationales (PCW)'),
(52007, 'WebMarketing', 8, 'WebMarketing (PCW)'),
(52008, 'Vente sur le Web', 9, 'Vente sur le Web (PCW)'),
(52009, 'Environnement Juridique', 10, 'Environnement Juridique (PCW)'),
(52010, 'Community Management', 11, 'Community Management (PCW)'),
(52011, 'Création Réalisation Multimédi', 12, 'Création et Réalisation Multimédias (PCW)'),
(52012, 'Outils Publication Digitale', 13, 'Outils de Publication Digitale (PCW)'),
(52013, 'Communication et Maîtrise de l', 14, 'Communication et Maîtrise de la langue (PCW)'),
(52014, 'Anglais', 15, 'Anglais (PCW)'),
(52015, 'Langages du Web', 27, 'Langages du Web (PCW)'),
(52016, 'Sites Web', 27, 'Sites Web (PCW)'),
(52017, 'BD', 27, 'Base de données (PCW)'),
(52018, 'Référencement', 19, 'Référencement (PCW)'),
(52019, 'Projets Tut.', 100, 'Projet Tutoré (PCW)'),
(52020, 'Mémoire', 100, 'Mémoire (PCW)'),
(52021, 'Soutenances', 100, 'Soutenances (PCW)'),
(52022, 'Séminaire', 100, 'Séminaire (PCW)'),
(52023, 'Recherche Documentaire', 71, 'Recherche Documentaire'),
(52024, 'Jeu Entreprise', 6, 'Jeu d''entreprise'),
(52025, 'BQE Marathon', 101, 'BQE Marathon'),
(52026, 'BQE Jeu entreprise', 101, 'BQE Jeu entreprise'),
(52027, 'BQE DU Tremplin', 101, 'BQE DU Tremplin'),
(52028, 'St. Art', 71, 'Stratégie de l''Art'),
(52029, 'M. Facultatif', 71, 'Perf tournage'),
(52030, 'M. Facultatif', 63, 'Connect et Mixage'),
(52031, 'M. Facultatif', 71, 'Multicam et Streaming'),
(52032, 'M. Facultatif', 27, 'Cisco'),
(52033, 'M. Facultatif', 27, 'VLAN'),
(52034, 'M. Facultatif', 100, 'Compo music'),
(52035, 'M. Facultatif', 71, 'Android'),
(52036, 'M. Facultatif', 18, 'Images plateau TV'),
(52037, 'M. Facultatif', 18, 'Atelier Maquettiste'),
(52038, 'M. Facultatif', 11, 'Prépa. TOEIC'),
(52039, 'Rattrapage', 100, 'Rattrapage'),
(60000, 'M1101', 6, 'Organisation de l''entreprise'),
(60001, 'M1102', 6, 'Fondamentaux du Marketing'),
(60002, 'M1103', 6, 'Concepts et stratégies marketing'),
(60003, 'M1104', 5, 'Economie Générale'),
(60004, 'M1105', 1, 'Droit Principes Généraux'),
(60005, 'M1106', 6, 'Projet personnel et professionnel'),
(60006, 'M1107', 6, 'Etudes et recherches commerciales'),
(60007, 'M1108', 6, 'Apprendre à travailler autrement '),
(60008, 'M1201', 16, 'Psychologie de la communication '),
(60009, 'M1202', 71, 'Expression communication  culture'),
(60010, 'M1203', 11, 'Langue Étrangère de Spécialité'),
(60011, 'M1205', 27, 'Bureautique T.I.C. informatique appliquées'),
(60012, 'M1206', 6, 'Vente et Négociation'),
(60013, 'M1207', 6, 'Introduction à la comptabilité'),
(60014, 'M1208', 26, 'Mathématiques statistiques appliquées'),
(60015, 'M2101', 26, 'Statistiques appliquées, probabilités'),
(60016, 'M2102', 27, 'Bureautique T.I.C. informatique appliquées'),
(60017, 'M2103', 6, 'Environnement International 1 Marchés Internationaux'),
(60018, 'M2104', 6, 'Distribution'),
(60019, 'M2105', 6, 'Etudes et recherches commerciales'),
(60020, 'M2106', 1, 'Droit des contrats et de la consommation'),
(60021, 'M2201', 6, 'Comptabilité de gestion'),
(60022, 'M2202', 6, 'Marketing Opérationnel'),
(60023, 'M2203', 6, 'Communication commerciale'),
(60024, 'M2204', 71, 'Expression communication culture'),
(60025, 'M2205', 11, 'Langue Étrangère de Spécialité'),
(60026, 'M2206', 11, 'Activités transversales Anglais'),
(60027, 'M2301', 6, 'Vente et Négociation'),
(60028, 'M2302', 6, 'Projet personnel et professionnel'),
(60029, 'M2303', 16, 'Développement des Compétences relationnelles'),
(60030, 'M2305', 6, 'Projet tuteuré Description et planification de projet'),
(61000, 'M311', 71, ' Expression et communication Culture 3'),
(61001, 'M312', 11, ' Langue étrangère de spécialité'),
(61002, 'M314', 26, ' Statistique et probalités  appliquées '),
(61003, 'M315', 6, ' Gestion  Financière et budgétaire'),
(61004, 'M316', 6, ' Projet personnel et professionnel '),
(61005, 'M317', 1, ' Droit Commercial'),
(61006, 'M318', 27, 'Technologie de l''Information et de la Communication '),
(61007, 'M321', 6, ' Mercatique du Point de Vente'),
(61008, 'M322', 6, ' Négociation Vente'),
(61009, 'M323', 6, 'Communication Commerciale'),
(61010, 'M324', 6, 'Marketing Direct - Gestion de la Relation Client'),
(61011, 'M325', 6, 'Environnement International Approche des Marchés Étrangers et Intelligence Économique'),
(61012, 'M326', 6, 'Logistique'),
(61013, 'M327', 5, 'Économie Générale'),
(61014, 'M328', 6, 'Activités Transversales '),
(61015, 'M411', 71, 'Expression et communication Culture 4'),
(61016, 'M412', 11, ' Langue étrangère de spécialité'),
(61017, 'M414', 6, 'Environnement International Techniques de Commerce International'),
(61018, 'M415', 6, 'E-Marketing'),
(61019, 'M416', 1, 'Droit du Travail'),
(61020, 'M421', 16, 'Psychologie Sociale des Organisations'),
(61021, 'M422', 6, 'Management de l''Équipe Commerciale'),
(61022, 'M423', 6, 'Achat et Qualité'),
(61023, 'M424', 6, 'Stratégie d''Entreprise'),
(61024, 'M425', 6, 'Entrepreunariat'),
(61025, 'M426', 6, 'Activités Transversales'),
(61026, 'M427', 6, 'Projet tuteuré : mise en situation profesionnelle'),
(62000, 'Droit Conso', 1, 'Droit de la consommation'),
(62001, 'Contrôle gestion', 6, 'Contrôle de gestion'),
(62002, 'Gestion', 6, 'Gestion comptable et financière'),
(62003, 'Logistique', 6, 'Logistique'),
(62004, 'Info', 27, 'Informatique'),
(62005, 'Droit Dist', 1, 'Droit de la distribution'),
(62006, 'Comp Conso', 6, 'Comportement du consommateur'),
(62007, 'E-Commerce', 6, 'Connaissance de la distributionet du e-commerce'),
(62008, 'Merchandising', 6, 'Merchandising'),
(62009, 'Vente R.C.', 6, 'Vente et relations clients'),
(62010, 'Droit social', 1, 'Droit social'),
(62011, 'R.H.', 6, 'Relations humaines dont jeux d''entreprise');
INSERT INTO `subject` (`id`, `shortname`, `cnu`, `name`) VALUES
(62012, 'Stratégie', 6, 'Stratégie des enseignes et marketing du distributeur'),
(62013, 'Anglais', 11, 'Anglais'),
(62014, 'Culture', 71, 'Culture Générale'),
(62015, 'Projet', 6, 'Projet tutoré'),
(62016, 'Soutien', 100, 'Soutien'),
(63000, 'Anglais', 11, 'Anglais technique et commercial'),
(63001, 'MKGF', 6, 'Marketing fondamental'),
(63002, 'Prod', 6, 'Gestion de la production'),
(63003, 'Stat', 26, 'Statistiques, probabilités et recherches opérationnelles'),
(63004, 'Gestion FI', 6, 'Gestion financière'),
(63005, 'Info', 27, 'Outils informatique pour projet'),
(63006, 'Gestion projet', 6, 'Gestion de projet'),
(63007, 'Marché', 6, 'Marchés industriels, comportement d''achat, études de marchés'),
(63008, 'MKG Ser', 6, 'Marketing des services'),
(63009, 'Veille', 6, 'Veille concurrentielle'),
(63010, 'Achat/Vente', 6, 'Conduite de l''action achat-vente'),
(63011, 'GRC', 6, 'Gestion de la relation clients'),
(63012, 'Distri', 6, 'Canaux de distribution industriels'),
(63013, 'TE', 71, 'Technique d''expression'),
(63014, 'Vente', 6, 'Vente et négociation'),
(63015, 'Activités', 6, 'Activités de synthèse'),
(63016, 'Com', 6, 'Communication et médias'),
(63017, 'MKg Direct', 6, 'Marketing direct'),
(63018, 'Promo', 6, 'Promotion des ventes'),
(63019, 'Qualité', 6, 'Qualité'),
(63020, 'Entrepre', 6, 'Entrepreneuriat'),
(63021, 'ECO', 5, 'Economie industrielle'),
(63022, 'GFV', 6, 'Gestion de la force de vente'),
(63023, 'Droit', 1, 'Droit du travail et des contrats'),
(63024, 'Projet', 6, 'Projet tuteuré');

-- --------------------------------------------------------

--
-- Structure de la table `teacher`
--

CREATE TABLE IF NOT EXISTS `teacher` (
`id` bigint(20) NOT NULL,
  `shortname` varchar(30) NOT NULL,
  `name` varchar(255) NOT NULL,
  `surname` varchar(255) NOT NULL,
  `cnu` bigint(20) NOT NULL,
  `statut` varchar(20) NOT NULL,
  `dept` varchar(20) DEFAULT NULL
) ENGINE=InnoDB AUTO_INCREMENT=4223 DEFAULT CHARSET=latin1;

--
-- Contenu de la table `teacher`
--

INSERT INTO `teacher` (`id`, `shortname`, `name`, `surname`, `cnu`, `statut`, `dept`) VALUES
(1, 'G. Audemard', 'Audemard', 'Gilles', 27, 'permanent', 'INFO'),
(2, 'F. Boussemart', 'Boussemart', 'Frederic', 27, 'permanent', 'INFO'),
(3, 'V. Boutin', 'Boutin', 'Viviane', 27, 'permanent', 'INFO'),
(4, 'S. Cardon', 'Cardon', 'Stephane', 27, 'permanent', 'INFO'),
(5, 'A. Chmeiss', 'Chmeiss', 'Assef', 27, 'permanent', 'INFO'),
(6, 'JF. Condotta', 'Condotta', 'Jean Francois', 27, 'permanent', 'INFO'),
(7, 'S. Coste', 'Coste', 'Sylvie', 27, 'permanent', 'INFO'),
(8, 'S. Cousin', 'Cousin', 'Serge', 27, 'vacataire', 'INFO'),
(10, 'D. Dalmeida', 'D''Almeida', 'Dominique', 27, 'permanent', 'INFO'),
(11, 'T. Delacroix', 'Delacroix', 'Thierry', 27, 'vacataire', 'INFO'),
(12, 'F. Drecourt', 'Drecourt', 'Franck', 27, 'vacataire', 'INFO'),
(13, 'R. Aidemoy', 'Aidemoy', 'Regine', 6, 'vacataire', 'INFO'),
(14, 'M. El Rezzi', 'El Rezzi', 'Marianne', 25, 'permanent', 'INFO'),
(15, 'A. Gilbert', 'Gilbert', 'Alexandre', 27, 'vacataire', 'INFO'),
(16, 'F. Hemery', 'Hemery', 'Fred', 27, 'permanent', 'INFO'),
(17, 'T. Hsu', 'Hsu', 'Tiente', 27, 'permanent', 'INFO'),
(18, 'S. Kaci', 'Kaci', 'Souhila', 27, 'permanent', 'INFO'),
(19, 'V. Labonne', 'Labonne', 'Virginie', 27, 'permanent', 'INFO'),
(20, 'O. Laflechelle', 'Laflechelle', 'Olivier', 27, 'vacataire', 'INFO'),
(21, 'B. Laine', 'Laine', 'Benedicte', 6, 'vacataire', 'INFO'),
(22, 'J. Lantoine', 'Lantoine', 'Jauffray', 27, 'vacataire', 'INFO'),
(25, 'B. Legros', 'Legros', 'Bernard', 6, 'permanent', 'INFO'),
(26, 'F. Martin', 'Martin', 'Frederic', 27, 'permanent', 'INFO'),
(27, 'L. Membre', 'Membré', 'Laurence', 71, 'permanent', 'INFO'),
(28, 'F. Morganti', 'Morganti', 'Fabrice', 27, 'vacataire', 'INFO'),
(29, 'S. Navy', 'Navy', 'Sanjay', 27, 'vacataire', 'INFO'),
(30, 'G. Oboeuf', 'Oboeuf', 'Guillaume', 27, 'vacataire', 'INFO'),
(31, 'J. Pellois', 'Pellois', 'Jerome', 27, 'vacataire', 'INFO'),
(32, 'C. Piette', 'Piette', 'Cedric', 27, 'permanent', 'INFO'),
(33, 'JF. Pontie', 'Pontié', 'Jean Francois', 27, 'vacataire', 'INFO'),
(34, 'M. Roger', 'Roger', 'Maryse', 71, 'permanent', 'INFO'),
(35, 'S. Roman', 'Roman', 'Sebastien', 27, 'vacataire', 'INFO'),
(36, 'O. Roussel', 'Roussel', 'Olivier', 27, 'permanent', 'INFO'),
(37, 'S. Saad', 'Saad', 'Sawsan', 27, 'permanent', 'INFO'),
(38, 'M. Samy Modeliar', 'Samy Modeliar', 'Mouny', 25, 'permanent', 'INFO'),
(39, 'N. Saïdi', 'Saïdi', 'Nabil', 27, 'permanent', 'INFO'),
(40, 'N. Schwind', 'Schwind', 'Nicolas', 27, 'permanent', 'INFO'),
(41, 'S. Tabary', 'Tabary', 'Sebastien', 27, 'permanent', 'INFO'),
(42, 'JR. Tredez', 'Tredez', 'Jean Rene', 27, 'vacataire', 'INFO'),
(44, 'R. Feron', 'Feron', 'Romain', 27, 'vacataire', 'INFO'),
(45, 'A. Leroy', 'Leroy', 'André', 25, 'vacataire', 'INFO'),
(46, 'R. Briki', 'Briki', 'Rachid', 27, 'vacataire', 'INFO'),
(47, 'F. Aazib', 'Aazib', 'Fatima', 0, 'vacataire', 'INFO'),
(48, 'S. Benferhat', 'Benferhat', 'Salem', 27, 'permanent', 'INFO'),
(49, 'AS. Niklikowski', 'Niklikowski', 'Anne Sophie', 0, 'vacataire', 'INFO'),
(50, 'S. Merchez', 'Merchez', 'Sylvain', 27, 'permanent', 'INFO'),
(51, 'T. Simon', 'Simon', 'Thierry', 27, 'vacataire', 'INFO'),
(52, 'M. Lantoine', 'Lantoine', 'M.', 0, 'vacataire', 'INFO'),
(1036, 'K. Tabia', 'Tabia', 'Karim', 27, 'permanent', 'INFO'),
(1037, 'M. Lecherf', 'Lecherf', 'M.', 27, 'vacataire', 'INFO'),
(1038, 'S. Roussel', 'Roussel', 'Stéphanie', 27, 'vacataire', 'INFO'),
(1040, 'PY. Cresson', 'Cresson', 'Pierre Yves', 63, 'permanent', 'INFO'),
(1041, 'T. Attagnant', 'Attagnant', 'Thomas', 27, 'vacataire', 'INFO'),
(1047, 'Y. Fregier', 'Fregier', 'Yael', 25, 'permanent', 'INFO'),
(1049, 'D. Le Berre', 'Le Berre', 'Daniel', 27, 'permanent', 'INFO'),
(1050, 'S. Hustin', 'Hustin', 'Stéphane', 6, 'vacataire', 'INFO'),
(1051, 'A. Choukhi', 'Choukhi', 'Abdeslem', 27, 'vacataire', 'INFO'),
(1064, 'B. Tessier', 'Tessier', 'Benjamin', 2, 'vacataire', 'INFO'),
(1065, 'S. Ramon', 'Ramon', 'Sébastien', 27, 'permanent', 'INFO'),
(1069, 'JL. Coquidé', 'Coquidé', 'Jean Luc', 27, 'permanent', 'INFO'),
(1070, 'B. Hoessen', 'Hoessen', 'Benoit', 27, 'permanent', 'INFO'),
(1071, 'C. Rominger', 'Rominger', 'Cédric', 27, 'permanent', 'INFO'),
(2029, 'F. Pistej', 'Pistej', 'Florence', 0, 'permanent', 'INFO'),
(2054, 'JL. Fleisch', 'Fleisch', 'Jean Louis', 27, 'vacataire', 'INFO'),
(2055, 'JP. Maik', 'Maik', 'Jean Pierre', 27, 'vacataire', 'INFO'),
(2059, 'M. Esclapez', 'Esclapez', 'Michel', 25, 'vacataire', 'INFO'),
(2060, 'P. Trendel', 'Trendel', 'Pierre', 27, 'vacataire', 'INFO'),
(2062, 'E. Dacosta', 'Dacosta', 'Eric', 27, 'vacataire', 'INFO'),
(2063, 'F. Wynem', 'Wynem', 'F.', 27, 'vacataire', 'INFO'),
(2065, 'M. Hudelstonne', 'Hudelstonne', 'M.', 27, 'vacataire', 'INFO'),
(2067, 'J. Venant', 'Venant', 'Jessie', 11, 'vacataire', 'INFO'),
(2074, 'G. Giarrusso', 'Giarrusso', 'Giovanna', 0, 'permanent', 'INFO'),
(2076, 'M. Saralegi', 'Saralegi', 'Martin', 25, 'vacataire', 'INFO'),
(2078, 'M. Huddlestone', 'Huddlestone', 'M.', 0, 'vacataire', 'INFO'),
(2080, 'I. Nouaouri', 'Nouaouri', 'Issam', 0, 'permanent', 'INFO'),
(2081, 'M. Delaporte', 'Delaporte', 'M.', 0, 'vacataire', 'INFO'),
(2084, 'K. Palermo', 'Palermo', 'K.', 0, 'permanent', 'INFO'),
(2085, 'MF. Duhamel', 'Duhamel', 'Marie Francoise', 0, 'vacataire', 'INFO'),
(2091, 'F. Koriche', 'Koriche', 'Frédéric', 27, 'permanent', 'INFO'),
(2092, 'Y. Salhi', 'Salhi', 'Yakoub', 27, 'permanent', 'INFO'),
(2094, 'N. Schmidt', 'Schmidt', 'Nicolas', 27, 'permanent', 'INFO'),
(2095, 'S. Thomas', 'Thomas', 'Samuel', 27, 'permanent', 'INFO'),
(2096, 'JG. Mailly', 'Mailly', 'Jean-Guy', 27, 'permanent', 'INFO'),
(2097, 'B. Raddaoui', 'Raddaoui', 'Badran', 27, 'permanent', 'INFO'),
(2099, 'H. Chebil', 'Chebil', 'Hajer', 27, 'permanent', 'INFO'),
(2103, 'I. Ayadi', 'Inès', 'Ayadi', 27, 'vacataire', 'INFO'),
(2106, 'A. Duquesnoy', 'Duquesnoy', 'Anne', 71, 'vacataire', 'INFO'),
(2107, 'C. De Lil', 'De Lil', 'Céline', 71, 'vacataire', 'INFO'),
(2108, 'J. Abric', 'Abric', 'Juliette', 0, 'vacataire', 'INFO'),
(3046, 'E. Lourme', 'Lourme', 'Enguerran', 27, 'vacataire', 'INFO'),
(3056, 'C. Guerville', 'Guerville', 'Céline', 11, 'vacataire', 'INFO'),
(3057, 'JC. Nicolas', 'Nicolas', 'Jean Christophe', 0, 'vacataire', 'INFO'),
(3058, 'M. Delplanque', 'Delplanque', 'Mike', 0, 'vacataire', 'INFO'),
(3059, 'C. Angenault', 'Angenault', 'Claire', 0, 'vacataire', 'INFO'),
(3069, 'C. Brion', 'Brion-Vincent', 'Catherine', 11, 'vacataire', 'INFO'),
(3074, 'M. Pernisek', 'Pernisek', 'Marc', 60, 'vacataire', 'INFO'),
(3075, 'T. Martin', 'Martin', 'Timothé', 71, 'vacataire', 'INFO'),
(3076, 'D. Abgrall', 'Abgrall', 'Damien', 27, 'vacataire', 'INFO'),
(3078, 'B. YAHYA', 'YAHYA', 'Bashir ', 27, 'ATER', 'INFO'),
(3079, 'F. Makssoud', 'Makssoud', 'Fatmé', 27, 'vacataire', 'INFO'),
(3080, 'M. X', 'XX', 'YY', 25, 'fantome', 'INFO'),
(3084, 'JM. Lagniez', 'Lagniez', 'Jean Marie', 27, 'permanent', 'INFO'),
(3088, 'M. Sioutis', 'Sioutis', 'Michael', 27, 'vacataire', 'INFO'),
(3089, 'D. Desrousseaux', 'Desrousseaux', 'David', 71, 'vacataire', 'INFO'),
(3223, 'W. Khalil', 'Khalil', 'Wissam', 27, 'permanent', 'INFO'),
(3224, 'S. Bouker', 'Bouker', 'Slim', 27, 'permanent', 'INFO'),
(3225, 'I. Mami', 'Mami', 'Imene', 27, 'permanent', 'INFO'),
(3226, 'G. Buchon', 'Buchon', 'Gregory', 6, 'vacataire', 'INFO'),
(3227, 'M. Said', 'Said', 'Mouhammad', 27, 'vacataire', 'INFO'),
(3228, 'P. Demette', 'Demette', 'Pascal', 27, 'vacataire', 'INFO'),
(3232, 'F. Ait Chikhebbih', 'Fatima', 'Ait Chikhebbih', 0, 'permanent', 'INFO'),
(3235, 'S. Lambin', 'Lambin', 'Sandrine', 11, 'vacataire', 'INFO'),
(3238, 'A. Samet', 'Samet', 'Ahmed', 27, 'permanent', 'INFO'),
(3241, 'C. Madec', 'Madec', 'Christine', 11, 'vacataire', 'INFO'),
(3243, 'A. Pinard', 'Pinard', 'Alain', 0, 'vacataire', 'INFO'),
(3248, 'A. Petit', 'Petit', 'Armel', 0, 'vacataire', 'INFO'),
(3249, 'K. Dombrowski', 'Dombrowski', 'Karine', 27, 'permanent', 'INFO'),
(3266, 'N. Gharbi', 'Gharbi', 'Nebras', 27, 'vacataire', 'INFO'),
(3270, 'G. Casaccio', 'Casaccio', 'Gwennael', 100, 'vacataire', 'INFO'),
(3271, 'A. Delay', 'Delay', 'Arnaud', 71, 'vacataire', 'INFO'),
(3272, 'A. Parrain', 'Parrain', 'Anne', 27, 'permanent', 'INFO'),
(3273, 'L. Sais', 'Sais', 'Lakhdar', 27, 'permanent', 'INFO'),
(3276, 'A. Boussemart', 'Boussemart', 'Antoine', 27, 'vacataire', 'INFO'),
(3279, 'M. Masquelin', 'Masquelin', 'Mickaël', 27, 'permanent', 'INFO'),
(3280, 'T. Caridroit', 'Caridroit', 'Thomas', 27, 'vacataire', 'INFO'),
(3281, 'Z. Bouraoui', 'Bouraoui', 'Zied', 27, 'vacataire', 'INFO'),
(3282, 'J. Delobelle ', 'Delobelle ', 'Jérôme', 27, 'vacataire', 'INFO'),
(3283, 'N. Sczepanski', 'Sczepanski', 'Nicolas', 27, 'vacataire', 'INFO'),
(3286, 'J. Lonlac', 'Lonlac', 'Jerry', 27, 'permanent', 'INFO'),
(3298, 'B. Fourlegnie', 'Fourlegnie', 'Benoit', 25, 'vacataire', 'INFO'),
(3328, 'K. Paravis', 'Paravis', 'Karine', 27, 'permanent', 'INFO'),
(3335, 'E. Ballinger', 'Ballinger', 'Eon ', 71, 'permanent', 'INFO'),
(3336, 'R. Pino Pérez', 'Pino Pérez', 'Ramón', 27, 'permanent', 'INFO'),
(3345, 'G. De Smet', 'De Smet', 'Gauthier', 27, 'permanent', 'INFO'),
(3346, 'J. Allard', 'Allard', 'Julie', 0, 'vacataire', 'INFO'),
(3351, 'N. Coasne', 'Coasne', 'Nathalie', 27, 'vacataire', 'INFO'),
(3352, 'D. Roussel', 'Roussel', 'David', 25, 'vacataire', 'INFO'),
(3353, 'F. Essghaier', 'Essghaier', 'Fatma', 27, 'permanent', 'INFO'),
(3354, 'V. Prensier', 'Prensier', 'Valérie', 11, 'vacataire', 'INFO'),
(3362, 'IJ. Varzinczak', 'Varzinczak', 'Ivan José', 27, 'permanent', 'INFO'),
(3363, 'V. Montmirail', 'Montmirail', 'Valentin', 27, 'permanent', 'INFO'),
(4215, 'C. Bohain', 'Bohain', 'Caroline', 0, 'vacataire', 'INFO'),
(4216, 'D.D. Rasolomampionona', 'Rasolomampionona', 'Désiré Dauphin', 27, 'vacataire', 'INFO'),
(4217, 'I. Thullier', 'Thullier', 'Isabelle', 27, 'vacataire', 'INFO'),
(4222, 'A. Berna', 'Berna', 'Anne', 0, 'permanent', 'INFO');

-- --------------------------------------------------------

--
-- Structure de la table `traininginfo`
--

CREATE TABLE IF NOT EXISTS `traininginfo` (
`id` bigint(20) NOT NULL,
  `dept` varchar(255) NOT NULL,
  `training` varchar(255) DEFAULT NULL,
  `semester` varchar(255) DEFAULT NULL,
  `ue` varchar(255) DEFAULT NULL,
  `nbgcm` int(11) DEFAULT NULL,
  `nbgtd` int(11) DEFAULT NULL,
  `nbgtp` int(11) DEFAULT NULL
) ENGINE=InnoDB AUTO_INCREMENT=63004 DEFAULT CHARSET=latin1;

--
-- Contenu de la table `traininginfo`
--

INSERT INTO `traininginfo` (`id`, `dept`, `training`, `semester`, `ue`, `nbgcm`, `nbgtd`, `nbgtp`) VALUES
(12, 'INFO', 'LP Sécurité', 'S5', '', 1, 1, 0),
(13, 'INFO', 'LP Sécurité', 'S6', '', 1, 1, 0),
(17, 'INFO', 'INFO 1', '', 'Encadrement', 0, 0, 0),
(19, 'INFO', 'LP Sécurité', '', 'Encadrement', 0, 0, 0),
(10001, 'INFO', 'INFO 1', 'S1', 'Bases de l''informatique', 1, 3, 6),
(10002, 'INFO', 'INFO 1', 'S1', 'Bases de culture scientifique, sociale et humaine', 1, 3, 6),
(10003, 'INFO', 'INFO 1', 'S2', 'Approfondissements en informatique', 1, 3, 6),
(10004, 'INFO', 'INFO 1', 'S2', 'Approfondissements en culture scientifique, sociale et humaine', 1, 3, 6),
(10101, 'INFO', 'DU Tremplin', 'S01', 'Outils et langages', 0, 1, 0),
(10102, 'INFO', 'DU Tremplin', 'S01', 'Enseignements disciplinaires', 0, 1, 0),
(10103, 'INFO', 'DU Tremplin', 'S01', 'Pré-professionnalisation ', 0, 1, 0),
(10200, 'INFO', 'INFO 2', 'S3', 'Informatique avancée', 1, 3, 3),
(10201, 'INFO', 'INFO 2', 'S3', 'Culture scientifique, sociale et humaine avancées', 1, 3, 3),
(10202, 'INFO', 'INFO 2', 'S3', 'Méthodologie et Projets', 1, 3, 3),
(10304, 'INFO', 'INFO 2', 'S4', 'Compléments d’informatique', 1, 1, 1),
(10305, 'INFO', 'INFO 2', 'S4', 'Compléments de culture scientifique, sociale et humaine', 1, 1, 1),
(10306, 'INFO', 'INFO 2', 'S4', 'Compléments d’informatique-L', 1, 1, 1),
(10307, 'INFO', 'INFO 2', 'S4', 'Compléments de culture scientifique, sociale et humaine-L', 1, 1, 1),
(10308, 'INFO', 'INFO 2', 'S4', 'Mise en situation professionnelle (stage)', 1, 1, 1),
(20110, 'MMI', 'MMI 1', 'S1', 'UE11', 1, 3, 6),
(20120, 'MMI', 'MMI 1', 'S1', 'UE12', 1, 3, 6),
(20210, 'MMI', 'MMI 1', 'S2', 'UE21', 1, 3, 6),
(20220, 'MMI', 'MMI 1', 'S2', 'UE22', 1, 3, 6),
(20310, 'MMI', 'MMI 2', 'S3', 'UE31', 1, 3, 5),
(20320, 'MMI', 'MMI 2', 'S3', 'UE32', 1, 3, 5),
(20410, 'MMI', 'Com', 'S4', 'UE41', 1, 1, 2),
(20411, 'MMI', 'Audiovisuel', 'S4', 'UE41', 1, 1, 1),
(20412, 'MMI', 'Web', 'S4', 'UE41', 1, 1, 2),
(20420, 'MMI', 'Com', 'S4', 'UE42', 1, 1, 2),
(20421, 'MMI', 'Audiovisuel', 'S4', 'UE42', 1, 1, 1),
(20422, 'MMI', 'Web', 'S4', 'UE42', 1, 1, 2),
(20510, 'MMI', 'LP Créaweb', 'S5', 'UE1', 1, 1, 2),
(20520, 'MMI', 'LP Créaweb', 'S5', 'UE2', 1, 1, 2),
(20530, 'MMI', 'LP Créaweb', 'S5', 'UE3', 1, 1, 2),
(20610, 'MMI', 'LP Créaweb', 'S6', 'UE1', 1, 1, 2),
(20620, 'MMI', 'LP Créaweb', 'S6', 'UE2', 1, 1, 2),
(20630, 'MMI', 'LP Créaweb', 'S6', 'UE3', 1, 1, 2),
(20640, 'MMI', 'LP Créaweb', 'S6', 'UE4', 1, 1, 2),
(20650, 'MMI', 'LP Créaweb', 'S6', 'UE5', 1, 1, 2),
(30001, 'GEA', 'GEA1', 'S1', 'UE1.1', 1, 4, 8),
(30002, 'GEA', 'GEA1', 'S1', 'UE1.2', 1, 4, 8),
(30003, 'GEA', 'GEA1', 'S2', 'UE2.1', 1, 4, 8),
(30004, 'GEA', 'GEA1', 'S2', 'UE2.2', 1, 4, 8),
(30005, 'GEA-APP', 'GEA1', 'S1', 'UE1.1', 0, 1, 0),
(30006, 'GEA-APP', 'GEA1', 'S1', 'UE1.2', 0, 1, 0),
(30007, 'GEA-APP', 'GEA1', 'S2', 'UE2.1', 0, 1, 0),
(30008, 'GEA-APP', 'GEA1', 'S2', 'UE2.2', 0, 1, 0),
(30009, 'GEA', 'GEA1', 'S1', 'Divers', 0, 0, 0),
(30010, 'GEA', 'GEA1', 'S2', 'Divers', 0, 0, 0),
(30011, 'GEA-APP', 'GEA1', 'S1', 'Divers', 0, 0, 0),
(30012, 'GEA-APP', 'GEA1', 'S2', 'Divers', 0, 0, 0),
(30301, 'GEA', 'GEA2', 'S3', 'UE3.1', 1, 4, 8),
(30302, 'GEA', 'GEA2', 'S3', 'UE3.2', 1, 4, 8),
(30303, 'GEA', 'GEA2', 'S4', 'UE4.1', 1, 4, 8),
(30501, 'GEA-APP', 'GEA2', 'S3', 'UE3.1', 0, 1, 0),
(30502, 'GEA-APP', 'GEA2', 'S3', 'UE3.2', 0, 1, 0),
(30503, 'GEA-APP', 'GEA2', 'S4', 'UE4.1', 0, 1, 0),
(30504, 'GEA-APP', 'GEA2', 'S4', 'UE4.2', 0, 1, 0),
(40001, 'TC', 'TC1', 'S1', 'Découvrir l''environnement professionnel', 2, 6, 12),
(40002, 'TC', 'TC1', 'S1', 'Identifier et communiquer', 2, 6, 12),
(40003, 'TC', 'TC1', 'S2', 'Traiter l''information', 2, 6, 12),
(40004, 'TC', 'TC1', 'S2', 'Agir sur les marchés', 2, 6, 12),
(40005, 'TC', 'TC1', 'S2', 'Se professionnaliser', 2, 6, 12),
(40006, 'TC', 'TC2', 'S3', 'Elargir ses compétences en gestion', 1, 6, 6),
(40007, 'TC', 'TC2', 'S3', 'Développer ses performances commerciales', 1, 6, 6),
(40008, 'TC', 'TC2', 'S4', 'S''adapter aux évolutions', 1, 6, 6),
(40009, 'TC', 'TC2', 'S4', 'Maîtriser les outils de management', 1, 6, 6),
(40010, 'TC', 'TC2', 'S4', 'S''affirmer professionnellement', 1, 6, 6),
(40200, 'TC', 'CBSI', 'S5', 'Outils du développement personnel et professionnel', 1, 1, 0),
(40201, 'TC', 'CBSI', 'S5', 'Commercialisation interentreprises', 1, 1, 0),
(40202, 'TC', 'CBSI', 'S6', 'Relations commerciales interentreprises', 1, 1, 0),
(40203, 'TC', 'CBSI', 'S6', 'Environnement  professionnel', 1, 1, 0),
(40210, 'TC', 'ProComWeb', 'S5', 'Fondamentaux', 1, 1, 1),
(40211, 'TC', 'ProComWeb', 'S5', 'Logistique', 1, 1, 1),
(40212, 'TC', 'ProComWeb', 'S5', 'E-Marketing', 1, 1, 1),
(40213, 'TC', 'ProComWeb', 'S6', 'Communication', 1, 1, 1),
(40214, 'TC', 'ProComWeb', 'S6', 'Création et Gestion de Sites Marchands', 1, 1, 1),
(40215, 'TC', 'ProComWeb', 'S6', 'Projets Tutorés', 1, 1, 1),
(40216, 'TC', 'ProComWeb', 'S6', 'Activité Professionnelle', 1, 1, 1),
(50001, 'JP', 'L1', 'S1', 'L1', 1, 2, 2),
(50002, 'JP', 'L2', 'S3', 'L2', 1, 1, 1),
(50003, 'JP', 'L3', 'S5', 'L3', 1, 2, 2),
(50004, 'JP', 'M1', 'S7', 'M1', 1, 1, 1),
(50005, 'JP', 'M2-ILI', 'S9', 'M2-ILI', 1, 1, 1),
(50006, 'JP', 'M2-SIA', 'S9', 'M2-SIA', 1, 1, 1),
(60000, 'APPR', 'TC1', 'S1', 'Découvrir l''environnement professionnel', 1, 1, 0),
(60001, 'APPR', 'TC1', 'S1', 'Identifier et communiquer', 1, 1, 0),
(60002, 'APPR', 'TC1', 'S2', 'Traiter l''information', 1, 1, 0),
(60003, 'APPR', 'TC1', 'S2', 'Agir sur les marchés', 1, 1, 0),
(60004, 'APPR', 'TC1', 'S2', 'Se professionnaliser', 1, 1, 0),
(61000, 'APPR', 'TC2', 'S3', 'Elargir ses compétences en gestion', 1, 1, 0),
(61001, 'APPR', 'TC2', 'S3', 'Développer ses performances commerciales', 1, 1, 0),
(61002, 'APPR', 'TC2', 'S4', 'S''adapter aux évolutions', 1, 1, 0),
(61003, 'APPR', 'TC2', 'S4', 'Maitriser les outils de management', 1, 1, 0),
(62000, 'APPR', 'LP Distri', 'S5', 'Savoir gérer', 0, 1, 0),
(62001, 'APPR', 'LP Distri', 'S5', 'Savoir vendre', 0, 1, 0),
(62002, 'APPR', 'LP Distri', 'S6', 'Savoir manager', 0, 1, 0),
(62003, 'APPR', 'LP Distri', 'S6', 'Projet tutoré', 0, 1, 0),
(63000, 'APPR', 'LP CBSI', 'S5', 'Outils du développement personnel et professionnel', 1, 2, 0),
(63001, 'APPR', 'LP CBSI', 'S5', 'Commercialisation interentreprises', 1, 2, 0),
(63002, 'APPR', 'LP CBSI', 'S6', 'Relations commerciales interentreprises', 1, 2, 0),
(63003, 'APPR', 'LP CBSI', 'S6', 'Projets tuteurés', 1, 2, 0);

-- --------------------------------------------------------

--
-- Structure de la table `utilisateurcrous`
--

CREATE TABLE IF NOT EXISTS `utilisateurcrous` (
`id` bigint(20) NOT NULL,
  `numero` varchar(50) NOT NULL,
  `fname` varchar(100) NOT NULL,
  `lname` varchar(100) NOT NULL
) ENGINE=InnoDB AUTO_INCREMENT=3 DEFAULT CHARSET=latin1;

--
-- Contenu de la table `utilisateurcrous`
--

INSERT INTO `utilisateurcrous` (`id`, `numero`, `fname`, `lname`) VALUES
(2, '0905053731F', 'Harry', 'Potier');

-- --------------------------------------------------------

--
-- Structure de la table `week`
--

CREATE TABLE IF NOT EXISTS `week` (
`id` bigint(20) NOT NULL,
  `dept` varchar(20) NOT NULL,
  `students` date DEFAULT NULL,
  `teachers` date DEFAULT NULL
) ENGINE=InnoDB AUTO_INCREMENT=7 DEFAULT CHARSET=latin1;

--
-- Contenu de la table `week`
--

INSERT INTO `week` (`id`, `dept`, `students`, `teachers`) VALUES
(1, 'INFO', '2016-04-30', '2016-06-30'),
(2, 'TC', '2016-07-10', '2016-07-10'),
(3, 'MMI', '2016-02-07', '2016-04-03'),
(4, 'GEA', '2016-02-07', '2016-03-31'),
(5, 'GEA-APP', '2016-02-28', '2016-04-30'),
(6, 'APPR', '2013-11-30', '2013-11-30');

-- --------------------------------------------------------

--
-- Structure de la table `weekcomment`
--

CREATE TABLE IF NOT EXISTS `weekcomment` (
`id` bigint(20) NOT NULL,
  `teacher_id` bigint(20) NOT NULL,
  `dept` varchar(255) NOT NULL,
  `comment` text,
  `week` int(11) NOT NULL
) ENGINE=InnoDB AUTO_INCREMENT=32 DEFAULT CHARSET=utf8;

--
-- Contenu de la table `weekcomment`
--

INSERT INTO `weekcomment` (`id`, `teacher_id`, `dept`, `comment`, `week`) VALUES
(1, 41, 'MMI', '<br><div>TP d''A. Boussemart du lundi matin à déplacer au vendredi matin</div><div><br></div><div>absence de M. Schepen&nbsp;</div><div><br></div><div>Annulation TP dev web F. Essgheir (car décalage avec le groupe TD)</div>', 38),
(2, 41, 'MMI', '<br><div><br></div><div>----------&gt; Rattraper un TP infographie E. Berro groupe A1 et B1 (car début du cours retardé)</div><div><br></div><div>----------&gt; Libérer l''amphi + salle 1F le jeudi 5 nov pour anne&nbsp;</div>', 45),
(3, 41, 'MMI', '<br><div>absence de M. Schepen</div><div><br></div><div>suppression tp algo vincent groupe c1 et td com yann groupe A pour le CM conf métier</div>', 48),
(4, 41, 'MMI', '<br><div><br></div><div>-&gt; suppression tp html a2, b2, c2 chriss (session PEDR) &nbsp;<span style="font-size: 14.4px;">----------------------&gt; replacer le lundi 28/09</span></div><div>-&gt; suppression tp POO b2 chriss (session PEDR) &nbsp; ----------------------&gt; replacer le lundi 28/09</div>', 39),
(5, 17, 'INFO', 'Marathon du Web 16-18', 51),
(6, 41, 'MMI', 'LP Créaweb : Cours de Bochra à reporter.<br>LP CréaWeb : Créneaux libérés à proposer.<br><div><br></div><div>Suppression cours bochra (malade)</div>', 40),
(7, 41, 'MMI', 'TP Th info com (yann viseur) avancé au vendredi 16/10 groupe MMI1C2.<div><br></div><div><br></div><div>3 TP d''infographie S3 (vaillant) a replacer le jeudi et vendredi.</div>', 43),
(10, 17, 'INFO', 'suppression CM SE mardi<div>TD AI Mardi placement provisoire</div>', 49),
(11, 41, 'MMI', '<br><div>Attention cf métier le lundi matin 9h-11h30 pour les MMI2.</div>', 46),
(12, 17, 'INFO', '<b><font color="#cc00ff">TP Lundi d''arnaud : OK</font></b>', 48),
(14, 17, 'INFO', 'Les TD de Laurence&nbsp;<div><br></div><div>TD AI Valérie Placement provsoire</div>', 50),
(16, 17, 'INFO', '<b><font color="#ff0066">Lundi de pâques !</font></b><div><font color="#ff0066"><b>- TD GL&nbsp;</b></font></div><div><font color="#ff0066"><b>- TP GL</b></font></div><div><font color="#ff0066"><b>- TD Anglais</b></font></div><div><font color="#ff0066"><b>- TP+TD ECFJS<br></b></font><div><b><font color="#ff0066"><br></font></b></div><div><b><font color="#ff0066">1 avril :&nbsp;</font></b><font color="#ff0066"><b>la journée de sensibilisation pour les handicapés&nbsp;</b></font></div></div>', 13),
(19, 17, 'INFO', '<b><font color="#990033">Jeudi 5 ascension</font></b><div><b><font color="#990033">vendredi 6 : pont</font></b></div><div><br></div>', 18),
(20, 17, 'INFO', '<b>TP ORGA en TP + Vidéo</b><div><br></div>', 2),
(21, 17, 'INFO', '<span style="font-size: 14.4px;"><b><font color="#ff0066">TP ORGA en TP + Vidéo</font></b></span>', 1),
(22, 17, 'INFO', 'valérie prensier pas là le 26/01<div><b><font color="#cc6633">JPO :&nbsp;<span style="font-family: ''Helvetica Neue'', ''Segoe UI'', Helvetica, Arial, ''Lucida Grande'', sans-serif; font-size: 13px; background-color: rgb(255, 255, 255);">vendredi 29/1 après midi les salles&nbsp; 13,15,12 pour préparer la JPO</span></font></b></div>', 4),
(25, 41, 'MMI', 'cours TP av institutionnel a confirmer car semaine des irlandais', 10),
(26, 17, 'INFO', 'Yacoub pas là&nbsp;', 5),
(31, 41, 'MMI', '(JB) :<br>Lundi matin : Chriss en 1SE ça ne va pas (pas Meteor). Echange à 11h20 avec Boily.<br>Jeudi matin : LP en 4SE et 5SE<br>Jeudi matin proposition de modif pour le DUT : B.Prieur en 102F, L.Beauffort en 100F, Vincent et Fatma en 103F -&gt; fait par JB.<br>Vendredi journée : Bochra en salle 05E<br>Vendredi après-midi : absence de M. Schepen à gérer -&gt; SEB !<br>', 5);

--
-- Index pour les tables exportées
--

--
-- Index pour la table `absence`
--
ALTER TABLE `absence`
 ADD PRIMARY KEY (`id`), ADD KEY `datas_id_idx` (`datas_id`);

--
-- Index pour la table `boss`
--
ALTER TABLE `boss`
 ADD PRIMARY KEY (`id`), ADD KEY `groupe_id_idx` (`groupe_id`), ADD KEY `teacher_id_idx` (`teacher_id`);

--
-- Index pour la table `coefficient`
--
ALTER TABLE `coefficient`
 ADD PRIMARY KEY (`id`);

--
-- Index pour la table `commande`
--
ALTER TABLE `commande`
 ADD PRIMARY KEY (`id`), ADD KEY `utilisateurcrous_id_idx` (`utilisateurcrous_id`), ADD KEY `produit_id_idx` (`produit_id`);

--
-- Index pour la table `course`
--
ALTER TABLE `course`
 ADD PRIMARY KEY (`id`), ADD KEY `subject_id_idx` (`subject_id`), ADD KEY `traininginfo_id_idx` (`traininginfo_id`);

--
-- Index pour la table `datas`
--
ALTER TABLE `datas`
 ADD PRIMARY KEY (`id`), ADD KEY `etudiant_id_idx` (`etudiant_id`), ADD KEY `lesson_id_idx` (`lesson_id`);

--
-- Index pour la table `delay`
--
ALTER TABLE `delay`
 ADD PRIMARY KEY (`id`), ADD KEY `datas_id_idx` (`datas_id`);

--
-- Index pour la table `devoir`
--
ALTER TABLE `devoir`
 ADD PRIMARY KEY (`id`), ADD KEY `evaluation_id_idx` (`evaluation_id`);

--
-- Index pour la table `devoirlesson`
--
ALTER TABLE `devoirlesson`
 ADD PRIMARY KEY (`id`), ADD KEY `devoir_id_idx` (`devoir_id`), ADD KEY `lesson_id_idx` (`lesson_id`);

--
-- Index pour la table `disponibilite`
--
ALTER TABLE `disponibilite`
 ADD PRIMARY KEY (`id`), ADD KEY `teacher_id_idx` (`teacher_id`);

--
-- Index pour la table `etudiant`
--
ALTER TABLE `etudiant`
 ADD PRIMARY KEY (`id`);

--
-- Index pour la table `evaluation`
--
ALTER TABLE `evaluation`
 ADD PRIMARY KEY (`id`), ADD UNIQUE KEY `course_id` (`course_id`), ADD KEY `course_id_idx` (`course_id`), ADD KEY `groupe_id_idx` (`groupe_id`), ADD KEY `teacher_id_idx` (`teacher_id`);

--
-- Index pour la table `groupe`
--
ALTER TABLE `groupe`
 ADD PRIMARY KEY (`id`);

--
-- Index pour la table `ingroup`
--
ALTER TABLE `ingroup`
 ADD PRIMARY KEY (`id`), ADD KEY `etudiant_id_idx` (`etudiant_id`), ADD KEY `groupe_id_idx` (`groupe_id`);

--
-- Index pour la table `knoweval`
--
ALTER TABLE `knoweval`
 ADD PRIMARY KEY (`id`), ADD KEY `evaluation_id_idx` (`evaluation_id`), ADD KEY `teacher_id_idx` (`teacher_id`);

--
-- Index pour la table `lesson`
--
ALTER TABLE `lesson`
 ADD PRIMARY KEY (`id`), ADD KEY `course_id_idx` (`course_id`), ADD KEY `groupe_id_idx` (`groupe_id`), ADD KEY `room_id_idx` (`room_id`), ADD KEY `teacher_id_idx` (`teacher_id`);

--
-- Index pour la table `news`
--
ALTER TABLE `news`
 ADD PRIMARY KEY (`id`);

--
-- Index pour la table `note`
--
ALTER TABLE `note`
 ADD PRIMARY KEY (`id`), ADD KEY `etudiant_id_idx` (`etudiant_id`), ADD KEY `devoir_id_idx` (`devoir_id`);

--
-- Index pour la table `planning`
--
ALTER TABLE `planning`
 ADD PRIMARY KEY (`id`), ADD KEY `teacher_id_idx` (`teacher_id`), ADD KEY `course_id_idx` (`course_id`);

--
-- Index pour la table `produit`
--
ALTER TABLE `produit`
 ADD PRIMARY KEY (`id`);

--
-- Index pour la table `pwdabsence`
--
ALTER TABLE `pwdabsence`
 ADD PRIMARY KEY (`id`);

--
-- Index pour la table `room`
--
ALTER TABLE `room`
 ADD PRIMARY KEY (`id`);

--
-- Index pour la table `sf_guard_forgot_password`
--
ALTER TABLE `sf_guard_forgot_password`
 ADD PRIMARY KEY (`id`), ADD KEY `user_id_idx` (`user_id`);

--
-- Index pour la table `sf_guard_group`
--
ALTER TABLE `sf_guard_group`
 ADD PRIMARY KEY (`id`), ADD UNIQUE KEY `name` (`name`);

--
-- Index pour la table `sf_guard_group_permission`
--
ALTER TABLE `sf_guard_group_permission`
 ADD PRIMARY KEY (`group_id`,`permission_id`), ADD KEY `sf_guard_group_permission_permission_id_sf_guard_permission_id` (`permission_id`);

--
-- Index pour la table `sf_guard_permission`
--
ALTER TABLE `sf_guard_permission`
 ADD PRIMARY KEY (`id`), ADD UNIQUE KEY `name` (`name`);

--
-- Index pour la table `sf_guard_remember_key`
--
ALTER TABLE `sf_guard_remember_key`
 ADD PRIMARY KEY (`id`), ADD KEY `user_id_idx` (`user_id`);

--
-- Index pour la table `sf_guard_user`
--
ALTER TABLE `sf_guard_user`
 ADD PRIMARY KEY (`id`), ADD UNIQUE KEY `email_address` (`email_address`), ADD UNIQUE KEY `username` (`username`), ADD KEY `is_active_idx_idx` (`is_active`);

--
-- Index pour la table `sf_guard_user_group`
--
ALTER TABLE `sf_guard_user_group`
 ADD PRIMARY KEY (`user_id`,`group_id`), ADD KEY `sf_guard_user_group_group_id_sf_guard_group_id` (`group_id`);

--
-- Index pour la table `sf_guard_user_permission`
--
ALTER TABLE `sf_guard_user_permission`
 ADD PRIMARY KEY (`user_id`,`permission_id`), ADD KEY `sf_guard_user_permission_permission_id_sf_guard_permission_id` (`permission_id`);

--
-- Index pour la table `subject`
--
ALTER TABLE `subject`
 ADD PRIMARY KEY (`id`);

--
-- Index pour la table `teacher`
--
ALTER TABLE `teacher`
 ADD PRIMARY KEY (`id`), ADD UNIQUE KEY `shortname` (`shortname`);

--
-- Index pour la table `traininginfo`
--
ALTER TABLE `traininginfo`
 ADD PRIMARY KEY (`id`);

--
-- Index pour la table `utilisateurcrous`
--
ALTER TABLE `utilisateurcrous`
 ADD PRIMARY KEY (`id`);

--
-- Index pour la table `week`
--
ALTER TABLE `week`
 ADD PRIMARY KEY (`id`), ADD UNIQUE KEY `dept` (`dept`);

--
-- Index pour la table `weekcomment`
--
ALTER TABLE `weekcomment`
 ADD PRIMARY KEY (`id`), ADD KEY `teacher_id_idx` (`teacher_id`);

--
-- AUTO_INCREMENT pour les tables exportées
--

--
-- AUTO_INCREMENT pour la table `absence`
--
ALTER TABLE `absence`
MODIFY `id` bigint(20) NOT NULL AUTO_INCREMENT,AUTO_INCREMENT=15529;
--
-- AUTO_INCREMENT pour la table `boss`
--
ALTER TABLE `boss`
MODIFY `id` bigint(20) NOT NULL AUTO_INCREMENT,AUTO_INCREMENT=3416;
--
-- AUTO_INCREMENT pour la table `coefficient`
--
ALTER TABLE `coefficient`
MODIFY `id` bigint(20) NOT NULL AUTO_INCREMENT,AUTO_INCREMENT=83;
--
-- AUTO_INCREMENT pour la table `commande`
--
ALTER TABLE `commande`
MODIFY `id` bigint(20) NOT NULL AUTO_INCREMENT;
--
-- AUTO_INCREMENT pour la table `course`
--
ALTER TABLE `course`
MODIFY `id` bigint(20) NOT NULL AUTO_INCREMENT,AUTO_INCREMENT=63030;
--
-- AUTO_INCREMENT pour la table `datas`
--
ALTER TABLE `datas`
MODIFY `id` bigint(20) NOT NULL AUTO_INCREMENT,AUTO_INCREMENT=16008;
--
-- AUTO_INCREMENT pour la table `delay`
--
ALTER TABLE `delay`
MODIFY `id` bigint(20) NOT NULL AUTO_INCREMENT,AUTO_INCREMENT=479;
--
-- AUTO_INCREMENT pour la table `devoir`
--
ALTER TABLE `devoir`
MODIFY `id` bigint(20) NOT NULL AUTO_INCREMENT,AUTO_INCREMENT=16;
--
-- AUTO_INCREMENT pour la table `devoirlesson`
--
ALTER TABLE `devoirlesson`
MODIFY `id` bigint(20) NOT NULL AUTO_INCREMENT;
--
-- AUTO_INCREMENT pour la table `disponibilite`
--
ALTER TABLE `disponibilite`
MODIFY `id` bigint(20) NOT NULL AUTO_INCREMENT,AUTO_INCREMENT=767;
--
-- AUTO_INCREMENT pour la table `etudiant`
--
ALTER TABLE `etudiant`
MODIFY `id` bigint(20) NOT NULL AUTO_INCREMENT,AUTO_INCREMENT=215;
--
-- AUTO_INCREMENT pour la table `evaluation`
--
ALTER TABLE `evaluation`
MODIFY `id` bigint(20) NOT NULL AUTO_INCREMENT,AUTO_INCREMENT=8;
--
-- AUTO_INCREMENT pour la table `groupe`
--
ALTER TABLE `groupe`
MODIFY `id` bigint(20) NOT NULL AUTO_INCREMENT,AUTO_INCREMENT=5030;
--
-- AUTO_INCREMENT pour la table `ingroup`
--
ALTER TABLE `ingroup`
MODIFY `id` bigint(20) NOT NULL AUTO_INCREMENT,AUTO_INCREMENT=938;
--
-- AUTO_INCREMENT pour la table `knoweval`
--
ALTER TABLE `knoweval`
MODIFY `id` bigint(20) NOT NULL AUTO_INCREMENT,AUTO_INCREMENT=14;
--
-- AUTO_INCREMENT pour la table `lesson`
--
ALTER TABLE `lesson`
MODIFY `id` bigint(20) NOT NULL AUTO_INCREMENT,AUTO_INCREMENT=23182;
--
-- AUTO_INCREMENT pour la table `news`
--
ALTER TABLE `news`
MODIFY `id` bigint(20) NOT NULL AUTO_INCREMENT;
--
-- AUTO_INCREMENT pour la table `note`
--
ALTER TABLE `note`
MODIFY `id` bigint(20) NOT NULL AUTO_INCREMENT,AUTO_INCREMENT=1069;
--
-- AUTO_INCREMENT pour la table `planning`
--
ALTER TABLE `planning`
MODIFY `id` bigint(20) NOT NULL AUTO_INCREMENT,AUTO_INCREMENT=7716;
--
-- AUTO_INCREMENT pour la table `produit`
--
ALTER TABLE `produit`
MODIFY `id` bigint(20) NOT NULL AUTO_INCREMENT,AUTO_INCREMENT=38;
--
-- AUTO_INCREMENT pour la table `pwdabsence`
--
ALTER TABLE `pwdabsence`
MODIFY `id` bigint(20) NOT NULL AUTO_INCREMENT,AUTO_INCREMENT=5;
--
-- AUTO_INCREMENT pour la table `room`
--
ALTER TABLE `room`
MODIFY `id` bigint(20) NOT NULL AUTO_INCREMENT,AUTO_INCREMENT=3062;
--
-- AUTO_INCREMENT pour la table `sf_guard_forgot_password`
--
ALTER TABLE `sf_guard_forgot_password`
MODIFY `id` bigint(20) NOT NULL AUTO_INCREMENT;
--
-- AUTO_INCREMENT pour la table `sf_guard_group`
--
ALTER TABLE `sf_guard_group`
MODIFY `id` bigint(20) NOT NULL AUTO_INCREMENT,AUTO_INCREMENT=7;
--
-- AUTO_INCREMENT pour la table `sf_guard_permission`
--
ALTER TABLE `sf_guard_permission`
MODIFY `id` bigint(20) NOT NULL AUTO_INCREMENT,AUTO_INCREMENT=15;
--
-- AUTO_INCREMENT pour la table `sf_guard_remember_key`
--
ALTER TABLE `sf_guard_remember_key`
MODIFY `id` bigint(20) NOT NULL AUTO_INCREMENT,AUTO_INCREMENT=4958;
--
-- AUTO_INCREMENT pour la table `sf_guard_user`
--
ALTER TABLE `sf_guard_user`
MODIFY `id` bigint(20) NOT NULL AUTO_INCREMENT,AUTO_INCREMENT=4219;
--
-- AUTO_INCREMENT pour la table `subject`
--
ALTER TABLE `subject`
MODIFY `id` bigint(20) NOT NULL AUTO_INCREMENT,AUTO_INCREMENT=63025;
--
-- AUTO_INCREMENT pour la table `teacher`
--
ALTER TABLE `teacher`
MODIFY `id` bigint(20) NOT NULL AUTO_INCREMENT,AUTO_INCREMENT=4223;
--
-- AUTO_INCREMENT pour la table `traininginfo`
--
ALTER TABLE `traininginfo`
MODIFY `id` bigint(20) NOT NULL AUTO_INCREMENT,AUTO_INCREMENT=63004;
--
-- AUTO_INCREMENT pour la table `utilisateurcrous`
--
ALTER TABLE `utilisateurcrous`
MODIFY `id` bigint(20) NOT NULL AUTO_INCREMENT,AUTO_INCREMENT=3;
--
-- AUTO_INCREMENT pour la table `week`
--
ALTER TABLE `week`
MODIFY `id` bigint(20) NOT NULL AUTO_INCREMENT,AUTO_INCREMENT=7;
--
-- AUTO_INCREMENT pour la table `weekcomment`
--
ALTER TABLE `weekcomment`
MODIFY `id` bigint(20) NOT NULL AUTO_INCREMENT,AUTO_INCREMENT=32;
--
-- Contraintes pour les tables exportées
--

--
-- Contraintes pour la table `absence`
--
ALTER TABLE `absence`
ADD CONSTRAINT `absenceFK` FOREIGN KEY (`datas_id`) REFERENCES `datas` (`id`) ON DELETE CASCADE;

--
-- Contraintes pour la table `boss`
--
ALTER TABLE `boss`
ADD CONSTRAINT `boss_groupe_id_groupe_id` FOREIGN KEY (`groupe_id`) REFERENCES `groupe` (`id`),
ADD CONSTRAINT `boss_teacher_id_teacher_id` FOREIGN KEY (`teacher_id`) REFERENCES `teacher` (`id`) ON DELETE CASCADE;

--
-- Contraintes pour la table `course`
--
ALTER TABLE `course`
ADD CONSTRAINT `course_subject_id_subject_id` FOREIGN KEY (`subject_id`) REFERENCES `subject` (`id`),
ADD CONSTRAINT `course_traininginfo_id_traininginfo_id` FOREIGN KEY (`traininginfo_id`) REFERENCES `traininginfo` (`id`);

--
-- Contraintes pour la table `datas`
--
ALTER TABLE `datas`
ADD CONSTRAINT `datasFK` FOREIGN KEY (`etudiant_id`) REFERENCES `etudiant` (`id`) ON DELETE CASCADE;

--
-- Contraintes pour la table `delay`
--
ALTER TABLE `delay`
ADD CONSTRAINT `retardFK` FOREIGN KEY (`datas_id`) REFERENCES `datas` (`id`) ON DELETE CASCADE;

--
-- Contraintes pour la table `devoir`
--
ALTER TABLE `devoir`
ADD CONSTRAINT `devoir_evaluation_id_evaluation_id` FOREIGN KEY (`evaluation_id`) REFERENCES `evaluation` (`id`);

--
-- Contraintes pour la table `devoirlesson`
--
ALTER TABLE `devoirlesson`
ADD CONSTRAINT `devoirlesson_devoir_id_devoir_id` FOREIGN KEY (`devoir_id`) REFERENCES `devoir` (`id`),
ADD CONSTRAINT `devoirlesson_lesson_id_lesson_id` FOREIGN KEY (`lesson_id`) REFERENCES `lesson` (`id`);

--
-- Contraintes pour la table `disponibilite`
--
ALTER TABLE `disponibilite`
ADD CONSTRAINT `disponibilite_teacher_id_teacher_id` FOREIGN KEY (`teacher_id`) REFERENCES `teacher` (`id`) ON DELETE CASCADE;

--
-- Contraintes pour la table `evaluation`
--
ALTER TABLE `evaluation`
ADD CONSTRAINT `evaluation_course_id_course_id` FOREIGN KEY (`course_id`) REFERENCES `course` (`id`),
ADD CONSTRAINT `evaluation_groupe_id_groupe_id` FOREIGN KEY (`groupe_id`) REFERENCES `groupe` (`id`),
ADD CONSTRAINT `evaluation_teacher_id_teacher_id` FOREIGN KEY (`teacher_id`) REFERENCES `teacher` (`id`) ON DELETE CASCADE;

--
-- Contraintes pour la table `ingroup`
--
ALTER TABLE `ingroup`
ADD CONSTRAINT `ingroupFK` FOREIGN KEY (`etudiant_id`) REFERENCES `etudiant` (`id`) ON DELETE CASCADE;

--
-- Contraintes pour la table `knoweval`
--
ALTER TABLE `knoweval`
ADD CONSTRAINT `knoweval_evaluation_id_evaluation_id` FOREIGN KEY (`evaluation_id`) REFERENCES `evaluation` (`id`),
ADD CONSTRAINT `knoweval_teacher_id_teacher_id` FOREIGN KEY (`teacher_id`) REFERENCES `teacher` (`id`) ON DELETE CASCADE;

--
-- Contraintes pour la table `lesson`
--
ALTER TABLE `lesson`
ADD CONSTRAINT `lesson_groupe_id_groupe_id` FOREIGN KEY (`groupe_id`) REFERENCES `groupe` (`id`),
ADD CONSTRAINT `lesson_ibfk_1` FOREIGN KEY (`course_id`) REFERENCES `course` (`id`),
ADD CONSTRAINT `lesson_room_id_room_id` FOREIGN KEY (`room_id`) REFERENCES `room` (`id`),
ADD CONSTRAINT `lesson_teacher_id_teacher_id` FOREIGN KEY (`teacher_id`) REFERENCES `teacher` (`id`) ON DELETE CASCADE;

--
-- Contraintes pour la table `note`
--
ALTER TABLE `note`
ADD CONSTRAINT `note_devoir_id_devoir_id` FOREIGN KEY (`devoir_id`) REFERENCES `devoir` (`id`),
ADD CONSTRAINT `note_etudiant_id_etudiant_id` FOREIGN KEY (`etudiant_id`) REFERENCES `etudiant` (`id`) ON DELETE CASCADE;

--
-- Contraintes pour la table `planning`
--
ALTER TABLE `planning`
ADD CONSTRAINT `planning_course_id_course_id` FOREIGN KEY (`course_id`) REFERENCES `course` (`id`),
ADD CONSTRAINT `planning_teacher_id_teacher_id` FOREIGN KEY (`teacher_id`) REFERENCES `teacher` (`id`) ON DELETE CASCADE;

--
-- Contraintes pour la table `sf_guard_forgot_password`
--
ALTER TABLE `sf_guard_forgot_password`
ADD CONSTRAINT `sf_guard_forgot_password_user_id_sf_guard_user_id` FOREIGN KEY (`user_id`) REFERENCES `sf_guard_user` (`id`) ON DELETE CASCADE;

--
-- Contraintes pour la table `sf_guard_group_permission`
--
ALTER TABLE `sf_guard_group_permission`
ADD CONSTRAINT `sf_guard_group_permission_group_id_sf_guard_group_id` FOREIGN KEY (`group_id`) REFERENCES `sf_guard_group` (`id`) ON DELETE CASCADE,
ADD CONSTRAINT `sf_guard_group_permission_permission_id_sf_guard_permission_id` FOREIGN KEY (`permission_id`) REFERENCES `sf_guard_permission` (`id`) ON DELETE CASCADE;

--
-- Contraintes pour la table `sf_guard_remember_key`
--
ALTER TABLE `sf_guard_remember_key`
ADD CONSTRAINT `sf_guard_remember_key_user_id_sf_guard_user_id` FOREIGN KEY (`user_id`) REFERENCES `sf_guard_user` (`id`) ON DELETE CASCADE;

--
-- Contraintes pour la table `sf_guard_user_group`
--
ALTER TABLE `sf_guard_user_group`
ADD CONSTRAINT `sf_guard_user_group_group_id_sf_guard_group_id` FOREIGN KEY (`group_id`) REFERENCES `sf_guard_group` (`id`) ON DELETE CASCADE,
ADD CONSTRAINT `sf_guard_user_group_user_id_sf_guard_user_id` FOREIGN KEY (`user_id`) REFERENCES `sf_guard_user` (`id`) ON DELETE CASCADE;

--
-- Contraintes pour la table `sf_guard_user_permission`
--
ALTER TABLE `sf_guard_user_permission`
ADD CONSTRAINT `sf_guard_user_permission_permission_id_sf_guard_permission_id` FOREIGN KEY (`permission_id`) REFERENCES `sf_guard_permission` (`id`) ON DELETE CASCADE,
ADD CONSTRAINT `sf_guard_user_permission_user_id_sf_guard_user_id` FOREIGN KEY (`user_id`) REFERENCES `sf_guard_user` (`id`) ON DELETE CASCADE;

--
-- Contraintes pour la table `weekcomment`
--
ALTER TABLE `weekcomment`
ADD CONSTRAINT `weekcomment_teacher_id_teacher_id` FOREIGN KEY (`teacher_id`) REFERENCES `teacher` (`id`) ON DELETE CASCADE;

/*!40101 SET CHARACTER_SET_CLIENT=@OLD_CHARACTER_SET_CLIENT */;
/*!40101 SET CHARACTER_SET_RESULTS=@OLD_CHARACTER_SET_RESULTS */;
/*!40101 SET COLLATION_CONNECTION=@OLD_COLLATION_CONNECTION */;
